txn_id,date,store,kind,amount
1,2026-04-01,Amsterdam,sale,31.74
2,2026-04-01,Amsterdam,sale,17.47
3,2026-04-01,Amsterdam,sale,61.91
4,2026-04-01,Amsterdam,sale,162.42
5,2026-04-01,Amsterdam,sale,106.38
6,2026-04-01,Amsterdam,sale,96.46
7,2026-04-01,Amsterdam,sale,114.41
8,2026-04-01,Amsterdam,sale,52.3
9,2026-04-01,Amsterdam,sale,81.25
10,2026-04-01,Amsterdam,sale,92.66
11,2026-04-01,Amsterdam,sale,101.18
12,2026-04-01,Amsterdam,sale,27.18
13,2026-04-01,Amsterdam,sale,171.23
14,2026-04-01,Amsterdam,sale,125.03
15,2026-04-01,Amsterdam,sale,40.6
16,2026-04-01,Amsterdam,refund,-62.75
17,2026-04-01,Amsterdam,sale,131.25
18,2026-04-01,Amsterdam,sale,88.83
19,2026-04-01,Amsterdam,sale,16.27
20,2026-04-01,Amsterdam,sale,71.81
21,2026-04-01,Amsterdam,sale,85.16
22,2026-04-01,Amsterdam,sale,90.81
23,2026-04-01,Amsterdam,sale,19.08
24,2026-04-01,Amsterdam,sale,167.75
25,2026-04-01,Amsterdam,sale,36.24
26,2026-04-01,Berlin,sale,147.92
27,2026-04-01,Berlin,sale,140.61
28,2026-04-01,Berlin,sale,175.09
29,2026-04-01,Berlin,sale,94.22
30,2026-04-01,Berlin,sale,27.72
31,2026-04-01,Berlin,sale,178.77
32,2026-04-01,Berlin,sale,147.1
33,2026-04-01,Berlin,sale,69.26
34,2026-04-01,Berlin,sale,33.92
35,2026-04-01,Berlin,sale,108.53
36,2026-04-01,Berlin,sale,107.59
37,2026-04-01,Berlin,sale,151.72
38,2026-04-01,Berlin,sale,177.55
39,2026-04-01,Berlin,sale,96.11
40,2026-04-01,Berlin,sale,98.73
41,2026-04-01,Berlin,sale,158.94
42,2026-04-01,Berlin,sale,70.74
43,2026-04-01,Berlin,sale,88.06
44,2026-04-01,Berlin,sale,33.81
45,2026-04-01,Berlin,sale,66.05
46,2026-04-01,Berlin,sale,165.12
47,2026-04-01,Berlin,sale,81.2
48,2026-04-01,Berlin,sale,93.48
49,2026-04-01,Berlin,sale,58.97
50,2026-04-01,Berlin,sale,52.24
51,2026-04-01,Berlin,sale,45.19
52,2026-04-01,Berlin,sale,139.99
53,2026-04-01,Berlin,sale,22.16
54,2026-04-01,Berlin,sale,26.69
55,2026-04-01,Berlin,sale,22.86
56,2026-04-01,Berlin,sale,14.33
57,2026-04-01,Berlin,sale,28.08
58,2026-04-01,Berlin,sale,103.99
59,2026-04-01,Berlin,sale,144.8
60,2026-04-01,Berlin,sale,122.88
61,2026-04-01,Berlin,sale,105.25
62,2026-04-01,Berlin,sale,63.05
63,2026-04-01,Berlin,sale,102.29
64,2026-04-01,Berlin,sale,22.41
65,2026-04-01,Berlin,sale,63.42
66,2026-04-01,Berlin,sale,117.11
67,2026-04-01,Berlin,sale,112.26
68,2026-04-01,Berlin,sale,151.52
69,2026-04-01,Berlin,sale,46.33
70,2026-04-01,Berlin,sale,106.11
71,2026-04-01,Copenhagen,sale,138.94
72,2026-04-01,Copenhagen,sale,139.15
73,2026-04-01,Copenhagen,sale,119.82
74,2026-04-01,Copenhagen,sale,167.49
75,2026-04-01,Copenhagen,sale,49.51
76,2026-04-01,Copenhagen,sale,89.28
77,2026-04-01,Copenhagen,sale,34.66
78,2026-04-01,Copenhagen,sale,131.62
79,2026-04-01,Copenhagen,refund,-60.04
80,2026-04-01,Copenhagen,sale,174.17
81,2026-04-01,Copenhagen,sale,133.45
82,2026-04-01,Copenhagen,sale,151.85
83,2026-04-01,Copenhagen,sale,19.15
84,2026-04-01,Copenhagen,sale,114.8
85,2026-04-01,Copenhagen,sale,49.52
86,2026-04-01,Dublin,sale,52.89
87,2026-04-01,Dublin,sale,6.1
88,2026-04-01,Dublin,sale,134.27
89,2026-04-01,Dublin,sale,116.03
90,2026-04-01,Dublin,sale,55.72
91,2026-04-01,Dublin,sale,153.73
92,2026-04-01,Dublin,sale,64.73
93,2026-04-01,Dublin,sale,90.72
94,2026-04-01,Dublin,sale,8.95
95,2026-04-01,Dublin,sale,153.39
96,2026-04-01,Dublin,sale,178.87
97,2026-04-01,Dublin,sale,169.83
98,2026-04-01,Dublin,sale,170.35
99,2026-04-01,Dublin,sale,23.32
100,2026-04-01,Dublin,refund,-42.48
101,2026-04-01,Dublin,sale,120.25
102,2026-04-01,Dublin,sale,166.86
103,2026-04-01,Dublin,sale,125.99
104,2026-04-01,Dublin,sale,68.87
105,2026-04-01,Dublin,sale,151.7
106,2026-04-01,Dublin,sale,154.57
107,2026-04-01,Dublin,sale,29.31
108,2026-04-01,Dublin,sale,81.35
109,2026-04-01,Edinburgh,sale,112.86
110,2026-04-01,Edinburgh,refund,-24.18
111,2026-04-01,Edinburgh,sale,59.03
112,2026-04-01,Edinburgh,sale,103.68
113,2026-04-01,Edinburgh,sale,178.55
114,2026-04-01,Edinburgh,sale,154.41
115,2026-04-01,Edinburgh,sale,24.88
116,2026-04-01,Edinburgh,sale,67.17
117,2026-04-01,Edinburgh,sale,36.49
118,2026-04-01,Edinburgh,sale,125.04
119,2026-04-01,Edinburgh,sale,170.26
120,2026-04-01,Edinburgh,sale,83.57
121,2026-04-01,Edinburgh,refund,-16.73
122,2026-04-01,Edinburgh,sale,160.17
123,2026-04-01,Edinburgh,sale,134.48
124,2026-04-01,Edinburgh,sale,146.52
125,2026-04-01,Edinburgh,sale,86.52
126,2026-04-01,Edinburgh,sale,16.75
127,2026-04-01,Edinburgh,sale,178.82
128,2026-04-01,Edinburgh,sale,164.07
129,2026-04-01,Edinburgh,sale,93.06
130,2026-04-01,Edinburgh,sale,57.82
131,2026-04-01,Florence,sale,52.33
132,2026-04-01,Florence,sale,94.12
133,2026-04-01,Florence,sale,172.89
134,2026-04-01,Florence,refund,-95.56
135,2026-04-01,Florence,sale,17.89
136,2026-04-01,Florence,sale,8.44
137,2026-04-01,Florence,sale,126.54
138,2026-04-01,Florence,sale,174.48
139,2026-04-01,Florence,sale,162.6
140,2026-04-01,Florence,sale,87.3
141,2026-04-01,Florence,sale,15.31
142,2026-04-01,Florence,sale,128.11
143,2026-04-01,Florence,sale,39.28
144,2026-04-01,Florence,sale,70.26
145,2026-04-01,Florence,refund,-58.72
146,2026-04-01,Florence,sale,6.67
147,2026-04-01,Florence,sale,71.33
148,2026-04-01,Florence,sale,134.75
149,2026-04-01,Florence,sale,102.37
150,2026-04-01,Florence,sale,12.14
151,2026-04-02,Amsterdam,sale,131.68
152,2026-04-02,Amsterdam,sale,46.44
153,2026-04-02,Amsterdam,sale,113.33
154,2026-04-02,Amsterdam,sale,104.91
155,2026-04-02,Amsterdam,sale,39.25
156,2026-04-02,Amsterdam,sale,114.25
157,2026-04-02,Amsterdam,sale,127.14
158,2026-04-02,Amsterdam,sale,139.81
159,2026-04-02,Amsterdam,sale,166.47
160,2026-04-02,Amsterdam,sale,142.41
161,2026-04-02,Amsterdam,sale,120.3
162,2026-04-02,Amsterdam,sale,5.75
163,2026-04-02,Amsterdam,sale,140.63
164,2026-04-02,Amsterdam,sale,65.73
165,2026-04-02,Amsterdam,sale,18.33
166,2026-04-02,Amsterdam,refund,-50.66
167,2026-04-02,Amsterdam,sale,112.31
168,2026-04-02,Amsterdam,sale,90.31
169,2026-04-02,Amsterdam,sale,146.28
170,2026-04-02,Amsterdam,sale,67.94
171,2026-04-02,Amsterdam,sale,84.86
172,2026-04-02,Amsterdam,sale,49.24
173,2026-04-02,Amsterdam,sale,70.77
174,2026-04-02,Amsterdam,sale,6.86
175,2026-04-02,Amsterdam,sale,49.25
176,2026-04-02,Amsterdam,sale,82.86
177,2026-04-02,Amsterdam,sale,98.2
178,2026-04-02,Amsterdam,sale,5.8
179,2026-04-02,Amsterdam,sale,12.05
180,2026-04-02,Amsterdam,sale,108.59
181,2026-04-02,Amsterdam,sale,122.35
182,2026-04-02,Berlin,sale,122.09
183,2026-04-02,Berlin,sale,124.2
184,2026-04-02,Berlin,sale,74.68
185,2026-04-02,Berlin,sale,159.33
186,2026-04-02,Berlin,sale,44.67
187,2026-04-02,Berlin,sale,96.93
188,2026-04-02,Berlin,sale,80.84
189,2026-04-02,Berlin,sale,87.07
190,2026-04-02,Berlin,sale,166.69
191,2026-04-02,Berlin,sale,147.78
192,2026-04-02,Berlin,sale,52.88
193,2026-04-02,Berlin,sale,100.95
194,2026-04-02,Berlin,sale,57.86
195,2026-04-02,Berlin,sale,139.21
196,2026-04-02,Berlin,sale,12.61
197,2026-04-02,Berlin,sale,121.51
198,2026-04-02,Berlin,refund,-171.25
199,2026-04-02,Berlin,sale,109.79
200,2026-04-02,Berlin,sale,98.84
201,2026-04-02,Berlin,sale,53.46
202,2026-04-02,Berlin,sale,169.42
203,2026-04-02,Berlin,sale,19.56
204,2026-04-02,Berlin,sale,123.9
205,2026-04-02,Berlin,sale,110.02
206,2026-04-02,Berlin,sale,106.57
207,2026-04-02,Berlin,sale,92.01
208,2026-04-02,Berlin,sale,116.2
209,2026-04-02,Berlin,sale,85.42
210,2026-04-02,Berlin,sale,108.01
211,2026-04-02,Berlin,sale,111.73
212,2026-04-02,Berlin,sale,161.31
213,2026-04-02,Berlin,sale,103.44
214,2026-04-02,Berlin,sale,132.07
215,2026-04-02,Berlin,sale,22.89
216,2026-04-02,Berlin,sale,108.94
217,2026-04-02,Berlin,sale,146.11
218,2026-04-02,Berlin,sale,178.15
219,2026-04-02,Berlin,sale,9.88
220,2026-04-02,Berlin,sale,168.25
221,2026-04-02,Berlin,sale,16.22
222,2026-04-02,Berlin,sale,152.34
223,2026-04-02,Berlin,sale,5.71
224,2026-04-02,Berlin,sale,125.73
225,2026-04-02,Berlin,sale,165.18
226,2026-04-02,Berlin,sale,39.46
227,2026-04-02,Berlin,sale,166.63
228,2026-04-02,Berlin,sale,50.54
229,2026-04-02,Berlin,sale,140.17
230,2026-04-02,Copenhagen,sale,41.02
231,2026-04-02,Copenhagen,refund,-27.61
232,2026-04-02,Copenhagen,sale,83.44
233,2026-04-02,Copenhagen,sale,80.83
234,2026-04-02,Copenhagen,sale,76.03
235,2026-04-02,Copenhagen,sale,6.76
236,2026-04-02,Copenhagen,sale,12.65
237,2026-04-02,Copenhagen,sale,131.22
238,2026-04-02,Copenhagen,sale,98.28
239,2026-04-02,Copenhagen,sale,106.82
240,2026-04-02,Copenhagen,sale,144.22
241,2026-04-02,Copenhagen,sale,71.95
242,2026-04-02,Copenhagen,sale,141.39
243,2026-04-02,Dublin,sale,101.23
244,2026-04-02,Dublin,sale,153.48
245,2026-04-02,Dublin,sale,153.91
246,2026-04-02,Dublin,sale,115.25
247,2026-04-02,Dublin,sale,11.54
248,2026-04-02,Dublin,sale,146.84
249,2026-04-02,Dublin,sale,80.45
250,2026-04-02,Dublin,sale,129.21
251,2026-04-02,Dublin,refund,-121.52
252,2026-04-02,Dublin,sale,24.24
253,2026-04-02,Dublin,sale,152.81
254,2026-04-02,Dublin,sale,85.84
255,2026-04-02,Dublin,sale,137.4
256,2026-04-02,Dublin,sale,177.96
257,2026-04-02,Dublin,sale,18.78
258,2026-04-02,Dublin,sale,153.1
259,2026-04-02,Dublin,sale,58.46
260,2026-04-02,Dublin,sale,81.34
261,2026-04-02,Dublin,sale,105.11
262,2026-04-02,Dublin,sale,12.17
263,2026-04-02,Dublin,sale,136.1
264,2026-04-02,Dublin,sale,99.83
265,2026-04-02,Dublin,sale,151.23
266,2026-04-02,Dublin,sale,5.34
267,2026-04-02,Dublin,sale,100.37
268,2026-04-02,Dublin,sale,122.04
269,2026-04-02,Dublin,sale,48.24
270,2026-04-02,Dublin,sale,171.87
271,2026-04-02,Dublin,sale,117.97
272,2026-04-02,Dublin,sale,138.05
273,2026-04-02,Edinburgh,sale,10.45
274,2026-04-02,Edinburgh,sale,142.65
275,2026-04-02,Edinburgh,sale,10.15
276,2026-04-02,Edinburgh,sale,174.83
277,2026-04-02,Edinburgh,sale,93.21
278,2026-04-02,Edinburgh,sale,31.57
279,2026-04-02,Edinburgh,sale,110.96
280,2026-04-02,Edinburgh,sale,9.45
281,2026-04-02,Edinburgh,sale,64.46
282,2026-04-02,Edinburgh,sale,130.9
283,2026-04-02,Edinburgh,sale,98.31
284,2026-04-02,Edinburgh,sale,19.18
285,2026-04-02,Edinburgh,sale,160.85
286,2026-04-02,Edinburgh,refund,-81.0
287,2026-04-02,Edinburgh,sale,90.98
288,2026-04-02,Florence,sale,54.05
289,2026-04-02,Florence,sale,70.52
290,2026-04-02,Florence,sale,115.06
291,2026-04-02,Florence,sale,177.66
292,2026-04-02,Florence,sale,170.51
293,2026-04-02,Florence,sale,96.01
294,2026-04-02,Florence,sale,106.8
295,2026-04-02,Florence,sale,129.86
296,2026-04-02,Florence,sale,114.86
297,2026-04-02,Florence,sale,9.92
298,2026-04-02,Florence,sale,90.31
299,2026-04-02,Florence,sale,156.51
300,2026-04-02,Florence,sale,6.36
301,2026-04-02,Florence,sale,59.33
302,2026-04-02,Florence,sale,58.3
303,2026-04-02,Florence,sale,142.67
304,2026-04-02,Florence,sale,45.62
305,2026-04-02,Florence,sale,110.43
306,2026-04-02,Florence,sale,42.83
307,2026-04-02,Florence,sale,172.61
308,2026-04-02,Florence,sale,32.11
309,2026-04-02,Florence,sale,133.35
310,2026-04-02,Florence,sale,105.41
311,2026-04-02,Florence,sale,141.08
312,2026-04-02,Florence,sale,153.82
313,2026-04-03,Amsterdam,sale,133.59
314,2026-04-03,Amsterdam,sale,106.18
315,2026-04-03,Amsterdam,sale,40.66
316,2026-04-03,Amsterdam,sale,149.2
317,2026-04-03,Amsterdam,sale,81.28
318,2026-04-03,Amsterdam,refund,-99.52
319,2026-04-03,Amsterdam,sale,17.02
320,2026-04-03,Amsterdam,refund,-78.5
321,2026-04-03,Amsterdam,sale,71.65
322,2026-04-03,Amsterdam,refund,-178.4
323,2026-04-03,Amsterdam,sale,64.1
324,2026-04-03,Amsterdam,sale,131.45
325,2026-04-03,Amsterdam,sale,174.23
326,2026-04-03,Amsterdam,sale,176.25
327,2026-04-03,Amsterdam,sale,83.46
328,2026-04-03,Amsterdam,sale,142.48
329,2026-04-03,Amsterdam,sale,106.17
330,2026-04-03,Amsterdam,sale,71.89
331,2026-04-03,Amsterdam,sale,105.19
332,2026-04-03,Amsterdam,sale,34.52
333,2026-04-03,Amsterdam,sale,158.45
334,2026-04-03,Amsterdam,sale,54.21
335,2026-04-03,Amsterdam,sale,63.63
336,2026-04-03,Amsterdam,sale,38.73
337,2026-04-03,Amsterdam,sale,166.1
338,2026-04-03,Amsterdam,sale,139.89
339,2026-04-03,Amsterdam,sale,106.03
340,2026-04-03,Amsterdam,sale,97.12
341,2026-04-03,Amsterdam,sale,79.28
342,2026-04-03,Amsterdam,sale,109.43
343,2026-04-03,Berlin,sale,63.42
344,2026-04-03,Berlin,sale,21.72
345,2026-04-03,Berlin,sale,45.15
346,2026-04-03,Berlin,sale,121.9
347,2026-04-03,Berlin,sale,54.69
348,2026-04-03,Berlin,sale,158.71
349,2026-04-03,Berlin,sale,39.47
350,2026-04-03,Berlin,sale,36.54
351,2026-04-03,Berlin,sale,111.73
352,2026-04-03,Berlin,sale,88.14
353,2026-04-03,Berlin,sale,109.09
354,2026-04-03,Berlin,sale,140.48
355,2026-04-03,Berlin,sale,68.28
356,2026-04-03,Berlin,sale,148.78
357,2026-04-03,Berlin,sale,117.36
358,2026-04-03,Berlin,sale,113.2
359,2026-04-03,Berlin,sale,135.36
360,2026-04-03,Berlin,sale,143.97
361,2026-04-03,Berlin,sale,135.8
362,2026-04-03,Berlin,sale,178.17
363,2026-04-03,Berlin,sale,108.2
364,2026-04-03,Berlin,refund,-120.03
365,2026-04-03,Berlin,sale,10.71
366,2026-04-03,Berlin,sale,71.09
367,2026-04-03,Berlin,sale,40.48
368,2026-04-03,Berlin,sale,142.95
369,2026-04-03,Berlin,sale,142.42
370,2026-04-03,Berlin,sale,31.51
371,2026-04-03,Berlin,sale,23.13
372,2026-04-03,Berlin,sale,39.8
373,2026-04-03,Berlin,sale,62.11
374,2026-04-03,Berlin,sale,46.19
375,2026-04-03,Berlin,sale,87.24
376,2026-04-03,Berlin,sale,128.4
377,2026-04-03,Berlin,sale,95.08
378,2026-04-03,Berlin,sale,74.24
379,2026-04-03,Berlin,sale,33.48
380,2026-04-03,Berlin,sale,38.35
381,2026-04-03,Berlin,sale,48.19
382,2026-04-03,Berlin,sale,158.23
383,2026-04-03,Berlin,sale,23.57
384,2026-04-03,Berlin,sale,22.8
385,2026-04-03,Berlin,sale,26.97
386,2026-04-03,Berlin,sale,97.15
387,2026-04-03,Berlin,sale,108.35
388,2026-04-03,Berlin,sale,51.52
389,2026-04-03,Berlin,sale,47.9
390,2026-04-03,Berlin,sale,129.89
391,2026-04-03,Copenhagen,sale,120.5
392,2026-04-03,Copenhagen,sale,55.62
393,2026-04-03,Copenhagen,sale,165.07
394,2026-04-03,Copenhagen,sale,32.0
395,2026-04-03,Copenhagen,sale,91.58
396,2026-04-03,Copenhagen,sale,66.48
397,2026-04-03,Copenhagen,sale,166.68
398,2026-04-03,Copenhagen,sale,129.92
399,2026-04-03,Copenhagen,sale,52.24
400,2026-04-03,Copenhagen,refund,-139.72
401,2026-04-03,Copenhagen,sale,44.51
402,2026-04-03,Copenhagen,sale,57.05
403,2026-04-03,Dublin,sale,15.55
404,2026-04-03,Dublin,sale,60.07
405,2026-04-03,Dublin,sale,72.87
406,2026-04-03,Dublin,sale,86.54
407,2026-04-03,Dublin,sale,16.0
408,2026-04-03,Dublin,sale,8.99
409,2026-04-03,Dublin,sale,38.14
410,2026-04-03,Dublin,sale,168.2
411,2026-04-03,Dublin,sale,13.13
412,2026-04-03,Dublin,sale,165.03
413,2026-04-03,Dublin,sale,174.77
414,2026-04-03,Dublin,sale,147.47
415,2026-04-03,Dublin,sale,169.19
416,2026-04-03,Dublin,sale,115.72
417,2026-04-03,Dublin,sale,163.46
418,2026-04-03,Dublin,sale,133.25
419,2026-04-03,Dublin,refund,-91.98
420,2026-04-03,Dublin,sale,88.26
421,2026-04-03,Dublin,sale,60.57
422,2026-04-03,Dublin,sale,34.4
423,2026-04-03,Dublin,sale,105.32
424,2026-04-03,Dublin,sale,172.1
425,2026-04-03,Dublin,sale,99.83
426,2026-04-03,Dublin,sale,177.71
427,2026-04-03,Dublin,sale,138.68
428,2026-04-03,Edinburgh,sale,26.92
429,2026-04-03,Edinburgh,sale,13.21
430,2026-04-03,Edinburgh,sale,34.06
431,2026-04-03,Edinburgh,sale,127.26
432,2026-04-03,Edinburgh,sale,22.54
433,2026-04-03,Edinburgh,sale,67.27
434,2026-04-03,Edinburgh,sale,55.58
435,2026-04-03,Edinburgh,sale,91.37
436,2026-04-03,Edinburgh,sale,45.76
437,2026-04-03,Edinburgh,sale,56.81
438,2026-04-03,Edinburgh,sale,11.17
439,2026-04-03,Edinburgh,sale,164.91
440,2026-04-03,Edinburgh,sale,11.04
441,2026-04-03,Florence,sale,35.78
442,2026-04-03,Florence,sale,31.2
443,2026-04-03,Florence,sale,75.48
444,2026-04-03,Florence,sale,63.16
445,2026-04-03,Florence,sale,63.23
446,2026-04-03,Florence,sale,128.34
447,2026-04-03,Florence,sale,106.63
448,2026-04-03,Florence,sale,79.86
449,2026-04-03,Florence,sale,5.09
450,2026-04-03,Florence,sale,119.73
451,2026-04-03,Florence,sale,178.23
452,2026-04-03,Florence,sale,65.09
453,2026-04-03,Florence,sale,70.32
454,2026-04-03,Florence,sale,149.44
455,2026-04-03,Florence,sale,127.21
456,2026-04-03,Florence,sale,58.01
457,2026-04-03,Florence,sale,169.64
458,2026-04-03,Florence,sale,113.44
459,2026-04-03,Florence,sale,110.3
460,2026-04-03,Florence,sale,110.49
461,2026-04-03,Florence,sale,105.84
462,2026-04-03,Florence,sale,56.77
463,2026-04-03,Florence,sale,159.6
464,2026-04-03,Florence,sale,43.69
465,2026-04-03,Florence,sale,53.77
466,2026-04-03,Florence,sale,130.66
467,2026-04-04,Amsterdam,sale,119.22
468,2026-04-04,Amsterdam,sale,30.23
469,2026-04-04,Amsterdam,sale,116.15
470,2026-04-04,Amsterdam,sale,61.72
471,2026-04-04,Amsterdam,sale,120.07
472,2026-04-04,Amsterdam,sale,136.26
473,2026-04-04,Amsterdam,sale,118.22
474,2026-04-04,Amsterdam,sale,64.33
475,2026-04-04,Amsterdam,sale,65.97
476,2026-04-04,Amsterdam,sale,165.02
477,2026-04-04,Amsterdam,refund,-32.85
478,2026-04-04,Amsterdam,sale,14.75
479,2026-04-04,Amsterdam,sale,126.17
480,2026-04-04,Amsterdam,sale,173.59
481,2026-04-04,Amsterdam,sale,116.65
482,2026-04-04,Amsterdam,sale,12.36
483,2026-04-04,Amsterdam,sale,108.19
484,2026-04-04,Amsterdam,sale,103.25
485,2026-04-04,Amsterdam,sale,166.71
486,2026-04-04,Amsterdam,sale,19.16
487,2026-04-04,Amsterdam,sale,105.79
488,2026-04-04,Amsterdam,sale,105.51
489,2026-04-04,Amsterdam,sale,56.71
490,2026-04-04,Amsterdam,sale,103.51
491,2026-04-04,Amsterdam,sale,93.36
492,2026-04-04,Amsterdam,sale,135.5
493,2026-04-04,Amsterdam,sale,38.09
494,2026-04-04,Amsterdam,sale,38.48
495,2026-04-04,Amsterdam,sale,149.57
496,2026-04-04,Amsterdam,sale,76.67
497,2026-04-04,Berlin,sale,50.1
498,2026-04-04,Berlin,sale,130.99
499,2026-04-04,Berlin,sale,161.99
500,2026-04-04,Berlin,sale,123.64
501,2026-04-04,Berlin,sale,118.96
502,2026-04-04,Berlin,sale,179.92
503,2026-04-04,Berlin,sale,91.38
504,2026-04-04,Berlin,sale,66.33
505,2026-04-04,Berlin,sale,7.95
506,2026-04-04,Berlin,sale,176.47
507,2026-04-04,Berlin,sale,163.31
508,2026-04-04,Berlin,sale,153.52
509,2026-04-04,Berlin,sale,153.04
510,2026-04-04,Berlin,sale,80.29
511,2026-04-04,Berlin,sale,163.77
512,2026-04-04,Berlin,sale,5.56
513,2026-04-04,Berlin,sale,96.6
514,2026-04-04,Berlin,sale,88.92
515,2026-04-04,Berlin,sale,150.6
516,2026-04-04,Berlin,sale,13.96
517,2026-04-04,Berlin,sale,128.22
518,2026-04-04,Berlin,sale,18.58
519,2026-04-04,Berlin,refund,-105.05
520,2026-04-04,Berlin,sale,72.25
521,2026-04-04,Berlin,sale,139.16
522,2026-04-04,Berlin,sale,9.63
523,2026-04-04,Berlin,sale,120.68
524,2026-04-04,Berlin,sale,97.12
525,2026-04-04,Berlin,sale,128.51
526,2026-04-04,Berlin,sale,130.36
527,2026-04-04,Berlin,sale,23.87
528,2026-04-04,Berlin,sale,56.97
529,2026-04-04,Berlin,sale,66.56
530,2026-04-04,Berlin,sale,115.8
531,2026-04-04,Berlin,sale,90.72
532,2026-04-04,Berlin,sale,18.47
533,2026-04-04,Berlin,sale,139.92
534,2026-04-04,Berlin,sale,56.04
535,2026-04-04,Berlin,sale,108.31
536,2026-04-04,Berlin,sale,167.91
537,2026-04-04,Berlin,sale,14.38
538,2026-04-04,Berlin,sale,105.86
539,2026-04-04,Berlin,sale,175.53
540,2026-04-04,Berlin,sale,62.33
541,2026-04-04,Berlin,sale,81.69
542,2026-04-04,Berlin,sale,71.99
543,2026-04-04,Berlin,sale,77.83
544,2026-04-04,Berlin,sale,7.42
545,2026-04-04,Berlin,sale,164.81
546,2026-04-04,Copenhagen,sale,74.81
547,2026-04-04,Copenhagen,sale,72.16
548,2026-04-04,Copenhagen,sale,132.4
549,2026-04-04,Copenhagen,refund,-41.29
550,2026-04-04,Copenhagen,sale,99.38
551,2026-04-04,Copenhagen,sale,171.73
552,2026-04-04,Copenhagen,sale,131.98
553,2026-04-04,Copenhagen,sale,122.91
554,2026-04-04,Copenhagen,sale,19.57
555,2026-04-04,Copenhagen,sale,51.15
556,2026-04-04,Copenhagen,sale,121.15
557,2026-04-04,Copenhagen,sale,48.33
558,2026-04-04,Copenhagen,refund,-167.93
559,2026-04-04,Copenhagen,sale,67.18
560,2026-04-04,Dublin,sale,160.35
561,2026-04-04,Dublin,sale,30.92
562,2026-04-04,Dublin,sale,152.05
563,2026-04-04,Dublin,sale,161.72
564,2026-04-04,Dublin,sale,117.63
565,2026-04-04,Dublin,sale,146.82
566,2026-04-04,Dublin,sale,127.91
567,2026-04-04,Dublin,sale,65.96
568,2026-04-04,Dublin,sale,57.06
569,2026-04-04,Dublin,sale,97.82
570,2026-04-04,Dublin,sale,106.73
571,2026-04-04,Dublin,sale,58.54
572,2026-04-04,Dublin,sale,130.14
573,2026-04-04,Dublin,sale,90.02
574,2026-04-04,Dublin,sale,176.9
575,2026-04-04,Dublin,sale,76.18
576,2026-04-04,Dublin,sale,35.15
577,2026-04-04,Dublin,sale,158.47
578,2026-04-04,Dublin,sale,57.84
579,2026-04-04,Dublin,sale,102.85
580,2026-04-04,Dublin,sale,115.55
581,2026-04-04,Dublin,sale,57.06
582,2026-04-04,Dublin,sale,175.87
583,2026-04-04,Dublin,sale,144.77
584,2026-04-04,Dublin,sale,26.25
585,2026-04-04,Edinburgh,sale,66.11
586,2026-04-04,Edinburgh,sale,146.18
587,2026-04-04,Edinburgh,sale,94.23
588,2026-04-04,Edinburgh,sale,148.42
589,2026-04-04,Edinburgh,sale,100.39
590,2026-04-04,Edinburgh,sale,36.01
591,2026-04-04,Edinburgh,sale,164.51
592,2026-04-04,Edinburgh,sale,80.54
593,2026-04-04,Edinburgh,sale,168.1
594,2026-04-04,Edinburgh,sale,164.96
595,2026-04-04,Edinburgh,sale,127.2
596,2026-04-04,Edinburgh,sale,24.9
597,2026-04-04,Edinburgh,sale,65.24
598,2026-04-04,Edinburgh,sale,33.22
599,2026-04-04,Edinburgh,sale,92.03
600,2026-04-04,Edinburgh,sale,85.23
601,2026-04-04,Edinburgh,sale,113.18
602,2026-04-04,Edinburgh,sale,82.85
603,2026-04-04,Edinburgh,sale,166.9
604,2026-04-04,Florence,sale,29.43
605,2026-04-04,Florence,sale,150.28
606,2026-04-04,Florence,refund,-43.54
607,2026-04-04,Florence,sale,56.83
608,2026-04-04,Florence,sale,66.08
609,2026-04-04,Florence,sale,70.78
610,2026-04-04,Florence,sale,103.76
611,2026-04-04,Florence,sale,165.44
612,2026-04-04,Florence,sale,128.2
613,2026-04-04,Florence,sale,152.02
614,2026-04-04,Florence,sale,44.24
615,2026-04-04,Florence,sale,127.23
616,2026-04-04,Florence,sale,105.64
617,2026-04-04,Florence,sale,101.48
618,2026-04-04,Florence,sale,148.56
619,2026-04-04,Florence,sale,146.54
620,2026-04-04,Florence,sale,35.47
621,2026-04-04,Florence,sale,134.82
622,2026-04-04,Florence,sale,11.66
623,2026-04-04,Florence,sale,52.02
624,2026-04-04,Florence,sale,17.02
625,2026-04-04,Florence,sale,88.93
626,2026-04-04,Florence,sale,46.49
627,2026-04-05,Amsterdam,sale,121.41
628,2026-04-05,Amsterdam,sale,57.24
629,2026-04-05,Amsterdam,sale,111.6
630,2026-04-05,Amsterdam,sale,160.1
631,2026-04-05,Amsterdam,sale,173.36
632,2026-04-05,Amsterdam,sale,173.62
633,2026-04-05,Amsterdam,sale,97.26
634,2026-04-05,Amsterdam,sale,7.48
635,2026-04-05,Amsterdam,sale,46.39
636,2026-04-05,Amsterdam,sale,93.28
637,2026-04-05,Amsterdam,refund,-121.78
638,2026-04-05,Amsterdam,sale,79.48
639,2026-04-05,Amsterdam,sale,27.36
640,2026-04-05,Amsterdam,sale,129.41
641,2026-04-05,Amsterdam,sale,143.96
642,2026-04-05,Amsterdam,sale,53.43
643,2026-04-05,Amsterdam,sale,14.21
644,2026-04-05,Amsterdam,sale,100.67
645,2026-04-05,Amsterdam,sale,156.37
646,2026-04-05,Amsterdam,sale,51.6
647,2026-04-05,Amsterdam,sale,30.61
648,2026-04-05,Amsterdam,sale,147.06
649,2026-04-05,Amsterdam,sale,13.82
650,2026-04-05,Amsterdam,sale,148.01
651,2026-04-05,Amsterdam,sale,79.34
652,2026-04-05,Amsterdam,sale,20.22
653,2026-04-05,Amsterdam,sale,176.93
654,2026-04-05,Amsterdam,sale,126.67
655,2026-04-05,Amsterdam,sale,86.12
656,2026-04-05,Amsterdam,sale,10.93
657,2026-04-05,Berlin,sale,53.67
658,2026-04-05,Berlin,sale,162.53
659,2026-04-05,Berlin,sale,69.81
660,2026-04-05,Berlin,sale,37.07
661,2026-04-05,Berlin,sale,123.02
662,2026-04-05,Berlin,sale,38.86
663,2026-04-05,Berlin,sale,150.08
664,2026-04-05,Berlin,sale,101.23
665,2026-04-05,Berlin,sale,86.68
666,2026-04-05,Berlin,sale,65.78
667,2026-04-05,Berlin,sale,34.07
668,2026-04-05,Berlin,sale,153.25
669,2026-04-05,Berlin,sale,153.63
670,2026-04-05,Berlin,sale,120.26
671,2026-04-05,Berlin,sale,167.63
672,2026-04-05,Berlin,sale,119.91
673,2026-04-05,Berlin,sale,26.39
674,2026-04-05,Berlin,sale,167.89
675,2026-04-05,Berlin,refund,-163.66
676,2026-04-05,Berlin,sale,71.22
677,2026-04-05,Berlin,sale,130.52
678,2026-04-05,Berlin,sale,6.85
679,2026-04-05,Berlin,sale,121.35
680,2026-04-05,Berlin,sale,156.92
681,2026-04-05,Berlin,sale,112.79
682,2026-04-05,Berlin,sale,136.13
683,2026-04-05,Berlin,sale,26.1
684,2026-04-05,Berlin,sale,72.46
685,2026-04-05,Berlin,sale,28.9
686,2026-04-05,Berlin,sale,117.77
687,2026-04-05,Berlin,sale,10.7
688,2026-04-05,Berlin,sale,145.83
689,2026-04-05,Berlin,sale,153.78
690,2026-04-05,Berlin,sale,17.69
691,2026-04-05,Berlin,sale,15.32
692,2026-04-05,Berlin,sale,106.52
693,2026-04-05,Berlin,sale,85.93
694,2026-04-05,Berlin,sale,105.87
695,2026-04-05,Berlin,sale,135.47
696,2026-04-05,Berlin,sale,174.51
697,2026-04-05,Berlin,sale,107.85
698,2026-04-05,Berlin,sale,88.07
699,2026-04-05,Berlin,sale,63.06
700,2026-04-05,Berlin,sale,161.22
701,2026-04-05,Berlin,sale,9.38
702,2026-04-05,Berlin,sale,150.3
703,2026-04-05,Berlin,sale,159.76
704,2026-04-05,Berlin,sale,119.48
705,2026-04-05,Berlin,sale,12.7
706,2026-04-05,Berlin,sale,99.27
707,2026-04-05,Copenhagen,sale,13.18
708,2026-04-05,Copenhagen,sale,105.38
709,2026-04-05,Copenhagen,sale,148.76
710,2026-04-05,Copenhagen,sale,66.23
711,2026-04-05,Copenhagen,sale,95.11
712,2026-04-05,Copenhagen,sale,70.87
713,2026-04-05,Copenhagen,sale,152.75
714,2026-04-05,Copenhagen,sale,178.17
715,2026-04-05,Copenhagen,refund,-80.68
716,2026-04-05,Copenhagen,sale,9.52
717,2026-04-05,Copenhagen,sale,174.05
718,2026-04-05,Copenhagen,sale,31.0
719,2026-04-05,Copenhagen,sale,21.49
720,2026-04-05,Copenhagen,sale,19.3
721,2026-04-05,Dublin,sale,91.45
722,2026-04-05,Dublin,sale,76.01
723,2026-04-05,Dublin,sale,86.28
724,2026-04-05,Dublin,sale,87.43
725,2026-04-05,Dublin,sale,23.43
726,2026-04-05,Dublin,sale,121.5
727,2026-04-05,Dublin,sale,111.25
728,2026-04-05,Dublin,sale,142.57
729,2026-04-05,Dublin,sale,96.05
730,2026-04-05,Dublin,sale,53.35
731,2026-04-05,Dublin,refund,-124.46
732,2026-04-05,Dublin,sale,122.98
733,2026-04-05,Dublin,sale,139.54
734,2026-04-05,Dublin,sale,47.92
735,2026-04-05,Dublin,sale,126.17
736,2026-04-05,Dublin,sale,45.9
737,2026-04-05,Dublin,sale,83.53
738,2026-04-05,Dublin,sale,32.61
739,2026-04-05,Dublin,sale,139.97
740,2026-04-05,Dublin,sale,43.11
741,2026-04-05,Dublin,sale,9.42
742,2026-04-05,Dublin,sale,58.66
743,2026-04-05,Dublin,sale,5.03
744,2026-04-05,Dublin,sale,60.53
745,2026-04-05,Dublin,sale,99.7
746,2026-04-05,Dublin,sale,113.14
747,2026-04-05,Dublin,sale,88.88
748,2026-04-05,Dublin,sale,50.94
749,2026-04-05,Dublin,sale,161.37
750,2026-04-05,Dublin,sale,115.66
751,2026-04-05,Edinburgh,sale,107.85
752,2026-04-05,Edinburgh,sale,78.13
753,2026-04-05,Edinburgh,sale,150.68
754,2026-04-05,Edinburgh,sale,130.17
755,2026-04-05,Edinburgh,sale,135.26
756,2026-04-05,Edinburgh,sale,107.02
757,2026-04-05,Edinburgh,sale,19.15
758,2026-04-05,Edinburgh,sale,106.7
759,2026-04-05,Edinburgh,sale,169.53
760,2026-04-05,Edinburgh,sale,65.55
761,2026-04-05,Edinburgh,sale,124.34
762,2026-04-05,Edinburgh,sale,178.7
763,2026-04-05,Edinburgh,sale,81.46
764,2026-04-05,Florence,sale,14.58
765,2026-04-05,Florence,sale,48.56
766,2026-04-05,Florence,sale,130.86
767,2026-04-05,Florence,sale,28.64
768,2026-04-05,Florence,sale,42.96
769,2026-04-05,Florence,sale,138.01
770,2026-04-05,Florence,sale,15.26
771,2026-04-05,Florence,sale,116.13
772,2026-04-05,Florence,sale,118.38
773,2026-04-05,Florence,sale,63.98
774,2026-04-05,Florence,sale,137.09
775,2026-04-05,Florence,sale,76.04
776,2026-04-05,Florence,sale,7.6
777,2026-04-05,Florence,sale,177.9
778,2026-04-05,Florence,sale,16.61
779,2026-04-05,Florence,sale,17.24
780,2026-04-05,Florence,refund,-55.94
781,2026-04-05,Florence,sale,171.7
782,2026-04-06,Amsterdam,sale,176.3
783,2026-04-06,Amsterdam,sale,160.51
784,2026-04-06,Amsterdam,sale,168.59
785,2026-04-06,Amsterdam,sale,104.64
786,2026-04-06,Amsterdam,sale,121.4
787,2026-04-06,Amsterdam,sale,84.58
788,2026-04-06,Amsterdam,sale,59.53
789,2026-04-06,Amsterdam,sale,42.24
790,2026-04-06,Amsterdam,sale,54.46
791,2026-04-06,Amsterdam,refund,-41.79
792,2026-04-06,Amsterdam,sale,27.98
793,2026-04-06,Amsterdam,sale,138.08
794,2026-04-06,Amsterdam,sale,50.46
795,2026-04-06,Amsterdam,sale,97.77
796,2026-04-06,Amsterdam,sale,124.93
797,2026-04-06,Amsterdam,sale,56.55
798,2026-04-06,Amsterdam,sale,146.88
799,2026-04-06,Amsterdam,sale,9.98
800,2026-04-06,Amsterdam,sale,142.45
801,2026-04-06,Amsterdam,sale,35.86
802,2026-04-06,Amsterdam,sale,51.73
803,2026-04-06,Amsterdam,sale,143.85
804,2026-04-06,Amsterdam,sale,107.28
805,2026-04-06,Amsterdam,sale,116.02
806,2026-04-06,Amsterdam,sale,22.78
807,2026-04-06,Amsterdam,refund,-38.65
808,2026-04-06,Amsterdam,sale,122.94
809,2026-04-06,Berlin,sale,131.23
810,2026-04-06,Berlin,sale,65.72
811,2026-04-06,Berlin,sale,140.82
812,2026-04-06,Berlin,sale,122.96
813,2026-04-06,Berlin,sale,68.06
814,2026-04-06,Berlin,sale,41.1
815,2026-04-06,Berlin,sale,174.77
816,2026-04-06,Berlin,sale,99.14
817,2026-04-06,Berlin,sale,92.04
818,2026-04-06,Berlin,sale,171.65
819,2026-04-06,Berlin,sale,29.25
820,2026-04-06,Berlin,sale,122.95
821,2026-04-06,Berlin,sale,7.25
822,2026-04-06,Berlin,sale,56.73
823,2026-04-06,Berlin,sale,133.15
824,2026-04-06,Berlin,sale,82.23
825,2026-04-06,Berlin,sale,96.53
826,2026-04-06,Berlin,sale,73.09
827,2026-04-06,Berlin,sale,132.87
828,2026-04-06,Berlin,sale,109.99
829,2026-04-06,Berlin,sale,111.92
830,2026-04-06,Berlin,sale,175.05
831,2026-04-06,Berlin,sale,67.58
832,2026-04-06,Berlin,sale,139.69
833,2026-04-06,Berlin,sale,129.4
834,2026-04-06,Berlin,sale,77.15
835,2026-04-06,Berlin,sale,125.01
836,2026-04-06,Berlin,sale,17.19
837,2026-04-06,Berlin,sale,167.29
838,2026-04-06,Berlin,sale,170.59
839,2026-04-06,Berlin,sale,41.78
840,2026-04-06,Berlin,sale,159.11
841,2026-04-06,Berlin,sale,50.92
842,2026-04-06,Berlin,sale,23.78
843,2026-04-06,Berlin,sale,29.66
844,2026-04-06,Berlin,sale,82.37
845,2026-04-06,Berlin,sale,111.6
846,2026-04-06,Berlin,sale,77.7
847,2026-04-06,Berlin,sale,29.5
848,2026-04-06,Berlin,sale,10.27
849,2026-04-06,Berlin,sale,147.23
850,2026-04-06,Berlin,sale,79.03
851,2026-04-06,Berlin,sale,87.97
852,2026-04-06,Berlin,sale,163.9
853,2026-04-06,Berlin,sale,13.53
854,2026-04-06,Berlin,refund,-107.3
855,2026-04-06,Berlin,sale,25.98
856,2026-04-06,Copenhagen,sale,153.62
857,2026-04-06,Copenhagen,sale,171.53
858,2026-04-06,Copenhagen,sale,45.6
859,2026-04-06,Copenhagen,sale,174.59
860,2026-04-06,Copenhagen,sale,106.56
861,2026-04-06,Copenhagen,sale,164.02
862,2026-04-06,Copenhagen,refund,-49.82
863,2026-04-06,Copenhagen,sale,132.59
864,2026-04-06,Copenhagen,sale,36.93
865,2026-04-06,Copenhagen,sale,12.5
866,2026-04-06,Copenhagen,sale,167.5
867,2026-04-06,Copenhagen,sale,83.75
868,2026-04-06,Dublin,sale,160.38
869,2026-04-06,Dublin,sale,52.87
870,2026-04-06,Dublin,sale,49.31
871,2026-04-06,Dublin,sale,150.07
872,2026-04-06,Dublin,sale,166.37
873,2026-04-06,Dublin,sale,28.02
874,2026-04-06,Dublin,sale,58.41
875,2026-04-06,Dublin,sale,12.55
876,2026-04-06,Dublin,sale,51.18
877,2026-04-06,Dublin,sale,20.27
878,2026-04-06,Dublin,sale,8.41
879,2026-04-06,Dublin,sale,54.17
880,2026-04-06,Dublin,sale,62.21
881,2026-04-06,Dublin,sale,121.01
882,2026-04-06,Dublin,sale,99.05
883,2026-04-06,Dublin,sale,78.87
884,2026-04-06,Dublin,sale,172.36
885,2026-04-06,Dublin,sale,20.01
886,2026-04-06,Dublin,sale,158.73
887,2026-04-06,Dublin,refund,-100.79
888,2026-04-06,Dublin,sale,28.18
889,2026-04-06,Dublin,sale,158.55
890,2026-04-06,Dublin,sale,142.83
891,2026-04-06,Dublin,sale,175.04
892,2026-04-06,Dublin,sale,17.79
893,2026-04-06,Edinburgh,sale,163.95
894,2026-04-06,Edinburgh,sale,177.35
895,2026-04-06,Edinburgh,sale,114.97
896,2026-04-06,Edinburgh,sale,63.82
897,2026-04-06,Edinburgh,sale,75.58
898,2026-04-06,Edinburgh,sale,105.86
899,2026-04-06,Edinburgh,sale,88.33
900,2026-04-06,Edinburgh,sale,45.18
901,2026-04-06,Edinburgh,sale,16.44
902,2026-04-06,Edinburgh,sale,116.08
903,2026-04-06,Edinburgh,sale,63.26
904,2026-04-06,Edinburgh,sale,83.75
905,2026-04-06,Edinburgh,sale,146.17
906,2026-04-06,Edinburgh,sale,26.71
907,2026-04-06,Edinburgh,sale,56.51
908,2026-04-06,Edinburgh,sale,130.93
909,2026-04-06,Edinburgh,sale,102.48
910,2026-04-06,Florence,sale,60.13
911,2026-04-06,Florence,sale,168.4
912,2026-04-06,Florence,sale,43.85
913,2026-04-06,Florence,sale,125.52
914,2026-04-06,Florence,sale,110.79
915,2026-04-06,Florence,sale,40.74
916,2026-04-06,Florence,sale,45.1
917,2026-04-06,Florence,sale,159.77
918,2026-04-06,Florence,sale,33.5
919,2026-04-06,Florence,sale,141.34
920,2026-04-06,Florence,sale,29.33
921,2026-04-06,Florence,sale,72.28
922,2026-04-06,Florence,sale,147.97
923,2026-04-06,Florence,sale,88.17
924,2026-04-06,Florence,refund,-12.09
925,2026-04-06,Florence,sale,36.19
926,2026-04-06,Florence,sale,81.68
927,2026-04-06,Florence,sale,134.32
928,2026-04-07,Amsterdam,sale,154.9
929,2026-04-07,Amsterdam,sale,34.36
930,2026-04-07,Amsterdam,sale,125.87
931,2026-04-07,Amsterdam,sale,138.67
932,2026-04-07,Amsterdam,sale,12.51
933,2026-04-07,Amsterdam,sale,23.58
934,2026-04-07,Amsterdam,sale,76.54
935,2026-04-07,Amsterdam,sale,14.52
936,2026-04-07,Amsterdam,sale,100.81
937,2026-04-07,Amsterdam,sale,13.78
938,2026-04-07,Amsterdam,sale,121.0
939,2026-04-07,Amsterdam,sale,8.24
940,2026-04-07,Amsterdam,sale,111.0
941,2026-04-07,Amsterdam,sale,66.35
942,2026-04-07,Amsterdam,sale,122.48
943,2026-04-07,Amsterdam,sale,42.37
944,2026-04-07,Amsterdam,sale,170.18
945,2026-04-07,Amsterdam,sale,70.13
946,2026-04-07,Amsterdam,sale,87.65
947,2026-04-07,Amsterdam,sale,8.59
948,2026-04-07,Amsterdam,sale,105.87
949,2026-04-07,Amsterdam,sale,68.87
950,2026-04-07,Amsterdam,sale,144.85
951,2026-04-07,Amsterdam,sale,90.77
952,2026-04-07,Amsterdam,sale,29.55
953,2026-04-07,Amsterdam,sale,150.95
954,2026-04-07,Amsterdam,sale,146.23
955,2026-04-07,Amsterdam,sale,163.19
956,2026-04-07,Amsterdam,sale,9.95
957,2026-04-07,Amsterdam,sale,57.08
958,2026-04-07,Amsterdam,sale,138.18
959,2026-04-07,Amsterdam,sale,37.24
960,2026-04-07,Amsterdam,sale,60.59
961,2026-04-07,Amsterdam,sale,62.21
962,2026-04-07,Amsterdam,sale,33.54
963,2026-04-07,Berlin,sale,175.37
964,2026-04-07,Berlin,sale,151.85
965,2026-04-07,Berlin,sale,16.7
966,2026-04-07,Berlin,sale,93.02
967,2026-04-07,Berlin,sale,34.48
968,2026-04-07,Berlin,sale,40.92
969,2026-04-07,Berlin,sale,49.11
970,2026-04-07,Berlin,sale,172.48
971,2026-04-07,Berlin,sale,63.81
972,2026-04-07,Berlin,sale,160.09
973,2026-04-07,Berlin,sale,105.8
974,2026-04-07,Berlin,sale,39.67
975,2026-04-07,Berlin,sale,93.08
976,2026-04-07,Berlin,sale,52.43
977,2026-04-07,Berlin,sale,62.52
978,2026-04-07,Berlin,sale,82.28
979,2026-04-07,Berlin,sale,88.87
980,2026-04-07,Berlin,sale,61.39
981,2026-04-07,Berlin,sale,167.05
982,2026-04-07,Berlin,sale,22.18
983,2026-04-07,Berlin,sale,156.69
984,2026-04-07,Berlin,sale,107.1
985,2026-04-07,Berlin,sale,85.68
986,2026-04-07,Berlin,sale,147.79
987,2026-04-07,Berlin,sale,34.05
988,2026-04-07,Berlin,sale,148.08
989,2026-04-07,Berlin,sale,18.25
990,2026-04-07,Berlin,sale,55.32
991,2026-04-07,Berlin,sale,92.41
992,2026-04-07,Berlin,sale,105.34
993,2026-04-07,Berlin,sale,175.81
994,2026-04-07,Berlin,sale,57.48
995,2026-04-07,Berlin,sale,92.23
996,2026-04-07,Berlin,sale,136.13
997,2026-04-07,Berlin,sale,139.61
998,2026-04-07,Berlin,sale,102.89
999,2026-04-07,Berlin,sale,126.89
1000,2026-04-07,Berlin,sale,149.55
1001,2026-04-07,Berlin,sale,73.8
1002,2026-04-07,Berlin,sale,31.48
1003,2026-04-07,Berlin,sale,23.46
1004,2026-04-07,Berlin,sale,21.1
1005,2026-04-07,Berlin,sale,88.61
1006,2026-04-07,Berlin,sale,24.67
1007,2026-04-07,Berlin,sale,142.02
1008,2026-04-07,Berlin,sale,18.65
1009,2026-04-07,Berlin,sale,128.09
1010,2026-04-07,Berlin,sale,160.69
1011,2026-04-07,Berlin,sale,40.79
1012,2026-04-07,Copenhagen,sale,13.63
1013,2026-04-07,Copenhagen,sale,22.31
1014,2026-04-07,Copenhagen,sale,76.85
1015,2026-04-07,Copenhagen,sale,99.46
1016,2026-04-07,Copenhagen,refund,-167.14
1017,2026-04-07,Copenhagen,sale,9.33
1018,2026-04-07,Copenhagen,refund,-144.09
1019,2026-04-07,Copenhagen,sale,69.7
1020,2026-04-07,Dublin,refund,-24.3
1021,2026-04-07,Dublin,sale,127.31
1022,2026-04-07,Dublin,sale,58.18
1023,2026-04-07,Dublin,sale,13.57
1024,2026-04-07,Dublin,sale,72.4
1025,2026-04-07,Dublin,sale,41.93
1026,2026-04-07,Dublin,sale,133.26
1027,2026-04-07,Dublin,sale,111.76
1028,2026-04-07,Dublin,sale,23.49
1029,2026-04-07,Dublin,sale,16.5
1030,2026-04-07,Dublin,sale,145.24
1031,2026-04-07,Dublin,sale,143.7
1032,2026-04-07,Dublin,sale,164.44
1033,2026-04-07,Dublin,sale,58.63
1034,2026-04-07,Dublin,sale,154.19
1035,2026-04-07,Dublin,sale,72.77
1036,2026-04-07,Dublin,sale,130.21
1037,2026-04-07,Dublin,sale,155.6
1038,2026-04-07,Dublin,sale,141.05
1039,2026-04-07,Dublin,sale,54.06
1040,2026-04-07,Dublin,sale,21.81
1041,2026-04-07,Dublin,sale,40.93
1042,2026-04-07,Dublin,refund,-81.79
1043,2026-04-07,Dublin,sale,130.72
1044,2026-04-07,Dublin,sale,60.98
1045,2026-04-07,Dublin,sale,39.81
1046,2026-04-07,Dublin,sale,117.91
1047,2026-04-07,Dublin,sale,60.85
1048,2026-04-07,Dublin,sale,35.04
1049,2026-04-07,Dublin,sale,50.88
1050,2026-04-07,Edinburgh,sale,52.69
1051,2026-04-07,Edinburgh,sale,46.02
1052,2026-04-07,Edinburgh,sale,173.86
1053,2026-04-07,Edinburgh,sale,94.49
1054,2026-04-07,Edinburgh,sale,68.73
1055,2026-04-07,Edinburgh,sale,52.53
1056,2026-04-07,Edinburgh,refund,-107.22
1057,2026-04-07,Edinburgh,sale,152.23
1058,2026-04-07,Edinburgh,sale,123.54
1059,2026-04-07,Edinburgh,sale,16.53
1060,2026-04-07,Edinburgh,sale,156.31
1061,2026-04-07,Edinburgh,sale,103.81
1062,2026-04-07,Edinburgh,sale,138.97
1063,2026-04-07,Edinburgh,sale,95.22
1064,2026-04-07,Edinburgh,sale,147.25
1065,2026-04-07,Edinburgh,sale,58.62
1066,2026-04-07,Edinburgh,sale,23.16
1067,2026-04-07,Edinburgh,sale,34.55
1068,2026-04-07,Edinburgh,sale,31.75
1069,2026-04-07,Edinburgh,sale,32.72
1070,2026-04-07,Edinburgh,sale,34.3
1071,2026-04-07,Edinburgh,sale,91.2
1072,2026-04-07,Edinburgh,sale,107.47
1073,2026-04-07,Florence,sale,43.43
1074,2026-04-07,Florence,sale,52.83
1075,2026-04-07,Florence,sale,99.38
1076,2026-04-07,Florence,sale,155.9
1077,2026-04-07,Florence,sale,146.12
1078,2026-04-07,Florence,sale,179.83
1079,2026-04-07,Florence,sale,39.12
1080,2026-04-07,Florence,sale,62.83
1081,2026-04-07,Florence,sale,162.67
1082,2026-04-07,Florence,sale,40.67
1083,2026-04-07,Florence,sale,59.6
1084,2026-04-07,Florence,sale,142.21
1085,2026-04-07,Florence,sale,22.13
1086,2026-04-07,Florence,sale,16.49
1087,2026-04-07,Florence,sale,22.44
1088,2026-04-07,Florence,sale,18.68
1089,2026-04-07,Florence,sale,16.15
1090,2026-04-07,Florence,sale,105.06
1091,2026-04-07,Florence,sale,96.28
1092,2026-04-08,Amsterdam,sale,152.02
1093,2026-04-08,Amsterdam,sale,68.64
1094,2026-04-08,Amsterdam,sale,146.32
1095,2026-04-08,Amsterdam,sale,83.89
1096,2026-04-08,Amsterdam,sale,114.31
1097,2026-04-08,Amsterdam,sale,115.88
1098,2026-04-08,Amsterdam,sale,162.32
1099,2026-04-08,Amsterdam,sale,14.42
1100,2026-04-08,Amsterdam,sale,136.98
1101,2026-04-08,Amsterdam,sale,98.13
1102,2026-04-08,Amsterdam,sale,85.18
1103,2026-04-08,Amsterdam,sale,154.9
1104,2026-04-08,Amsterdam,sale,55.49
1105,2026-04-08,Amsterdam,sale,99.76
1106,2026-04-08,Amsterdam,sale,176.63
1107,2026-04-08,Amsterdam,sale,133.15
1108,2026-04-08,Amsterdam,sale,110.94
1109,2026-04-08,Amsterdam,sale,106.17
1110,2026-04-08,Amsterdam,sale,48.06
1111,2026-04-08,Amsterdam,sale,120.81
1112,2026-04-08,Amsterdam,sale,145.65
1113,2026-04-08,Amsterdam,sale,125.81
1114,2026-04-08,Amsterdam,sale,164.58
1115,2026-04-08,Amsterdam,sale,91.0
1116,2026-04-08,Amsterdam,sale,58.49
1117,2026-04-08,Amsterdam,sale,172.78
1118,2026-04-08,Amsterdam,sale,48.72
1119,2026-04-08,Amsterdam,sale,7.86
1120,2026-04-08,Amsterdam,sale,116.94
1121,2026-04-08,Amsterdam,sale,150.21
1122,2026-04-08,Berlin,sale,143.98
1123,2026-04-08,Berlin,sale,58.32
1124,2026-04-08,Berlin,sale,120.56
1125,2026-04-08,Berlin,sale,160.5
1126,2026-04-08,Berlin,sale,162.6
1127,2026-04-08,Berlin,sale,20.02
1128,2026-04-08,Berlin,sale,54.86
1129,2026-04-08,Berlin,sale,137.07
1130,2026-04-08,Berlin,sale,98.04
1131,2026-04-08,Berlin,sale,16.27
1132,2026-04-08,Berlin,sale,177.74
1133,2026-04-08,Berlin,sale,32.84
1134,2026-04-08,Berlin,sale,52.47
1135,2026-04-08,Berlin,sale,177.91
1136,2026-04-08,Berlin,sale,39.5
1137,2026-04-08,Berlin,sale,68.5
1138,2026-04-08,Berlin,sale,27.7
1139,2026-04-08,Berlin,sale,35.13
1140,2026-04-08,Berlin,sale,162.24
1141,2026-04-08,Berlin,sale,15.64
1142,2026-04-08,Berlin,sale,28.41
1143,2026-04-08,Berlin,sale,69.01
1144,2026-04-08,Berlin,sale,30.22
1145,2026-04-08,Berlin,sale,75.97
1146,2026-04-08,Berlin,sale,40.95
1147,2026-04-08,Berlin,sale,155.0
1148,2026-04-08,Berlin,sale,103.97
1149,2026-04-08,Berlin,sale,139.17
1150,2026-04-08,Berlin,sale,82.87
1151,2026-04-08,Berlin,sale,16.26
1152,2026-04-08,Berlin,sale,25.37
1153,2026-04-08,Berlin,sale,93.78
1154,2026-04-08,Berlin,sale,95.45
1155,2026-04-08,Berlin,sale,171.21
1156,2026-04-08,Berlin,sale,169.65
1157,2026-04-08,Berlin,sale,19.71
1158,2026-04-08,Berlin,sale,27.34
1159,2026-04-08,Berlin,sale,109.41
1160,2026-04-08,Berlin,sale,102.99
1161,2026-04-08,Berlin,sale,81.07
1162,2026-04-08,Berlin,sale,140.6
1163,2026-04-08,Berlin,sale,112.38
1164,2026-04-08,Berlin,refund,-50.35
1165,2026-04-08,Berlin,sale,124.24
1166,2026-04-08,Berlin,sale,58.98
1167,2026-04-08,Berlin,sale,136.6
1168,2026-04-08,Berlin,sale,120.01
1169,2026-04-08,Berlin,sale,153.46
1170,2026-04-08,Copenhagen,refund,-156.17
1171,2026-04-08,Copenhagen,sale,103.89
1172,2026-04-08,Copenhagen,refund,-104.75
1173,2026-04-08,Copenhagen,sale,24.12
1174,2026-04-08,Copenhagen,sale,110.62
1175,2026-04-08,Copenhagen,sale,110.36
1176,2026-04-08,Copenhagen,sale,112.42
1177,2026-04-08,Copenhagen,sale,77.8
1178,2026-04-08,Copenhagen,sale,124.78
1179,2026-04-08,Copenhagen,sale,178.98
1180,2026-04-08,Copenhagen,sale,144.19
1181,2026-04-08,Copenhagen,refund,-72.54
1182,2026-04-08,Copenhagen,sale,126.52
1183,2026-04-08,Copenhagen,sale,97.44
1184,2026-04-08,Dublin,refund,-40.64
1185,2026-04-08,Dublin,sale,62.83
1186,2026-04-08,Dublin,sale,127.46
1187,2026-04-08,Dublin,sale,11.34
1188,2026-04-08,Dublin,sale,58.36
1189,2026-04-08,Dublin,sale,73.78
1190,2026-04-08,Dublin,sale,132.88
1191,2026-04-08,Dublin,sale,20.97
1192,2026-04-08,Dublin,sale,101.02
1193,2026-04-08,Dublin,sale,173.66
1194,2026-04-08,Dublin,sale,17.23
1195,2026-04-08,Dublin,sale,138.47
1196,2026-04-08,Dublin,sale,159.12
1197,2026-04-08,Dublin,sale,145.29
1198,2026-04-08,Dublin,sale,118.95
1199,2026-04-08,Dublin,sale,28.32
1200,2026-04-08,Dublin,sale,151.72
1201,2026-04-08,Dublin,sale,128.91
1202,2026-04-08,Dublin,sale,134.31
1203,2026-04-08,Dublin,sale,6.53
1204,2026-04-08,Dublin,sale,68.02
1205,2026-04-08,Dublin,refund,-135.51
1206,2026-04-08,Dublin,sale,152.04
1207,2026-04-08,Dublin,sale,17.63
1208,2026-04-08,Dublin,sale,165.79
1209,2026-04-08,Dublin,sale,125.54
1210,2026-04-08,Edinburgh,sale,28.37
1211,2026-04-08,Edinburgh,sale,63.76
1212,2026-04-08,Edinburgh,sale,89.01
1213,2026-04-08,Edinburgh,sale,51.6
1214,2026-04-08,Edinburgh,sale,96.24
1215,2026-04-08,Edinburgh,sale,76.08
1216,2026-04-08,Edinburgh,sale,15.77
1217,2026-04-08,Edinburgh,sale,154.96
1218,2026-04-08,Edinburgh,sale,8.57
1219,2026-04-08,Edinburgh,sale,38.71
1220,2026-04-08,Edinburgh,sale,173.62
1221,2026-04-08,Edinburgh,sale,111.82
1222,2026-04-08,Edinburgh,sale,77.32
1223,2026-04-08,Edinburgh,sale,89.09
1224,2026-04-08,Edinburgh,sale,87.79
1225,2026-04-08,Edinburgh,sale,119.97
1226,2026-04-08,Edinburgh,sale,12.45
1227,2026-04-08,Edinburgh,sale,143.99
1228,2026-04-08,Edinburgh,sale,84.77
1229,2026-04-08,Edinburgh,sale,57.22
1230,2026-04-08,Edinburgh,sale,13.6
1231,2026-04-08,Edinburgh,sale,140.63
1232,2026-04-08,Edinburgh,sale,29.15
1233,2026-04-08,Florence,sale,144.09
1234,2026-04-08,Florence,sale,73.91
1235,2026-04-08,Florence,sale,140.08
1236,2026-04-08,Florence,sale,119.08
1237,2026-04-08,Florence,sale,29.69
1238,2026-04-08,Florence,sale,100.57
1239,2026-04-08,Florence,sale,49.58
1240,2026-04-08,Florence,sale,122.73
1241,2026-04-08,Florence,sale,92.27
1242,2026-04-08,Florence,sale,107.86
1243,2026-04-08,Florence,sale,10.88
1244,2026-04-08,Florence,sale,76.67
1245,2026-04-08,Florence,sale,93.72
1246,2026-04-08,Florence,sale,176.78
1247,2026-04-08,Florence,sale,148.46
1248,2026-04-08,Florence,sale,20.66
1249,2026-04-08,Florence,sale,33.86
1250,2026-04-09,Amsterdam,sale,83.97
1251,2026-04-09,Amsterdam,sale,72.43
1252,2026-04-09,Amsterdam,sale,117.42
1253,2026-04-09,Amsterdam,sale,80.1
1254,2026-04-09,Amsterdam,sale,57.45
1255,2026-04-09,Amsterdam,sale,116.3
1256,2026-04-09,Amsterdam,sale,17.68
1257,2026-04-09,Amsterdam,sale,121.59
1258,2026-04-09,Amsterdam,sale,163.6
1259,2026-04-09,Amsterdam,sale,22.16
1260,2026-04-09,Amsterdam,sale,174.49
1261,2026-04-09,Amsterdam,sale,64.51
1262,2026-04-09,Amsterdam,sale,46.0
1263,2026-04-09,Amsterdam,sale,176.99
1264,2026-04-09,Amsterdam,sale,34.24
1265,2026-04-09,Amsterdam,sale,24.64
1266,2026-04-09,Amsterdam,sale,73.1
1267,2026-04-09,Amsterdam,sale,175.89
1268,2026-04-09,Amsterdam,sale,47.28
1269,2026-04-09,Amsterdam,sale,19.25
1270,2026-04-09,Amsterdam,sale,120.36
1271,2026-04-09,Amsterdam,sale,84.7
1272,2026-04-09,Amsterdam,sale,139.03
1273,2026-04-09,Amsterdam,sale,98.01
1274,2026-04-09,Amsterdam,sale,61.33
1275,2026-04-09,Amsterdam,sale,14.67
1276,2026-04-09,Amsterdam,sale,145.03
1277,2026-04-09,Amsterdam,sale,85.41
1278,2026-04-09,Amsterdam,sale,132.07
1279,2026-04-09,Berlin,sale,11.83
1280,2026-04-09,Berlin,sale,23.6
1281,2026-04-09,Berlin,sale,9.26
1282,2026-04-09,Berlin,sale,52.39
1283,2026-04-09,Berlin,refund,-176.99
1284,2026-04-09,Berlin,sale,154.89
1285,2026-04-09,Berlin,sale,94.52
1286,2026-04-09,Berlin,sale,159.64
1287,2026-04-09,Berlin,sale,6.51
1288,2026-04-09,Berlin,sale,121.66
1289,2026-04-09,Berlin,sale,106.97
1290,2026-04-09,Berlin,sale,112.99
1291,2026-04-09,Berlin,sale,66.29
1292,2026-04-09,Berlin,sale,14.39
1293,2026-04-09,Berlin,sale,166.62
1294,2026-04-09,Berlin,sale,119.89
1295,2026-04-09,Berlin,sale,110.11
1296,2026-04-09,Berlin,sale,16.77
1297,2026-04-09,Berlin,sale,138.36
1298,2026-04-09,Berlin,sale,93.02
1299,2026-04-09,Berlin,sale,64.73
1300,2026-04-09,Berlin,sale,142.18
1301,2026-04-09,Berlin,sale,135.82
1302,2026-04-09,Berlin,sale,68.97
1303,2026-04-09,Berlin,sale,77.65
1304,2026-04-09,Berlin,sale,119.29
1305,2026-04-09,Berlin,sale,161.52
1306,2026-04-09,Berlin,sale,123.76
1307,2026-04-09,Berlin,sale,175.22
1308,2026-04-09,Berlin,sale,50.85
1309,2026-04-09,Berlin,sale,77.6
1310,2026-04-09,Berlin,sale,15.49
1311,2026-04-09,Berlin,sale,108.89
1312,2026-04-09,Berlin,sale,13.43
1313,2026-04-09,Berlin,sale,46.15
1314,2026-04-09,Berlin,sale,115.31
1315,2026-04-09,Berlin,sale,111.24
1316,2026-04-09,Berlin,sale,20.82
1317,2026-04-09,Berlin,sale,125.74
1318,2026-04-09,Berlin,sale,81.05
1319,2026-04-09,Berlin,sale,38.6
1320,2026-04-09,Berlin,sale,79.62
1321,2026-04-09,Berlin,sale,151.85
1322,2026-04-09,Berlin,sale,162.85
1323,2026-04-09,Berlin,sale,59.62
1324,2026-04-09,Berlin,sale,121.54
1325,2026-04-09,Berlin,sale,102.02
1326,2026-04-09,Berlin,sale,170.41
1327,2026-04-09,Copenhagen,sale,34.72
1328,2026-04-09,Copenhagen,sale,40.76
1329,2026-04-09,Copenhagen,sale,28.49
1330,2026-04-09,Copenhagen,sale,61.05
1331,2026-04-09,Copenhagen,sale,63.95
1332,2026-04-09,Copenhagen,sale,67.67
1333,2026-04-09,Copenhagen,sale,129.26
1334,2026-04-09,Copenhagen,sale,136.26
1335,2026-04-09,Copenhagen,sale,54.96
1336,2026-04-09,Copenhagen,sale,12.2
1337,2026-04-09,Copenhagen,sale,94.31
1338,2026-04-09,Dublin,sale,44.67
1339,2026-04-09,Dublin,sale,161.12
1340,2026-04-09,Dublin,sale,70.66
1341,2026-04-09,Dublin,sale,146.25
1342,2026-04-09,Dublin,sale,157.41
1343,2026-04-09,Dublin,sale,79.98
1344,2026-04-09,Dublin,sale,92.32
1345,2026-04-09,Dublin,refund,-160.53
1346,2026-04-09,Dublin,sale,25.17
1347,2026-04-09,Dublin,sale,76.45
1348,2026-04-09,Dublin,sale,30.89
1349,2026-04-09,Dublin,sale,64.23
1350,2026-04-09,Dublin,sale,14.15
1351,2026-04-09,Dublin,sale,30.64
1352,2026-04-09,Dublin,sale,103.85
1353,2026-04-09,Dublin,sale,35.3
1354,2026-04-09,Dublin,sale,132.58
1355,2026-04-09,Dublin,sale,162.81
1356,2026-04-09,Dublin,sale,68.89
1357,2026-04-09,Dublin,sale,50.05
1358,2026-04-09,Dublin,sale,53.86
1359,2026-04-09,Dublin,sale,115.72
1360,2026-04-09,Dublin,sale,22.76
1361,2026-04-09,Dublin,sale,135.81
1362,2026-04-09,Dublin,sale,154.47
1363,2026-04-09,Edinburgh,sale,159.07
1364,2026-04-09,Edinburgh,sale,94.42
1365,2026-04-09,Edinburgh,sale,66.17
1366,2026-04-09,Edinburgh,sale,124.89
1367,2026-04-09,Edinburgh,sale,125.99
1368,2026-04-09,Edinburgh,sale,94.9
1369,2026-04-09,Edinburgh,sale,36.13
1370,2026-04-09,Edinburgh,sale,6.02
1371,2026-04-09,Edinburgh,sale,53.17
1372,2026-04-09,Edinburgh,sale,16.77
1373,2026-04-09,Edinburgh,sale,176.55
1374,2026-04-09,Edinburgh,sale,87.4
1375,2026-04-09,Edinburgh,sale,40.2
1376,2026-04-09,Edinburgh,sale,9.0
1377,2026-04-09,Edinburgh,sale,138.23
1378,2026-04-09,Edinburgh,sale,74.81
1379,2026-04-09,Edinburgh,sale,7.08
1380,2026-04-09,Edinburgh,sale,64.35
1381,2026-04-09,Florence,sale,58.22
1382,2026-04-09,Florence,sale,142.77
1383,2026-04-09,Florence,sale,100.62
1384,2026-04-09,Florence,sale,168.35
1385,2026-04-09,Florence,sale,43.51
1386,2026-04-09,Florence,sale,37.86
1387,2026-04-09,Florence,sale,171.34
1388,2026-04-09,Florence,sale,12.43
1389,2026-04-09,Florence,sale,127.48
1390,2026-04-09,Florence,sale,131.03
1391,2026-04-09,Florence,sale,154.02
1392,2026-04-09,Florence,sale,125.43
1393,2026-04-09,Florence,sale,53.68
1394,2026-04-09,Florence,sale,37.25
1395,2026-04-09,Florence,refund,-160.69
1396,2026-04-09,Florence,sale,125.97
1397,2026-04-09,Florence,refund,-55.61
1398,2026-04-09,Florence,sale,164.37
1399,2026-04-09,Florence,sale,40.45
1400,2026-04-09,Florence,sale,88.44
1401,2026-04-09,Florence,sale,123.87
1402,2026-04-09,Florence,sale,176.34
1403,2026-04-09,Florence,sale,53.25
1404,2026-04-09,Florence,sale,23.96
1405,2026-04-09,Florence,sale,178.59
1406,2026-04-09,Florence,sale,104.7
1407,2026-04-10,Amsterdam,sale,62.53
1408,2026-04-10,Amsterdam,sale,68.39
1409,2026-04-10,Amsterdam,sale,61.98
1410,2026-04-10,Amsterdam,sale,48.65
1411,2026-04-10,Amsterdam,sale,57.3
1412,2026-04-10,Amsterdam,sale,129.88
1413,2026-04-10,Amsterdam,sale,10.1
1414,2026-04-10,Amsterdam,sale,119.05
1415,2026-04-10,Amsterdam,sale,117.72
1416,2026-04-10,Amsterdam,sale,134.34
1417,2026-04-10,Amsterdam,sale,71.94
1418,2026-04-10,Amsterdam,refund,-145.56
1419,2026-04-10,Amsterdam,sale,82.97
1420,2026-04-10,Amsterdam,sale,152.5
1421,2026-04-10,Amsterdam,sale,38.88
1422,2026-04-10,Amsterdam,sale,139.45
1423,2026-04-10,Amsterdam,sale,74.38
1424,2026-04-10,Amsterdam,sale,145.8
1425,2026-04-10,Amsterdam,sale,164.91
1426,2026-04-10,Amsterdam,sale,80.0
1427,2026-04-10,Amsterdam,sale,7.49
1428,2026-04-10,Amsterdam,sale,60.71
1429,2026-04-10,Amsterdam,sale,21.93
1430,2026-04-10,Amsterdam,sale,78.94
1431,2026-04-10,Amsterdam,sale,66.98
1432,2026-04-10,Amsterdam,sale,87.6
1433,2026-04-10,Berlin,sale,150.64
1434,2026-04-10,Berlin,refund,-110.59
1435,2026-04-10,Berlin,sale,114.36
1436,2026-04-10,Berlin,sale,116.62
1437,2026-04-10,Berlin,sale,34.45
1438,2026-04-10,Berlin,sale,126.5
1439,2026-04-10,Berlin,sale,167.49
1440,2026-04-10,Berlin,sale,39.11
1441,2026-04-10,Berlin,sale,177.33
1442,2026-04-10,Berlin,sale,174.8
1443,2026-04-10,Berlin,sale,129.16
1444,2026-04-10,Berlin,sale,154.18
1445,2026-04-10,Berlin,sale,130.78
1446,2026-04-10,Berlin,sale,147.3
1447,2026-04-10,Berlin,sale,169.46
1448,2026-04-10,Berlin,sale,68.35
1449,2026-04-10,Berlin,sale,100.32
1450,2026-04-10,Berlin,sale,160.84
1451,2026-04-10,Berlin,sale,124.84
1452,2026-04-10,Berlin,sale,58.95
1453,2026-04-10,Berlin,sale,42.53
1454,2026-04-10,Berlin,sale,78.92
1455,2026-04-10,Berlin,sale,5.58
1456,2026-04-10,Berlin,sale,171.49
1457,2026-04-10,Berlin,sale,20.15
1458,2026-04-10,Berlin,sale,172.86
1459,2026-04-10,Berlin,sale,65.03
1460,2026-04-10,Berlin,sale,156.97
1461,2026-04-10,Berlin,sale,39.28
1462,2026-04-10,Berlin,sale,151.09
1463,2026-04-10,Berlin,sale,65.15
1464,2026-04-10,Berlin,sale,99.93
1465,2026-04-10,Berlin,sale,52.15
1466,2026-04-10,Berlin,sale,66.1
1467,2026-04-10,Berlin,sale,47.66
1468,2026-04-10,Berlin,sale,21.23
1469,2026-04-10,Berlin,sale,57.0
1470,2026-04-10,Berlin,sale,143.45
1471,2026-04-10,Berlin,sale,103.1
1472,2026-04-10,Berlin,sale,7.29
1473,2026-04-10,Copenhagen,sale,32.75
1474,2026-04-10,Copenhagen,sale,73.42
1475,2026-04-10,Copenhagen,sale,78.17
1476,2026-04-10,Copenhagen,sale,9.45
1477,2026-04-10,Copenhagen,sale,107.03
1478,2026-04-10,Copenhagen,sale,126.22
1479,2026-04-10,Copenhagen,sale,12.6
1480,2026-04-10,Copenhagen,sale,118.19
1481,2026-04-10,Copenhagen,sale,40.24
1482,2026-04-10,Copenhagen,sale,155.87
1483,2026-04-10,Copenhagen,sale,11.29
1484,2026-04-10,Copenhagen,sale,62.95
1485,2026-04-10,Copenhagen,sale,121.5
1486,2026-04-10,Dublin,sale,138.96
1487,2026-04-10,Dublin,sale,128.71
1488,2026-04-10,Dublin,sale,73.65
1489,2026-04-10,Dublin,sale,83.04
1490,2026-04-10,Dublin,sale,152.67
1491,2026-04-10,Dublin,refund,-82.21
1492,2026-04-10,Dublin,sale,152.94
1493,2026-04-10,Dublin,sale,92.49
1494,2026-04-10,Dublin,sale,113.6
1495,2026-04-10,Dublin,sale,38.0
1496,2026-04-10,Dublin,sale,147.22
1497,2026-04-10,Dublin,sale,166.96
1498,2026-04-10,Dublin,sale,151.85
1499,2026-04-10,Dublin,sale,173.23
1500,2026-04-10,Dublin,sale,81.52
1501,2026-04-10,Dublin,sale,69.03
1502,2026-04-10,Dublin,sale,134.48
1503,2026-04-10,Dublin,sale,26.7
1504,2026-04-10,Dublin,sale,142.03
1505,2026-04-10,Dublin,sale,173.5
1506,2026-04-10,Dublin,sale,172.71
1507,2026-04-10,Edinburgh,sale,61.87
1508,2026-04-10,Edinburgh,sale,26.95
1509,2026-04-10,Edinburgh,sale,163.09
1510,2026-04-10,Edinburgh,sale,39.24
1511,2026-04-10,Edinburgh,sale,66.74
1512,2026-04-10,Edinburgh,sale,149.81
1513,2026-04-10,Edinburgh,sale,168.16
1514,2026-04-10,Edinburgh,sale,7.24
1515,2026-04-10,Edinburgh,sale,160.94
1516,2026-04-10,Edinburgh,sale,24.12
1517,2026-04-10,Edinburgh,sale,67.55
1518,2026-04-10,Edinburgh,sale,13.15
1519,2026-04-10,Edinburgh,sale,16.14
1520,2026-04-10,Edinburgh,sale,38.84
1521,2026-04-10,Edinburgh,sale,56.6
1522,2026-04-10,Edinburgh,sale,59.79
1523,2026-04-10,Edinburgh,sale,14.53
1524,2026-04-10,Edinburgh,sale,142.9
1525,2026-04-10,Edinburgh,sale,85.77
1526,2026-04-10,Edinburgh,sale,77.44
1527,2026-04-10,Edinburgh,sale,175.17
1528,2026-04-10,Florence,sale,167.47
1529,2026-04-10,Florence,sale,58.89
1530,2026-04-10,Florence,sale,65.72
1531,2026-04-10,Florence,sale,175.29
1532,2026-04-10,Florence,sale,132.01
1533,2026-04-10,Florence,sale,5.45
1534,2026-04-10,Florence,sale,23.8
1535,2026-04-10,Florence,sale,46.16
1536,2026-04-10,Florence,sale,12.67
1537,2026-04-10,Florence,sale,5.5
1538,2026-04-10,Florence,sale,15.6
1539,2026-04-10,Florence,sale,73.56
1540,2026-04-10,Florence,sale,114.84
1541,2026-04-10,Florence,refund,-54.07
1542,2026-04-10,Florence,sale,141.1
1543,2026-04-10,Florence,sale,107.74
1544,2026-04-10,Florence,sale,40.08
1545,2026-04-10,Florence,sale,35.92
1546,2026-04-10,Florence,sale,121.01
1547,2026-04-11,Amsterdam,sale,61.98
1548,2026-04-11,Amsterdam,sale,166.85
1549,2026-04-11,Amsterdam,sale,11.48
1550,2026-04-11,Amsterdam,sale,45.71
1551,2026-04-11,Amsterdam,sale,83.29
1552,2026-04-11,Amsterdam,sale,166.41
1553,2026-04-11,Amsterdam,sale,79.31
1554,2026-04-11,Amsterdam,sale,101.51
1555,2026-04-11,Amsterdam,sale,38.79
1556,2026-04-11,Amsterdam,sale,170.64
1557,2026-04-11,Amsterdam,sale,46.05
1558,2026-04-11,Amsterdam,sale,84.55
1559,2026-04-11,Amsterdam,sale,84.65
1560,2026-04-11,Amsterdam,sale,56.13
1561,2026-04-11,Amsterdam,sale,155.93
1562,2026-04-11,Amsterdam,sale,48.33
1563,2026-04-11,Amsterdam,sale,50.05
1564,2026-04-11,Amsterdam,sale,104.82
1565,2026-04-11,Amsterdam,sale,43.28
1566,2026-04-11,Amsterdam,sale,88.96
1567,2026-04-11,Amsterdam,sale,47.09
1568,2026-04-11,Amsterdam,sale,5.08
1569,2026-04-11,Amsterdam,sale,38.46
1570,2026-04-11,Amsterdam,sale,106.03
1571,2026-04-11,Amsterdam,sale,28.27
1572,2026-04-11,Amsterdam,sale,60.78
1573,2026-04-11,Amsterdam,sale,102.04
1574,2026-04-11,Amsterdam,sale,158.32
1575,2026-04-11,Amsterdam,sale,94.64
1576,2026-04-11,Amsterdam,sale,118.92
1577,2026-04-11,Amsterdam,sale,116.52
1578,2026-04-11,Berlin,sale,100.28
1579,2026-04-11,Berlin,sale,112.0
1580,2026-04-11,Berlin,sale,62.59
1581,2026-04-11,Berlin,sale,93.67
1582,2026-04-11,Berlin,sale,156.82
1583,2026-04-11,Berlin,sale,41.51
1584,2026-04-11,Berlin,sale,176.06
1585,2026-04-11,Berlin,sale,149.84
1586,2026-04-11,Berlin,sale,149.12
1587,2026-04-11,Berlin,sale,99.88
1588,2026-04-11,Berlin,sale,79.23
1589,2026-04-11,Berlin,sale,121.24
1590,2026-04-11,Berlin,sale,103.03
1591,2026-04-11,Berlin,refund,-146.22
1592,2026-04-11,Berlin,sale,113.0
1593,2026-04-11,Berlin,sale,130.62
1594,2026-04-11,Berlin,sale,5.76
1595,2026-04-11,Berlin,sale,74.22
1596,2026-04-11,Berlin,sale,47.46
1597,2026-04-11,Berlin,sale,44.51
1598,2026-04-11,Berlin,sale,119.84
1599,2026-04-11,Berlin,refund,-98.78
1600,2026-04-11,Berlin,sale,128.07
1601,2026-04-11,Berlin,sale,162.67
1602,2026-04-11,Berlin,sale,146.31
1603,2026-04-11,Berlin,sale,63.97
1604,2026-04-11,Berlin,sale,32.25
1605,2026-04-11,Berlin,sale,32.55
1606,2026-04-11,Berlin,sale,125.6
1607,2026-04-11,Berlin,sale,161.4
1608,2026-04-11,Berlin,sale,36.03
1609,2026-04-11,Berlin,refund,-76.92
1610,2026-04-11,Berlin,sale,48.32
1611,2026-04-11,Berlin,sale,19.39
1612,2026-04-11,Berlin,sale,85.15
1613,2026-04-11,Berlin,sale,98.24
1614,2026-04-11,Berlin,sale,95.37
1615,2026-04-11,Berlin,sale,29.34
1616,2026-04-11,Berlin,sale,156.4
1617,2026-04-11,Berlin,sale,83.81
1618,2026-04-11,Copenhagen,sale,103.71
1619,2026-04-11,Copenhagen,sale,166.42
1620,2026-04-11,Copenhagen,sale,116.72
1621,2026-04-11,Copenhagen,sale,119.49
1622,2026-04-11,Copenhagen,sale,122.41
1623,2026-04-11,Copenhagen,sale,68.94
1624,2026-04-11,Copenhagen,sale,67.47
1625,2026-04-11,Copenhagen,sale,57.11
1626,2026-04-11,Copenhagen,sale,150.56
1627,2026-04-11,Copenhagen,sale,88.67
1628,2026-04-11,Copenhagen,sale,137.22
1629,2026-04-11,Dublin,sale,71.44
1630,2026-04-11,Dublin,sale,8.78
1631,2026-04-11,Dublin,sale,81.75
1632,2026-04-11,Dublin,sale,44.61
1633,2026-04-11,Dublin,sale,168.34
1634,2026-04-11,Dublin,sale,84.72
1635,2026-04-11,Dublin,sale,5.93
1636,2026-04-11,Dublin,sale,113.27
1637,2026-04-11,Dublin,refund,-103.95
1638,2026-04-11,Dublin,sale,65.75
1639,2026-04-11,Dublin,sale,92.63
1640,2026-04-11,Dublin,sale,59.05
1641,2026-04-11,Dublin,sale,167.2
1642,2026-04-11,Dublin,sale,171.16
1643,2026-04-11,Dublin,sale,110.76
1644,2026-04-11,Dublin,sale,151.15
1645,2026-04-11,Dublin,sale,110.86
1646,2026-04-11,Dublin,sale,10.84
1647,2026-04-11,Dublin,sale,87.47
1648,2026-04-11,Dublin,sale,77.69
1649,2026-04-11,Dublin,sale,130.08
1650,2026-04-11,Dublin,sale,64.97
1651,2026-04-11,Dublin,sale,11.32
1652,2026-04-11,Edinburgh,sale,90.37
1653,2026-04-11,Edinburgh,sale,111.83
1654,2026-04-11,Edinburgh,sale,76.88
1655,2026-04-11,Edinburgh,sale,114.69
1656,2026-04-11,Edinburgh,sale,92.35
1657,2026-04-11,Edinburgh,sale,87.84
1658,2026-04-11,Edinburgh,sale,9.28
1659,2026-04-11,Edinburgh,sale,50.14
1660,2026-04-11,Edinburgh,sale,159.8
1661,2026-04-11,Edinburgh,sale,28.3
1662,2026-04-11,Edinburgh,sale,59.73
1663,2026-04-11,Edinburgh,sale,174.16
1664,2026-04-11,Edinburgh,sale,84.09
1665,2026-04-11,Edinburgh,sale,56.0
1666,2026-04-11,Edinburgh,sale,175.04
1667,2026-04-11,Edinburgh,sale,116.4
1668,2026-04-11,Edinburgh,sale,123.86
1669,2026-04-11,Florence,sale,145.15
1670,2026-04-11,Florence,sale,151.31
1671,2026-04-11,Florence,sale,11.42
1672,2026-04-11,Florence,sale,106.87
1673,2026-04-11,Florence,sale,119.32
1674,2026-04-11,Florence,sale,11.3
1675,2026-04-11,Florence,sale,125.36
1676,2026-04-11,Florence,sale,40.07
1677,2026-04-11,Florence,sale,77.93
1678,2026-04-11,Florence,sale,107.33
1679,2026-04-11,Florence,sale,18.16
1680,2026-04-11,Florence,sale,133.52
1681,2026-04-11,Florence,sale,98.95
1682,2026-04-11,Florence,sale,73.22
1683,2026-04-11,Florence,sale,159.87
1684,2026-04-11,Florence,sale,173.38
1685,2026-04-11,Florence,sale,162.59
1686,2026-04-12,Amsterdam,sale,5.46
1687,2026-04-12,Amsterdam,sale,22.4
1688,2026-04-12,Amsterdam,sale,96.65
1689,2026-04-12,Amsterdam,sale,53.59
1690,2026-04-12,Amsterdam,sale,173.31
1691,2026-04-12,Amsterdam,sale,168.11
1692,2026-04-12,Amsterdam,sale,30.7
1693,2026-04-12,Amsterdam,sale,88.34
1694,2026-04-12,Amsterdam,sale,65.19
1695,2026-04-12,Amsterdam,sale,70.79
1696,2026-04-12,Amsterdam,refund,-24.48
1697,2026-04-12,Amsterdam,sale,7.84
1698,2026-04-12,Amsterdam,sale,29.1
1699,2026-04-12,Amsterdam,sale,41.78
1700,2026-04-12,Amsterdam,sale,74.05
1701,2026-04-12,Amsterdam,sale,5.04
1702,2026-04-12,Amsterdam,sale,69.92
1703,2026-04-12,Amsterdam,sale,18.09
1704,2026-04-12,Amsterdam,sale,17.47
1705,2026-04-12,Amsterdam,sale,175.73
1706,2026-04-12,Amsterdam,sale,177.45
1707,2026-04-12,Amsterdam,sale,99.7
1708,2026-04-12,Amsterdam,sale,42.85
1709,2026-04-12,Amsterdam,sale,27.03
1710,2026-04-12,Amsterdam,sale,18.32
1711,2026-04-12,Amsterdam,sale,170.13
1712,2026-04-12,Amsterdam,sale,149.1
1713,2026-04-12,Amsterdam,sale,148.58
1714,2026-04-12,Amsterdam,sale,141.67
1715,2026-04-12,Amsterdam,sale,50.38
1716,2026-04-12,Amsterdam,sale,53.12
1717,2026-04-12,Berlin,sale,99.06
1718,2026-04-12,Berlin,sale,135.96
1719,2026-04-12,Berlin,sale,58.34
1720,2026-04-12,Berlin,sale,44.32
1721,2026-04-12,Berlin,sale,46.99
1722,2026-04-12,Berlin,sale,174.71
1723,2026-04-12,Berlin,sale,172.54
1724,2026-04-12,Berlin,sale,58.05
1725,2026-04-12,Berlin,sale,134.21
1726,2026-04-12,Berlin,sale,32.28
1727,2026-04-12,Berlin,sale,44.86
1728,2026-04-12,Berlin,sale,117.34
1729,2026-04-12,Berlin,sale,171.65
1730,2026-04-12,Berlin,sale,48.26
1731,2026-04-12,Berlin,sale,17.35
1732,2026-04-12,Berlin,refund,-37.53
1733,2026-04-12,Berlin,sale,30.4
1734,2026-04-12,Berlin,sale,150.69
1735,2026-04-12,Berlin,sale,78.4
1736,2026-04-12,Berlin,sale,50.65
1737,2026-04-12,Berlin,sale,52.83
1738,2026-04-12,Berlin,sale,9.16
1739,2026-04-12,Berlin,sale,178.77
1740,2026-04-12,Berlin,sale,102.95
1741,2026-04-12,Berlin,sale,38.82
1742,2026-04-12,Berlin,sale,14.09
1743,2026-04-12,Berlin,sale,146.94
1744,2026-04-12,Berlin,sale,107.02
1745,2026-04-12,Berlin,sale,29.36
1746,2026-04-12,Berlin,sale,95.2
1747,2026-04-12,Berlin,sale,90.47
1748,2026-04-12,Berlin,sale,23.89
1749,2026-04-12,Berlin,sale,147.01
1750,2026-04-12,Berlin,sale,169.14
1751,2026-04-12,Berlin,refund,-93.84
1752,2026-04-12,Berlin,sale,137.65
1753,2026-04-12,Berlin,sale,115.89
1754,2026-04-12,Berlin,sale,32.49
1755,2026-04-12,Berlin,sale,31.33
1756,2026-04-12,Berlin,sale,84.61
1757,2026-04-12,Berlin,sale,178.27
1758,2026-04-12,Berlin,sale,141.47
1759,2026-04-12,Berlin,sale,93.28
1760,2026-04-12,Berlin,sale,166.05
1761,2026-04-12,Berlin,sale,43.89
1762,2026-04-12,Berlin,sale,66.83
1763,2026-04-12,Berlin,refund,-29.48
1764,2026-04-12,Berlin,sale,148.71
1765,2026-04-12,Copenhagen,sale,115.17
1766,2026-04-12,Copenhagen,sale,54.57
1767,2026-04-12,Copenhagen,sale,174.3
1768,2026-04-12,Copenhagen,sale,174.79
1769,2026-04-12,Copenhagen,sale,27.05
1770,2026-04-12,Copenhagen,sale,35.16
1771,2026-04-12,Copenhagen,sale,133.84
1772,2026-04-12,Copenhagen,sale,71.07
1773,2026-04-12,Copenhagen,sale,95.68
1774,2026-04-12,Copenhagen,sale,70.41
1775,2026-04-12,Copenhagen,sale,67.31
1776,2026-04-12,Copenhagen,sale,105.65
1777,2026-04-12,Dublin,sale,117.78
1778,2026-04-12,Dublin,sale,91.66
1779,2026-04-12,Dublin,sale,118.49
1780,2026-04-12,Dublin,sale,67.74
1781,2026-04-12,Dublin,sale,157.26
1782,2026-04-12,Dublin,sale,109.97
1783,2026-04-12,Dublin,sale,138.68
1784,2026-04-12,Dublin,sale,9.36
1785,2026-04-12,Dublin,sale,41.13
1786,2026-04-12,Dublin,sale,142.61
1787,2026-04-12,Dublin,sale,49.64
1788,2026-04-12,Dublin,sale,10.14
1789,2026-04-12,Dublin,sale,21.51
1790,2026-04-12,Dublin,sale,43.6
1791,2026-04-12,Dublin,sale,117.15
1792,2026-04-12,Dublin,sale,179.59
1793,2026-04-12,Dublin,sale,101.62
1794,2026-04-12,Dublin,sale,65.85
1795,2026-04-12,Dublin,refund,-104.85
1796,2026-04-12,Dublin,refund,-116.15
1797,2026-04-12,Dublin,sale,122.54
1798,2026-04-12,Dublin,sale,86.85
1799,2026-04-12,Dublin,sale,20.7
1800,2026-04-12,Dublin,sale,155.84
1801,2026-04-12,Dublin,sale,71.84
1802,2026-04-12,Edinburgh,sale,170.61
1803,2026-04-12,Edinburgh,sale,100.58
1804,2026-04-12,Edinburgh,sale,155.35
1805,2026-04-12,Edinburgh,sale,87.76
1806,2026-04-12,Edinburgh,sale,90.9
1807,2026-04-12,Edinburgh,sale,64.81
1808,2026-04-12,Edinburgh,sale,154.85
1809,2026-04-12,Edinburgh,sale,22.61
1810,2026-04-12,Edinburgh,sale,157.15
1811,2026-04-12,Edinburgh,sale,104.59
1812,2026-04-12,Edinburgh,sale,84.19
1813,2026-04-12,Edinburgh,sale,68.03
1814,2026-04-12,Edinburgh,sale,24.64
1815,2026-04-12,Florence,sale,142.59
1816,2026-04-12,Florence,sale,77.05
1817,2026-04-12,Florence,sale,31.45
1818,2026-04-12,Florence,sale,137.55
1819,2026-04-12,Florence,sale,28.31
1820,2026-04-12,Florence,sale,57.42
1821,2026-04-12,Florence,sale,172.42
1822,2026-04-12,Florence,sale,24.3
1823,2026-04-12,Florence,sale,147.15
1824,2026-04-12,Florence,sale,122.56
1825,2026-04-12,Florence,sale,89.03
1826,2026-04-12,Florence,sale,73.81
1827,2026-04-12,Florence,refund,-101.33
1828,2026-04-12,Florence,sale,7.89
1829,2026-04-12,Florence,sale,138.6
1830,2026-04-12,Florence,sale,119.07
1831,2026-04-12,Florence,sale,67.59
1832,2026-04-12,Florence,sale,46.71
1833,2026-04-12,Florence,sale,93.94
1834,2026-04-12,Florence,sale,62.09
1835,2026-04-12,Florence,sale,60.58
1836,2026-04-12,Florence,sale,164.49
1837,2026-04-12,Florence,sale,18.43
1838,2026-04-12,Florence,sale,24.48
1839,2026-04-12,Florence,sale,70.39
1840,2026-04-13,Amsterdam,sale,87.36
1841,2026-04-13,Amsterdam,refund,-90.43
1842,2026-04-13,Amsterdam,sale,130.77
1843,2026-04-13,Amsterdam,sale,170.88
1844,2026-04-13,Amsterdam,sale,107.83
1845,2026-04-13,Amsterdam,sale,142.02
1846,2026-04-13,Amsterdam,sale,75.13
1847,2026-04-13,Amsterdam,sale,63.45
1848,2026-04-13,Amsterdam,sale,57.99
1849,2026-04-13,Amsterdam,sale,168.64
1850,2026-04-13,Amsterdam,sale,152.29
1851,2026-04-13,Amsterdam,sale,5.44
1852,2026-04-13,Amsterdam,sale,122.38
1853,2026-04-13,Amsterdam,sale,162.01
1854,2026-04-13,Amsterdam,sale,52.87
1855,2026-04-13,Amsterdam,sale,179.99
1856,2026-04-13,Amsterdam,sale,20.44
1857,2026-04-13,Amsterdam,sale,139.62
1858,2026-04-13,Amsterdam,sale,112.36
1859,2026-04-13,Amsterdam,sale,53.82
1860,2026-04-13,Amsterdam,sale,77.65
1861,2026-04-13,Amsterdam,sale,85.28
1862,2026-04-13,Amsterdam,sale,65.05
1863,2026-04-13,Amsterdam,sale,44.21
1864,2026-04-13,Amsterdam,sale,146.17
1865,2026-04-13,Berlin,sale,134.23
1866,2026-04-13,Berlin,sale,141.7
1867,2026-04-13,Berlin,sale,160.96
1868,2026-04-13,Berlin,sale,101.16
1869,2026-04-13,Berlin,sale,171.03
1870,2026-04-13,Berlin,sale,54.4
1871,2026-04-13,Berlin,sale,124.58
1872,2026-04-13,Berlin,sale,152.11
1873,2026-04-13,Berlin,sale,87.11
1874,2026-04-13,Berlin,sale,73.94
1875,2026-04-13,Berlin,sale,168.78
1876,2026-04-13,Berlin,sale,12.86
1877,2026-04-13,Berlin,sale,136.2
1878,2026-04-13,Berlin,sale,33.75
1879,2026-04-13,Berlin,sale,146.77
1880,2026-04-13,Berlin,sale,175.91
1881,2026-04-13,Berlin,sale,136.68
1882,2026-04-13,Berlin,sale,157.97
1883,2026-04-13,Berlin,sale,15.41
1884,2026-04-13,Berlin,sale,107.61
1885,2026-04-13,Berlin,sale,25.11
1886,2026-04-13,Berlin,sale,128.73
1887,2026-04-13,Berlin,sale,62.84
1888,2026-04-13,Berlin,sale,176.64
1889,2026-04-13,Berlin,sale,83.1
1890,2026-04-13,Berlin,sale,163.88
1891,2026-04-13,Berlin,sale,23.67
1892,2026-04-13,Berlin,sale,63.73
1893,2026-04-13,Berlin,sale,95.45
1894,2026-04-13,Berlin,sale,168.54
1895,2026-04-13,Berlin,sale,177.29
1896,2026-04-13,Berlin,sale,76.85
1897,2026-04-13,Berlin,sale,141.31
1898,2026-04-13,Berlin,sale,9.99
1899,2026-04-13,Berlin,sale,108.46
1900,2026-04-13,Berlin,sale,43.52
1901,2026-04-13,Berlin,sale,138.63
1902,2026-04-13,Berlin,sale,178.79
1903,2026-04-13,Berlin,sale,21.38
1904,2026-04-13,Berlin,sale,35.71
1905,2026-04-13,Berlin,sale,152.29
1906,2026-04-13,Berlin,sale,131.87
1907,2026-04-13,Berlin,sale,179.49
1908,2026-04-13,Copenhagen,sale,154.25
1909,2026-04-13,Copenhagen,refund,-46.54
1910,2026-04-13,Copenhagen,sale,69.88
1911,2026-04-13,Copenhagen,sale,117.51
1912,2026-04-13,Copenhagen,sale,44.95
1913,2026-04-13,Copenhagen,sale,162.02
1914,2026-04-13,Copenhagen,sale,46.76
1915,2026-04-13,Copenhagen,sale,174.53
1916,2026-04-13,Copenhagen,sale,10.69
1917,2026-04-13,Copenhagen,sale,77.78
1918,2026-04-13,Copenhagen,refund,-151.75
1919,2026-04-13,Dublin,sale,49.87
1920,2026-04-13,Dublin,sale,32.54
1921,2026-04-13,Dublin,sale,60.51
1922,2026-04-13,Dublin,sale,42.33
1923,2026-04-13,Dublin,sale,85.25
1924,2026-04-13,Dublin,sale,88.42
1925,2026-04-13,Dublin,sale,55.91
1926,2026-04-13,Dublin,sale,121.24
1927,2026-04-13,Dublin,sale,111.75
1928,2026-04-13,Dublin,sale,151.89
1929,2026-04-13,Dublin,sale,9.63
1930,2026-04-13,Dublin,sale,152.28
1931,2026-04-13,Dublin,sale,93.23
1932,2026-04-13,Dublin,sale,154.44
1933,2026-04-13,Dublin,sale,126.52
1934,2026-04-13,Dublin,sale,46.15
1935,2026-04-13,Dublin,sale,31.74
1936,2026-04-13,Dublin,sale,128.08
1937,2026-04-13,Dublin,sale,69.39
1938,2026-04-13,Dublin,sale,74.2
1939,2026-04-13,Dublin,sale,123.9
1940,2026-04-13,Dublin,sale,85.35
1941,2026-04-13,Dublin,sale,164.54
1942,2026-04-13,Dublin,sale,27.92
1943,2026-04-13,Dublin,sale,174.05
1944,2026-04-13,Dublin,sale,52.63
1945,2026-04-13,Edinburgh,sale,5.55
1946,2026-04-13,Edinburgh,sale,108.05
1947,2026-04-13,Edinburgh,sale,26.71
1948,2026-04-13,Edinburgh,sale,90.46
1949,2026-04-13,Edinburgh,sale,35.11
1950,2026-04-13,Edinburgh,sale,6.9
1951,2026-04-13,Edinburgh,refund,-175.84
1952,2026-04-13,Edinburgh,sale,12.88
1953,2026-04-13,Edinburgh,sale,45.68
1954,2026-04-13,Edinburgh,sale,111.73
1955,2026-04-13,Edinburgh,sale,125.58
1956,2026-04-13,Edinburgh,sale,168.36
1957,2026-04-13,Edinburgh,sale,56.37
1958,2026-04-13,Edinburgh,sale,14.54
1959,2026-04-13,Edinburgh,sale,54.22
1960,2026-04-13,Edinburgh,sale,111.55
1961,2026-04-13,Edinburgh,sale,159.02
1962,2026-04-13,Edinburgh,sale,153.95
1963,2026-04-13,Edinburgh,sale,46.01
1964,2026-04-13,Edinburgh,sale,71.66
1965,2026-04-13,Edinburgh,sale,158.47
1966,2026-04-13,Florence,sale,133.14
1967,2026-04-13,Florence,sale,50.76
1968,2026-04-13,Florence,sale,106.32
1969,2026-04-13,Florence,sale,121.29
1970,2026-04-13,Florence,sale,89.3
1971,2026-04-13,Florence,sale,115.77
1972,2026-04-13,Florence,sale,135.56
1973,2026-04-13,Florence,sale,47.2
1974,2026-04-13,Florence,sale,99.06
1975,2026-04-13,Florence,sale,11.0
1976,2026-04-13,Florence,sale,160.55
1977,2026-04-13,Florence,sale,148.25
1978,2026-04-13,Florence,sale,39.86
1979,2026-04-13,Florence,sale,105.21
1980,2026-04-13,Florence,sale,12.38
1981,2026-04-13,Florence,sale,110.46
1982,2026-04-13,Florence,sale,126.24
1983,2026-04-13,Florence,sale,70.26
1984,2026-04-13,Florence,sale,155.48
1985,2026-04-13,Florence,sale,99.11
1986,2026-04-13,Florence,sale,94.56
1987,2026-04-13,Florence,sale,48.41
1988,2026-04-13,Florence,sale,93.94
1989,2026-04-13,Florence,sale,40.18
1990,2026-04-13,Florence,sale,65.7
1991,2026-04-13,Florence,sale,67.58
1992,2026-04-13,Florence,sale,88.65
1993,2026-04-14,Amsterdam,sale,161.79
1994,2026-04-14,Amsterdam,sale,149.28
1995,2026-04-14,Amsterdam,sale,169.06
1996,2026-04-14,Amsterdam,sale,37.77
1997,2026-04-14,Amsterdam,sale,144.83
1998,2026-04-14,Amsterdam,sale,114.25
1999,2026-04-14,Amsterdam,refund,-13.68
2000,2026-04-14,Amsterdam,refund,-118.48
2001,2026-04-14,Amsterdam,sale,66.87
2002,2026-04-14,Amsterdam,sale,16.33
2003,2026-04-14,Amsterdam,sale,114.49
2004,2026-04-14,Amsterdam,sale,68.87
2005,2026-04-14,Amsterdam,sale,176.44
2006,2026-04-14,Amsterdam,sale,100.81
2007,2026-04-14,Amsterdam,sale,96.46
2008,2026-04-14,Amsterdam,sale,108.22
2009,2026-04-14,Amsterdam,sale,61.43
2010,2026-04-14,Amsterdam,sale,42.52
2011,2026-04-14,Amsterdam,sale,113.02
2012,2026-04-14,Amsterdam,sale,40.04
2013,2026-04-14,Amsterdam,sale,53.48
2014,2026-04-14,Amsterdam,sale,104.89
2015,2026-04-14,Amsterdam,sale,50.77
2016,2026-04-14,Amsterdam,sale,16.71
2017,2026-04-14,Amsterdam,sale,114.76
2018,2026-04-14,Amsterdam,sale,78.98
2019,2026-04-14,Amsterdam,sale,91.26
2020,2026-04-14,Amsterdam,sale,43.01
2021,2026-04-14,Amsterdam,sale,82.49
2022,2026-04-14,Amsterdam,sale,175.06
2023,2026-04-14,Amsterdam,sale,117.25
2024,2026-04-14,Amsterdam,sale,162.43
2025,2026-04-14,Berlin,sale,56.13
2026,2026-04-14,Berlin,sale,152.23
2027,2026-04-14,Berlin,sale,160.57
2028,2026-04-14,Berlin,sale,161.44
2029,2026-04-14,Berlin,sale,48.9
2030,2026-04-14,Berlin,sale,46.99
2031,2026-04-14,Berlin,sale,164.01
2032,2026-04-14,Berlin,sale,154.16
2033,2026-04-14,Berlin,sale,51.27
2034,2026-04-14,Berlin,sale,120.65
2035,2026-04-14,Berlin,sale,96.04
2036,2026-04-14,Berlin,sale,172.64
2037,2026-04-14,Berlin,sale,113.33
2038,2026-04-14,Berlin,sale,66.54
2039,2026-04-14,Berlin,sale,145.28
2040,2026-04-14,Berlin,sale,155.74
2041,2026-04-14,Berlin,sale,49.26
2042,2026-04-14,Berlin,sale,19.15
2043,2026-04-14,Berlin,sale,72.87
2044,2026-04-14,Berlin,sale,10.89
2045,2026-04-14,Berlin,sale,70.44
2046,2026-04-14,Berlin,sale,111.69
2047,2026-04-14,Berlin,sale,17.25
2048,2026-04-14,Berlin,sale,104.9
2049,2026-04-14,Berlin,sale,94.51
2050,2026-04-14,Berlin,sale,117.59
2051,2026-04-14,Berlin,sale,120.32
2052,2026-04-14,Berlin,sale,177.14
2053,2026-04-14,Berlin,sale,68.8
2054,2026-04-14,Berlin,sale,164.68
2055,2026-04-14,Berlin,sale,22.87
2056,2026-04-14,Berlin,sale,34.27
2057,2026-04-14,Berlin,sale,74.52
2058,2026-04-14,Berlin,sale,55.41
2059,2026-04-14,Berlin,sale,154.77
2060,2026-04-14,Berlin,sale,62.84
2061,2026-04-14,Berlin,sale,56.64
2062,2026-04-14,Berlin,sale,28.67
2063,2026-04-14,Berlin,refund,-89.49
2064,2026-04-14,Berlin,sale,74.04
2065,2026-04-14,Berlin,sale,166.11
2066,2026-04-14,Copenhagen,sale,170.37
2067,2026-04-14,Copenhagen,sale,123.35
2068,2026-04-14,Copenhagen,sale,116.88
2069,2026-04-14,Copenhagen,sale,50.62
2070,2026-04-14,Copenhagen,sale,108.31
2071,2026-04-14,Copenhagen,refund,-128.66
2072,2026-04-14,Copenhagen,sale,21.63
2073,2026-04-14,Copenhagen,sale,16.7
2074,2026-04-14,Copenhagen,sale,168.48
2075,2026-04-14,Copenhagen,sale,146.86
2076,2026-04-14,Dublin,sale,95.71
2077,2026-04-14,Dublin,sale,59.86
2078,2026-04-14,Dublin,refund,-100.1
2079,2026-04-14,Dublin,sale,109.17
2080,2026-04-14,Dublin,sale,82.6
2081,2026-04-14,Dublin,sale,75.6
2082,2026-04-14,Dublin,sale,17.82
2083,2026-04-14,Dublin,sale,7.95
2084,2026-04-14,Dublin,sale,143.55
2085,2026-04-14,Dublin,sale,171.68
2086,2026-04-14,Dublin,sale,68.09
2087,2026-04-14,Dublin,sale,45.27
2088,2026-04-14,Dublin,sale,18.92
2089,2026-04-14,Dublin,sale,24.59
2090,2026-04-14,Dublin,sale,143.33
2091,2026-04-14,Dublin,sale,40.1
2092,2026-04-14,Dublin,sale,167.75
2093,2026-04-14,Dublin,sale,16.31
2094,2026-04-14,Dublin,sale,119.87
2095,2026-04-14,Dublin,sale,114.28
2096,2026-04-14,Dublin,sale,128.07
2097,2026-04-14,Dublin,sale,156.55
2098,2026-04-14,Dublin,sale,32.41
2099,2026-04-14,Edinburgh,sale,111.74
2100,2026-04-14,Edinburgh,sale,92.22
2101,2026-04-14,Edinburgh,sale,116.75
2102,2026-04-14,Edinburgh,sale,139.24
2103,2026-04-14,Edinburgh,sale,42.46
2104,2026-04-14,Edinburgh,sale,105.12
2105,2026-04-14,Edinburgh,sale,124.96
2106,2026-04-14,Edinburgh,sale,15.57
2107,2026-04-14,Edinburgh,sale,40.13
2108,2026-04-14,Edinburgh,refund,-33.85
2109,2026-04-14,Edinburgh,sale,153.13
2110,2026-04-14,Edinburgh,sale,40.77
2111,2026-04-14,Edinburgh,sale,167.81
2112,2026-04-14,Florence,sale,60.63
2113,2026-04-14,Florence,sale,101.57
2114,2026-04-14,Florence,sale,137.54
2115,2026-04-14,Florence,sale,89.56
2116,2026-04-14,Florence,sale,100.69
2117,2026-04-14,Florence,sale,172.88
2118,2026-04-14,Florence,sale,35.1
2119,2026-04-14,Florence,sale,15.66
2120,2026-04-14,Florence,sale,160.54
2121,2026-04-14,Florence,sale,51.72
2122,2026-04-14,Florence,sale,24.54
2123,2026-04-14,Florence,sale,26.49
2124,2026-04-14,Florence,sale,113.12
2125,2026-04-14,Florence,sale,179.03
2126,2026-04-14,Florence,sale,123.1
2127,2026-04-14,Florence,sale,24.23
2128,2026-04-14,Florence,sale,13.02
2129,2026-04-14,Florence,refund,-158.75
2130,2026-04-14,Florence,sale,64.5
2131,2026-04-14,Florence,sale,174.33
2132,2026-04-15,Amsterdam,sale,152.78
2133,2026-04-15,Amsterdam,sale,76.48
2134,2026-04-15,Amsterdam,sale,86.79
2135,2026-04-15,Amsterdam,sale,74.71
2136,2026-04-15,Amsterdam,sale,28.83
2137,2026-04-15,Amsterdam,sale,16.45
2138,2026-04-15,Amsterdam,sale,11.87
2139,2026-04-15,Amsterdam,sale,161.2
2140,2026-04-15,Amsterdam,sale,41.19
2141,2026-04-15,Amsterdam,sale,74.98
2142,2026-04-15,Amsterdam,sale,124.36
2143,2026-04-15,Amsterdam,sale,152.43
2144,2026-04-15,Amsterdam,sale,145.61
2145,2026-04-15,Amsterdam,sale,159.46
2146,2026-04-15,Amsterdam,sale,86.09
2147,2026-04-15,Amsterdam,refund,-100.95
2148,2026-04-15,Amsterdam,sale,116.48
2149,2026-04-15,Amsterdam,sale,126.23
2150,2026-04-15,Amsterdam,sale,48.17
2151,2026-04-15,Amsterdam,sale,116.25
2152,2026-04-15,Amsterdam,refund,-111.02
2153,2026-04-15,Amsterdam,sale,174.37
2154,2026-04-15,Amsterdam,sale,19.69
2155,2026-04-15,Amsterdam,sale,42.82
2156,2026-04-15,Amsterdam,sale,167.06
2157,2026-04-15,Berlin,sale,33.53
2158,2026-04-15,Berlin,sale,26.5
2159,2026-04-15,Berlin,refund,-132.89
2160,2026-04-15,Berlin,sale,131.11
2161,2026-04-15,Berlin,sale,108.41
2162,2026-04-15,Berlin,sale,149.84
2163,2026-04-15,Berlin,sale,172.05
2164,2026-04-15,Berlin,sale,118.99
2165,2026-04-15,Berlin,sale,167.09
2166,2026-04-15,Berlin,sale,136.55
2167,2026-04-15,Berlin,sale,112.93
2168,2026-04-15,Berlin,sale,163.97
2169,2026-04-15,Berlin,sale,54.22
2170,2026-04-15,Berlin,sale,72.37
2171,2026-04-15,Berlin,sale,150.88
2172,2026-04-15,Berlin,sale,168.23
2173,2026-04-15,Berlin,refund,-58.5
2174,2026-04-15,Berlin,sale,157.52
2175,2026-04-15,Berlin,sale,91.4
2176,2026-04-15,Berlin,sale,64.47
2177,2026-04-15,Berlin,sale,67.95
2178,2026-04-15,Berlin,sale,72.45
2179,2026-04-15,Berlin,sale,55.51
2180,2026-04-15,Berlin,sale,43.24
2181,2026-04-15,Berlin,sale,116.58
2182,2026-04-15,Berlin,sale,27.66
2183,2026-04-15,Berlin,sale,53.98
2184,2026-04-15,Berlin,sale,37.18
2185,2026-04-15,Berlin,sale,88.4
2186,2026-04-15,Berlin,sale,66.51
2187,2026-04-15,Berlin,sale,25.1
2188,2026-04-15,Berlin,sale,166.4
2189,2026-04-15,Berlin,sale,132.78
2190,2026-04-15,Berlin,sale,162.73
2191,2026-04-15,Berlin,sale,105.59
2192,2026-04-15,Berlin,sale,106.1
2193,2026-04-15,Berlin,sale,26.92
2194,2026-04-15,Berlin,sale,34.73
2195,2026-04-15,Berlin,sale,60.32
2196,2026-04-15,Berlin,sale,23.41
2197,2026-04-15,Berlin,sale,85.87
2198,2026-04-15,Berlin,sale,73.78
2199,2026-04-15,Berlin,sale,50.11
2200,2026-04-15,Copenhagen,sale,7.91
2201,2026-04-15,Copenhagen,sale,40.22
2202,2026-04-15,Copenhagen,sale,62.41
2203,2026-04-15,Copenhagen,sale,11.48
2204,2026-04-15,Copenhagen,sale,101.67
2205,2026-04-15,Copenhagen,sale,43.61
2206,2026-04-15,Copenhagen,sale,123.01
2207,2026-04-15,Copenhagen,sale,177.38
2208,2026-04-15,Dublin,sale,93.58
2209,2026-04-15,Dublin,sale,66.28
2210,2026-04-15,Dublin,sale,163.67
2211,2026-04-15,Dublin,sale,117.12
2212,2026-04-15,Dublin,sale,117.65
2213,2026-04-15,Dublin,sale,175.9
2214,2026-04-15,Dublin,sale,126.52
2215,2026-04-15,Dublin,sale,105.5
2216,2026-04-15,Dublin,sale,174.27
2217,2026-04-15,Dublin,sale,79.84
2218,2026-04-15,Dublin,sale,155.81
2219,2026-04-15,Dublin,sale,94.06
2220,2026-04-15,Dublin,sale,142.54
2221,2026-04-15,Dublin,sale,109.63
2222,2026-04-15,Dublin,sale,10.89
2223,2026-04-15,Dublin,refund,-7.77
2224,2026-04-15,Dublin,sale,154.88
2225,2026-04-15,Dublin,sale,39.64
2226,2026-04-15,Dublin,sale,138.87
2227,2026-04-15,Dublin,sale,97.6
2228,2026-04-15,Dublin,sale,119.29
2229,2026-04-15,Dublin,refund,-48.73
2230,2026-04-15,Dublin,sale,99.26
2231,2026-04-15,Dublin,sale,39.37
2232,2026-04-15,Dublin,sale,112.54
2233,2026-04-15,Dublin,sale,141.93
2234,2026-04-15,Dublin,sale,82.89
2235,2026-04-15,Dublin,sale,133.8
2236,2026-04-15,Edinburgh,sale,126.83
2237,2026-04-15,Edinburgh,sale,16.98
2238,2026-04-15,Edinburgh,sale,116.48
2239,2026-04-15,Edinburgh,sale,176.68
2240,2026-04-15,Edinburgh,sale,159.75
2241,2026-04-15,Edinburgh,sale,178.39
2242,2026-04-15,Edinburgh,sale,78.05
2243,2026-04-15,Edinburgh,sale,113.19
2244,2026-04-15,Edinburgh,sale,99.73
2245,2026-04-15,Edinburgh,sale,18.8
2246,2026-04-15,Edinburgh,sale,120.23
2247,2026-04-15,Edinburgh,sale,150.61
2248,2026-04-15,Edinburgh,sale,73.94
2249,2026-04-15,Edinburgh,sale,118.42
2250,2026-04-15,Edinburgh,sale,63.57
2251,2026-04-15,Edinburgh,sale,122.38
2252,2026-04-15,Edinburgh,sale,148.42
2253,2026-04-15,Edinburgh,sale,47.14
2254,2026-04-15,Florence,sale,111.39
2255,2026-04-15,Florence,sale,21.67
2256,2026-04-15,Florence,sale,178.01
2257,2026-04-15,Florence,sale,128.49
2258,2026-04-15,Florence,sale,25.9
2259,2026-04-15,Florence,sale,172.58
2260,2026-04-15,Florence,sale,94.08
2261,2026-04-15,Florence,refund,-176.07
2262,2026-04-15,Florence,sale,121.51
2263,2026-04-15,Florence,sale,161.36
2264,2026-04-15,Florence,sale,156.13
2265,2026-04-15,Florence,sale,165.91
2266,2026-04-15,Florence,sale,139.74
2267,2026-04-15,Florence,sale,10.7
2268,2026-04-15,Florence,sale,85.52
2269,2026-04-15,Florence,sale,33.18
2270,2026-04-15,Florence,sale,159.12
2271,2026-04-15,Florence,sale,41.04
2272,2026-04-15,Florence,sale,177.09
2273,2026-04-15,Florence,sale,102.01
2274,2026-04-15,Florence,sale,87.48
2275,2026-04-15,Florence,sale,22.78
2276,2026-04-15,Florence,sale,167.4
2277,2026-04-15,Florence,sale,132.87
2278,2026-04-15,Florence,sale,11.63
2279,2026-04-15,Florence,sale,73.13
2280,2026-04-16,Amsterdam,sale,55.46
2281,2026-04-16,Amsterdam,sale,169.95
2282,2026-04-16,Amsterdam,sale,169.79
2283,2026-04-16,Amsterdam,sale,104.52
2284,2026-04-16,Amsterdam,sale,59.52
2285,2026-04-16,Amsterdam,sale,122.15
2286,2026-04-16,Amsterdam,sale,29.85
2287,2026-04-16,Amsterdam,sale,44.9
2288,2026-04-16,Amsterdam,sale,37.02
2289,2026-04-16,Amsterdam,sale,149.58
2290,2026-04-16,Amsterdam,sale,113.87
2291,2026-04-16,Amsterdam,sale,153.92
2292,2026-04-16,Amsterdam,sale,47.68
2293,2026-04-16,Amsterdam,sale,40.85
2294,2026-04-16,Amsterdam,sale,34.16
2295,2026-04-16,Amsterdam,sale,163.77
2296,2026-04-16,Amsterdam,sale,52.38
2297,2026-04-16,Amsterdam,sale,119.7
2298,2026-04-16,Amsterdam,sale,86.4
2299,2026-04-16,Amsterdam,refund,-118.05
2300,2026-04-16,Amsterdam,sale,147.15
2301,2026-04-16,Amsterdam,sale,96.98
2302,2026-04-16,Amsterdam,sale,20.06
2303,2026-04-16,Amsterdam,sale,52.34
2304,2026-04-16,Amsterdam,sale,14.35
2305,2026-04-16,Amsterdam,sale,130.45
2306,2026-04-16,Amsterdam,sale,110.44
2307,2026-04-16,Amsterdam,sale,178.78
2308,2026-04-16,Amsterdam,sale,54.41
2309,2026-04-16,Amsterdam,sale,94.24
2310,2026-04-16,Amsterdam,sale,49.24
2311,2026-04-16,Berlin,sale,8.59
2312,2026-04-16,Berlin,sale,67.7
2313,2026-04-16,Berlin,sale,148.0
2314,2026-04-16,Berlin,sale,103.18
2315,2026-04-16,Berlin,sale,34.18
2316,2026-04-16,Berlin,sale,158.69
2317,2026-04-16,Berlin,sale,59.67
2318,2026-04-16,Berlin,sale,28.79
2319,2026-04-16,Berlin,sale,86.95
2320,2026-04-16,Berlin,sale,7.28
2321,2026-04-16,Berlin,sale,160.48
2322,2026-04-16,Berlin,sale,21.26
2323,2026-04-16,Berlin,sale,16.71
2324,2026-04-16,Berlin,sale,38.65
2325,2026-04-16,Berlin,sale,146.94
2326,2026-04-16,Berlin,sale,18.28
2327,2026-04-16,Berlin,sale,127.04
2328,2026-04-16,Berlin,sale,108.03
2329,2026-04-16,Berlin,sale,138.46
2330,2026-04-16,Berlin,sale,16.2
2331,2026-04-16,Berlin,sale,83.81
2332,2026-04-16,Berlin,sale,107.19
2333,2026-04-16,Berlin,sale,14.43
2334,2026-04-16,Berlin,sale,73.57
2335,2026-04-16,Berlin,sale,121.24
2336,2026-04-16,Berlin,sale,32.88
2337,2026-04-16,Berlin,sale,94.17
2338,2026-04-16,Berlin,sale,78.42
2339,2026-04-16,Berlin,sale,45.7
2340,2026-04-16,Berlin,sale,33.67
2341,2026-04-16,Berlin,sale,132.32
2342,2026-04-16,Berlin,sale,101.55
2343,2026-04-16,Berlin,sale,142.34
2344,2026-04-16,Berlin,sale,58.24
2345,2026-04-16,Berlin,sale,86.57
2346,2026-04-16,Berlin,sale,112.44
2347,2026-04-16,Berlin,sale,97.07
2348,2026-04-16,Berlin,sale,116.93
2349,2026-04-16,Berlin,sale,170.67
2350,2026-04-16,Berlin,sale,48.51
2351,2026-04-16,Berlin,sale,41.69
2352,2026-04-16,Copenhagen,sale,112.0
2353,2026-04-16,Copenhagen,sale,41.17
2354,2026-04-16,Copenhagen,sale,5.43
2355,2026-04-16,Copenhagen,sale,165.01
2356,2026-04-16,Copenhagen,sale,132.73
2357,2026-04-16,Copenhagen,refund,-116.08
2358,2026-04-16,Copenhagen,sale,177.46
2359,2026-04-16,Copenhagen,sale,47.05
2360,2026-04-16,Dublin,sale,16.41
2361,2026-04-16,Dublin,sale,146.2
2362,2026-04-16,Dublin,sale,87.25
2363,2026-04-16,Dublin,sale,11.19
2364,2026-04-16,Dublin,sale,100.79
2365,2026-04-16,Dublin,sale,141.17
2366,2026-04-16,Dublin,sale,101.33
2367,2026-04-16,Dublin,sale,176.97
2368,2026-04-16,Dublin,sale,93.27
2369,2026-04-16,Dublin,sale,47.91
2370,2026-04-16,Dublin,sale,98.99
2371,2026-04-16,Dublin,sale,78.76
2372,2026-04-16,Dublin,sale,155.45
2373,2026-04-16,Dublin,sale,149.78
2374,2026-04-16,Dublin,sale,39.57
2375,2026-04-16,Dublin,sale,32.16
2376,2026-04-16,Dublin,sale,103.38
2377,2026-04-16,Dublin,sale,38.92
2378,2026-04-16,Dublin,sale,178.62
2379,2026-04-16,Dublin,sale,18.51
2380,2026-04-16,Dublin,sale,86.42
2381,2026-04-16,Dublin,sale,92.14
2382,2026-04-16,Dublin,sale,53.69
2383,2026-04-16,Dublin,sale,50.58
2384,2026-04-16,Dublin,sale,82.64
2385,2026-04-16,Edinburgh,sale,94.27
2386,2026-04-16,Edinburgh,sale,105.54
2387,2026-04-16,Edinburgh,sale,7.42
2388,2026-04-16,Edinburgh,sale,69.47
2389,2026-04-16,Edinburgh,sale,138.49
2390,2026-04-16,Edinburgh,sale,115.43
2391,2026-04-16,Edinburgh,sale,162.58
2392,2026-04-16,Edinburgh,sale,145.01
2393,2026-04-16,Edinburgh,sale,56.42
2394,2026-04-16,Edinburgh,sale,140.54
2395,2026-04-16,Edinburgh,refund,-43.92
2396,2026-04-16,Edinburgh,sale,132.97
2397,2026-04-16,Edinburgh,sale,29.11
2398,2026-04-16,Edinburgh,sale,21.28
2399,2026-04-16,Edinburgh,sale,55.67
2400,2026-04-16,Edinburgh,sale,166.24
2401,2026-04-16,Edinburgh,refund,-100.26
2402,2026-04-16,Edinburgh,sale,42.39
2403,2026-04-16,Edinburgh,sale,72.98
2404,2026-04-16,Edinburgh,sale,65.43
2405,2026-04-16,Edinburgh,sale,34.56
2406,2026-04-16,Edinburgh,sale,168.16
2407,2026-04-16,Edinburgh,sale,120.21
2408,2026-04-16,Florence,sale,35.85
2409,2026-04-16,Florence,sale,42.86
2410,2026-04-16,Florence,sale,51.36
2411,2026-04-16,Florence,sale,142.1
2412,2026-04-16,Florence,sale,12.02
2413,2026-04-16,Florence,sale,174.77
2414,2026-04-16,Florence,sale,160.79
2415,2026-04-16,Florence,sale,167.58
2416,2026-04-16,Florence,sale,51.86
2417,2026-04-16,Florence,sale,121.54
2418,2026-04-16,Florence,sale,40.06
2419,2026-04-16,Florence,sale,172.66
2420,2026-04-16,Florence,sale,131.33
2421,2026-04-16,Florence,sale,153.07
2422,2026-04-16,Florence,sale,86.25
2423,2026-04-16,Florence,sale,34.26
2424,2026-04-16,Florence,sale,83.12
2425,2026-04-16,Florence,sale,152.49
2426,2026-04-16,Florence,sale,108.86
2427,2026-04-16,Florence,sale,136.83
2428,2026-04-16,Florence,sale,164.16
2429,2026-04-16,Florence,sale,163.14
2430,2026-04-16,Florence,sale,170.05
2431,2026-04-16,Florence,sale,114.53
2432,2026-04-17,Amsterdam,sale,11.07
2433,2026-04-17,Amsterdam,sale,102.07
2434,2026-04-17,Amsterdam,sale,173.16
2435,2026-04-17,Amsterdam,sale,139.82
2436,2026-04-17,Amsterdam,sale,70.22
2437,2026-04-17,Amsterdam,sale,134.16
2438,2026-04-17,Amsterdam,sale,127.26
2439,2026-04-17,Amsterdam,sale,36.92
2440,2026-04-17,Amsterdam,sale,59.93
2441,2026-04-17,Amsterdam,sale,16.66
2442,2026-04-17,Amsterdam,sale,142.41
2443,2026-04-17,Amsterdam,sale,120.1
2444,2026-04-17,Amsterdam,sale,87.97
2445,2026-04-17,Amsterdam,sale,122.87
2446,2026-04-17,Amsterdam,sale,140.57
2447,2026-04-17,Amsterdam,sale,14.47
2448,2026-04-17,Amsterdam,sale,25.07
2449,2026-04-17,Amsterdam,sale,38.34
2450,2026-04-17,Amsterdam,sale,53.56
2451,2026-04-17,Amsterdam,sale,80.63
2452,2026-04-17,Amsterdam,sale,5.53
2453,2026-04-17,Amsterdam,sale,43.32
2454,2026-04-17,Amsterdam,sale,35.62
2455,2026-04-17,Amsterdam,sale,47.06
2456,2026-04-17,Amsterdam,sale,8.42
2457,2026-04-17,Amsterdam,sale,175.46
2458,2026-04-17,Amsterdam,sale,137.31
2459,2026-04-17,Amsterdam,sale,110.13
2460,2026-04-17,Amsterdam,sale,26.74
2461,2026-04-17,Amsterdam,refund,-106.56
2462,2026-04-17,Amsterdam,sale,20.79
2463,2026-04-17,Amsterdam,sale,176.51
2464,2026-04-17,Amsterdam,sale,85.17
2465,2026-04-17,Amsterdam,sale,147.22
2466,2026-04-17,Amsterdam,sale,32.14
2467,2026-04-17,Berlin,sale,156.91
2468,2026-04-17,Berlin,sale,162.74
2469,2026-04-17,Berlin,sale,29.65
2470,2026-04-17,Berlin,sale,161.78
2471,2026-04-17,Berlin,sale,123.13
2472,2026-04-17,Berlin,sale,80.8
2473,2026-04-17,Berlin,sale,160.72
2474,2026-04-17,Berlin,sale,65.76
2475,2026-04-17,Berlin,sale,8.14
2476,2026-04-17,Berlin,sale,108.78
2477,2026-04-17,Berlin,sale,165.16
2478,2026-04-17,Berlin,sale,129.18
2479,2026-04-17,Berlin,sale,33.64
2480,2026-04-17,Berlin,sale,158.33
2481,2026-04-17,Berlin,sale,58.9
2482,2026-04-17,Berlin,sale,41.67
2483,2026-04-17,Berlin,sale,36.41
2484,2026-04-17,Berlin,sale,109.66
2485,2026-04-17,Berlin,sale,57.99
2486,2026-04-17,Berlin,sale,169.63
2487,2026-04-17,Berlin,sale,112.26
2488,2026-04-17,Berlin,sale,101.48
2489,2026-04-17,Berlin,sale,29.08
2490,2026-04-17,Berlin,sale,123.85
2491,2026-04-17,Berlin,sale,158.81
2492,2026-04-17,Berlin,sale,110.88
2493,2026-04-17,Berlin,sale,37.5
2494,2026-04-17,Berlin,sale,66.86
2495,2026-04-17,Berlin,sale,125.92
2496,2026-04-17,Berlin,sale,173.03
2497,2026-04-17,Berlin,sale,57.08
2498,2026-04-17,Berlin,refund,-54.77
2499,2026-04-17,Berlin,sale,71.93
2500,2026-04-17,Berlin,sale,167.56
2501,2026-04-17,Berlin,sale,114.5
2502,2026-04-17,Berlin,sale,27.42
2503,2026-04-17,Berlin,sale,163.07
2504,2026-04-17,Berlin,sale,14.0
2505,2026-04-17,Berlin,sale,23.12
2506,2026-04-17,Berlin,sale,27.09
2507,2026-04-17,Berlin,sale,147.71
2508,2026-04-17,Berlin,sale,47.17
2509,2026-04-17,Copenhagen,sale,17.09
2510,2026-04-17,Copenhagen,sale,28.6
2511,2026-04-17,Copenhagen,sale,94.75
2512,2026-04-17,Copenhagen,sale,60.11
2513,2026-04-17,Copenhagen,sale,87.01
2514,2026-04-17,Copenhagen,sale,59.76
2515,2026-04-17,Copenhagen,sale,103.5
2516,2026-04-17,Copenhagen,sale,55.39
2517,2026-04-17,Copenhagen,sale,70.07
2518,2026-04-17,Dublin,sale,10.59
2519,2026-04-17,Dublin,sale,121.03
2520,2026-04-17,Dublin,sale,159.7
2521,2026-04-17,Dublin,sale,37.94
2522,2026-04-17,Dublin,sale,135.41
2523,2026-04-17,Dublin,sale,9.85
2524,2026-04-17,Dublin,sale,92.23
2525,2026-04-17,Dublin,sale,174.18
2526,2026-04-17,Dublin,sale,36.74
2527,2026-04-17,Dublin,sale,164.63
2528,2026-04-17,Dublin,sale,119.13
2529,2026-04-17,Dublin,sale,177.22
2530,2026-04-17,Dublin,sale,84.48
2531,2026-04-17,Dublin,sale,98.7
2532,2026-04-17,Dublin,sale,170.19
2533,2026-04-17,Dublin,sale,101.09
2534,2026-04-17,Dublin,sale,32.76
2535,2026-04-17,Dublin,sale,160.4
2536,2026-04-17,Dublin,sale,52.48
2537,2026-04-17,Dublin,sale,55.14
2538,2026-04-17,Dublin,sale,117.62
2539,2026-04-17,Dublin,sale,111.28
2540,2026-04-17,Dublin,sale,42.8
2541,2026-04-17,Dublin,sale,95.88
2542,2026-04-17,Dublin,refund,-105.97
2543,2026-04-17,Dublin,sale,59.21
2544,2026-04-17,Dublin,sale,134.35
2545,2026-04-17,Dublin,sale,59.82
2546,2026-04-17,Edinburgh,sale,158.76
2547,2026-04-17,Edinburgh,sale,85.96
2548,2026-04-17,Edinburgh,sale,91.19
2549,2026-04-17,Edinburgh,sale,111.39
2550,2026-04-17,Edinburgh,sale,117.67
2551,2026-04-17,Edinburgh,sale,51.97
2552,2026-04-17,Edinburgh,sale,141.04
2553,2026-04-17,Edinburgh,sale,134.71
2554,2026-04-17,Edinburgh,sale,101.94
2555,2026-04-17,Edinburgh,sale,150.98
2556,2026-04-17,Edinburgh,sale,81.06
2557,2026-04-17,Edinburgh,sale,118.59
2558,2026-04-17,Edinburgh,sale,65.0
2559,2026-04-17,Edinburgh,sale,120.98
2560,2026-04-17,Edinburgh,sale,39.14
2561,2026-04-17,Edinburgh,sale,141.56
2562,2026-04-17,Edinburgh,sale,73.86
2563,2026-04-17,Edinburgh,sale,51.62
2564,2026-04-17,Edinburgh,sale,121.44
2565,2026-04-17,Edinburgh,sale,9.18
2566,2026-04-17,Florence,sale,55.13
2567,2026-04-17,Florence,sale,99.84
2568,2026-04-17,Florence,sale,83.86
2569,2026-04-17,Florence,sale,35.79
2570,2026-04-17,Florence,sale,8.02
2571,2026-04-17,Florence,sale,144.41
2572,2026-04-17,Florence,sale,136.55
2573,2026-04-17,Florence,sale,135.26
2574,2026-04-17,Florence,sale,77.65
2575,2026-04-17,Florence,sale,110.82
2576,2026-04-17,Florence,refund,-58.42
2577,2026-04-17,Florence,sale,103.07
2578,2026-04-17,Florence,sale,16.07
2579,2026-04-17,Florence,sale,14.63
2580,2026-04-17,Florence,sale,151.39
2581,2026-04-17,Florence,sale,142.71
2582,2026-04-17,Florence,sale,81.22
2583,2026-04-18,Amsterdam,sale,145.23
2584,2026-04-18,Amsterdam,sale,25.99
2585,2026-04-18,Amsterdam,sale,101.71
2586,2026-04-18,Amsterdam,sale,166.67
2587,2026-04-18,Amsterdam,sale,35.68
2588,2026-04-18,Amsterdam,sale,37.24
2589,2026-04-18,Amsterdam,sale,93.57
2590,2026-04-18,Amsterdam,sale,113.88
2591,2026-04-18,Amsterdam,sale,170.75
2592,2026-04-18,Amsterdam,sale,77.64
2593,2026-04-18,Amsterdam,sale,158.4
2594,2026-04-18,Amsterdam,sale,121.82
2595,2026-04-18,Amsterdam,sale,45.92
2596,2026-04-18,Amsterdam,sale,42.79
2597,2026-04-18,Amsterdam,sale,103.61
2598,2026-04-18,Amsterdam,sale,72.1
2599,2026-04-18,Amsterdam,sale,151.77
2600,2026-04-18,Amsterdam,sale,104.74
2601,2026-04-18,Amsterdam,sale,98.91
2602,2026-04-18,Amsterdam,sale,97.85
2603,2026-04-18,Amsterdam,sale,9.02
2604,2026-04-18,Amsterdam,sale,117.71
2605,2026-04-18,Amsterdam,sale,107.88
2606,2026-04-18,Amsterdam,sale,77.69
2607,2026-04-18,Amsterdam,sale,162.43
2608,2026-04-18,Amsterdam,sale,56.8
2609,2026-04-18,Berlin,sale,62.95
2610,2026-04-18,Berlin,sale,107.81
2611,2026-04-18,Berlin,sale,120.03
2612,2026-04-18,Berlin,sale,48.28
2613,2026-04-18,Berlin,sale,95.75
2614,2026-04-18,Berlin,sale,170.85
2615,2026-04-18,Berlin,sale,31.63
2616,2026-04-18,Berlin,sale,131.42
2617,2026-04-18,Berlin,sale,160.57
2618,2026-04-18,Berlin,sale,34.97
2619,2026-04-18,Berlin,sale,67.62
2620,2026-04-18,Berlin,sale,159.17
2621,2026-04-18,Berlin,sale,18.71
2622,2026-04-18,Berlin,sale,20.75
2623,2026-04-18,Berlin,sale,138.55
2624,2026-04-18,Berlin,sale,133.12
2625,2026-04-18,Berlin,sale,25.14
2626,2026-04-18,Berlin,sale,32.77
2627,2026-04-18,Berlin,sale,28.24
2628,2026-04-18,Berlin,sale,77.06
2629,2026-04-18,Berlin,sale,124.01
2630,2026-04-18,Berlin,sale,167.72
2631,2026-04-18,Berlin,sale,158.44
2632,2026-04-18,Berlin,sale,167.9
2633,2026-04-18,Berlin,sale,15.65
2634,2026-04-18,Berlin,sale,103.31
2635,2026-04-18,Berlin,sale,177.71
2636,2026-04-18,Berlin,sale,79.45
2637,2026-04-18,Berlin,sale,155.03
2638,2026-04-18,Berlin,sale,13.33
2639,2026-04-18,Berlin,sale,83.4
2640,2026-04-18,Berlin,sale,84.24
2641,2026-04-18,Berlin,sale,65.27
2642,2026-04-18,Berlin,sale,34.89
2643,2026-04-18,Berlin,sale,64.11
2644,2026-04-18,Berlin,sale,95.56
2645,2026-04-18,Berlin,sale,110.29
2646,2026-04-18,Berlin,sale,91.44
2647,2026-04-18,Berlin,sale,160.53
2648,2026-04-18,Berlin,sale,52.95
2649,2026-04-18,Berlin,sale,49.78
2650,2026-04-18,Berlin,sale,118.89
2651,2026-04-18,Berlin,sale,154.2
2652,2026-04-18,Berlin,sale,140.48
2653,2026-04-18,Berlin,sale,7.26
2654,2026-04-18,Berlin,sale,124.49
2655,2026-04-18,Copenhagen,sale,83.59
2656,2026-04-18,Copenhagen,sale,157.07
2657,2026-04-18,Copenhagen,sale,46.77
2658,2026-04-18,Copenhagen,sale,122.2
2659,2026-04-18,Copenhagen,sale,22.88
2660,2026-04-18,Copenhagen,sale,131.84
2661,2026-04-18,Copenhagen,sale,45.96
2662,2026-04-18,Copenhagen,sale,154.64
2663,2026-04-18,Copenhagen,refund,-113.18
2664,2026-04-18,Copenhagen,sale,56.59
2665,2026-04-18,Dublin,sale,101.78
2666,2026-04-18,Dublin,sale,106.26
2667,2026-04-18,Dublin,sale,104.77
2668,2026-04-18,Dublin,sale,6.38
2669,2026-04-18,Dublin,sale,148.31
2670,2026-04-18,Dublin,sale,150.92
2671,2026-04-18,Dublin,sale,22.18
2672,2026-04-18,Dublin,sale,136.14
2673,2026-04-18,Dublin,sale,128.98
2674,2026-04-18,Dublin,sale,9.06
2675,2026-04-18,Dublin,sale,115.29
2676,2026-04-18,Dublin,sale,105.19
2677,2026-04-18,Dublin,sale,103.79
2678,2026-04-18,Dublin,sale,139.24
2679,2026-04-18,Dublin,sale,135.14
2680,2026-04-18,Dublin,sale,179.67
2681,2026-04-18,Dublin,sale,68.02
2682,2026-04-18,Dublin,sale,55.21
2683,2026-04-18,Dublin,sale,109.88
2684,2026-04-18,Dublin,sale,19.79
2685,2026-04-18,Dublin,sale,162.22
2686,2026-04-18,Dublin,sale,146.06
2687,2026-04-18,Dublin,sale,25.57
2688,2026-04-18,Dublin,sale,66.71
2689,2026-04-18,Dublin,sale,104.67
2690,2026-04-18,Dublin,sale,37.03
2691,2026-04-18,Dublin,sale,136.33
2692,2026-04-18,Edinburgh,sale,137.21
2693,2026-04-18,Edinburgh,sale,112.27
2694,2026-04-18,Edinburgh,sale,37.95
2695,2026-04-18,Edinburgh,sale,178.23
2696,2026-04-18,Edinburgh,sale,160.03
2697,2026-04-18,Edinburgh,sale,117.39
2698,2026-04-18,Edinburgh,sale,173.3
2699,2026-04-18,Edinburgh,sale,115.77
2700,2026-04-18,Edinburgh,sale,51.7
2701,2026-04-18,Edinburgh,sale,67.17
2702,2026-04-18,Edinburgh,refund,-163.47
2703,2026-04-18,Edinburgh,sale,59.59
2704,2026-04-18,Edinburgh,sale,111.59
2705,2026-04-18,Edinburgh,sale,166.79
2706,2026-04-18,Edinburgh,sale,62.11
2707,2026-04-18,Florence,sale,147.6
2708,2026-04-18,Florence,sale,67.35
2709,2026-04-18,Florence,sale,59.94
2710,2026-04-18,Florence,sale,89.31
2711,2026-04-18,Florence,sale,52.42
2712,2026-04-18,Florence,sale,60.88
2713,2026-04-18,Florence,sale,13.67
2714,2026-04-18,Florence,refund,-107.63
2715,2026-04-18,Florence,sale,137.2
2716,2026-04-18,Florence,sale,20.28
2717,2026-04-18,Florence,sale,52.89
2718,2026-04-18,Florence,sale,105.69
2719,2026-04-18,Florence,sale,164.42
2720,2026-04-18,Florence,sale,149.71
2721,2026-04-18,Florence,sale,42.76
2722,2026-04-18,Florence,sale,43.09
2723,2026-04-18,Florence,sale,86.96
2724,2026-04-18,Florence,sale,71.12
2725,2026-04-19,Amsterdam,sale,171.02
2726,2026-04-19,Amsterdam,sale,177.01
2727,2026-04-19,Amsterdam,sale,80.18
2728,2026-04-19,Amsterdam,sale,19.59
2729,2026-04-19,Amsterdam,sale,136.56
2730,2026-04-19,Amsterdam,sale,93.71
2731,2026-04-19,Amsterdam,sale,104.92
2732,2026-04-19,Amsterdam,sale,148.23
2733,2026-04-19,Amsterdam,sale,27.37
2734,2026-04-19,Amsterdam,sale,177.44
2735,2026-04-19,Amsterdam,sale,114.28
2736,2026-04-19,Amsterdam,sale,96.62
2737,2026-04-19,Amsterdam,sale,139.56
2738,2026-04-19,Amsterdam,sale,19.35
2739,2026-04-19,Amsterdam,sale,23.98
2740,2026-04-19,Amsterdam,sale,106.05
2741,2026-04-19,Amsterdam,sale,130.52
2742,2026-04-19,Amsterdam,sale,22.81
2743,2026-04-19,Amsterdam,sale,135.88
2744,2026-04-19,Amsterdam,sale,60.68
2745,2026-04-19,Amsterdam,sale,91.75
2746,2026-04-19,Amsterdam,sale,110.7
2747,2026-04-19,Amsterdam,refund,-154.51
2748,2026-04-19,Amsterdam,sale,145.3
2749,2026-04-19,Amsterdam,sale,150.5
2750,2026-04-19,Amsterdam,sale,56.68
2751,2026-04-19,Amsterdam,sale,108.75
2752,2026-04-19,Amsterdam,sale,116.38
2753,2026-04-19,Amsterdam,sale,29.61
2754,2026-04-19,Amsterdam,sale,122.68
2755,2026-04-19,Amsterdam,sale,122.46
2756,2026-04-19,Amsterdam,sale,24.08
2757,2026-04-19,Amsterdam,sale,42.61
2758,2026-04-19,Amsterdam,sale,23.79
2759,2026-04-19,Berlin,sale,133.24
2760,2026-04-19,Berlin,sale,141.28
2761,2026-04-19,Berlin,sale,56.87
2762,2026-04-19,Berlin,sale,17.37
2763,2026-04-19,Berlin,sale,173.1
2764,2026-04-19,Berlin,sale,112.67
2765,2026-04-19,Berlin,sale,69.24
2766,2026-04-19,Berlin,sale,111.41
2767,2026-04-19,Berlin,sale,75.9
2768,2026-04-19,Berlin,sale,90.39
2769,2026-04-19,Berlin,sale,16.33
2770,2026-04-19,Berlin,sale,75.94
2771,2026-04-19,Berlin,sale,81.83
2772,2026-04-19,Berlin,sale,66.68
2773,2026-04-19,Berlin,sale,135.27
2774,2026-04-19,Berlin,sale,151.33
2775,2026-04-19,Berlin,sale,90.71
2776,2026-04-19,Berlin,sale,153.23
2777,2026-04-19,Berlin,sale,156.26
2778,2026-04-19,Berlin,sale,137.98
2779,2026-04-19,Berlin,sale,106.01
2780,2026-04-19,Berlin,sale,146.79
2781,2026-04-19,Berlin,sale,156.47
2782,2026-04-19,Berlin,sale,83.05
2783,2026-04-19,Berlin,sale,165.55
2784,2026-04-19,Berlin,sale,151.67
2785,2026-04-19,Berlin,sale,139.11
2786,2026-04-19,Berlin,sale,22.59
2787,2026-04-19,Berlin,sale,92.92
2788,2026-04-19,Berlin,sale,102.89
2789,2026-04-19,Berlin,sale,60.6
2790,2026-04-19,Berlin,sale,157.64
2791,2026-04-19,Berlin,sale,48.24
2792,2026-04-19,Berlin,sale,81.01
2793,2026-04-19,Berlin,sale,12.11
2794,2026-04-19,Berlin,sale,66.36
2795,2026-04-19,Berlin,sale,74.82
2796,2026-04-19,Berlin,sale,34.61
2797,2026-04-19,Berlin,sale,56.91
2798,2026-04-19,Berlin,sale,61.98
2799,2026-04-19,Berlin,sale,53.17
2800,2026-04-19,Berlin,sale,166.46
2801,2026-04-19,Berlin,sale,58.61
2802,2026-04-19,Berlin,refund,-171.81
2803,2026-04-19,Copenhagen,sale,80.57
2804,2026-04-19,Copenhagen,sale,128.53
2805,2026-04-19,Copenhagen,sale,47.47
2806,2026-04-19,Copenhagen,sale,129.85
2807,2026-04-19,Copenhagen,sale,50.24
2808,2026-04-19,Copenhagen,sale,7.4
2809,2026-04-19,Copenhagen,sale,108.09
2810,2026-04-19,Copenhagen,sale,98.68
2811,2026-04-19,Copenhagen,sale,74.81
2812,2026-04-19,Copenhagen,sale,45.18
2813,2026-04-19,Copenhagen,sale,176.12
2814,2026-04-19,Copenhagen,sale,165.06
2815,2026-04-19,Copenhagen,sale,48.95
2816,2026-04-19,Copenhagen,sale,51.73
2817,2026-04-19,Dublin,sale,134.82
2818,2026-04-19,Dublin,sale,173.36
2819,2026-04-19,Dublin,sale,61.53
2820,2026-04-19,Dublin,sale,177.06
2821,2026-04-19,Dublin,sale,122.23
2822,2026-04-19,Dublin,sale,100.02
2823,2026-04-19,Dublin,sale,68.17
2824,2026-04-19,Dublin,sale,152.16
2825,2026-04-19,Dublin,sale,67.06
2826,2026-04-19,Dublin,sale,49.14
2827,2026-04-19,Dublin,sale,129.93
2828,2026-04-19,Dublin,sale,17.62
2829,2026-04-19,Dublin,sale,120.95
2830,2026-04-19,Dublin,sale,148.77
2831,2026-04-19,Dublin,sale,77.81
2832,2026-04-19,Dublin,sale,10.42
2833,2026-04-19,Dublin,sale,96.71
2834,2026-04-19,Dublin,sale,55.23
2835,2026-04-19,Dublin,sale,164.07
2836,2026-04-19,Dublin,sale,171.77
2837,2026-04-19,Dublin,sale,72.92
2838,2026-04-19,Dublin,sale,172.22
2839,2026-04-19,Dublin,sale,162.38
2840,2026-04-19,Edinburgh,sale,121.48
2841,2026-04-19,Edinburgh,sale,130.62
2842,2026-04-19,Edinburgh,sale,126.68
2843,2026-04-19,Edinburgh,sale,134.17
2844,2026-04-19,Edinburgh,sale,60.94
2845,2026-04-19,Edinburgh,sale,55.02
2846,2026-04-19,Edinburgh,sale,80.81
2847,2026-04-19,Edinburgh,sale,160.15
2848,2026-04-19,Edinburgh,sale,68.25
2849,2026-04-19,Edinburgh,sale,139.93
2850,2026-04-19,Edinburgh,sale,147.62
2851,2026-04-19,Edinburgh,sale,84.31
2852,2026-04-19,Edinburgh,sale,133.86
2853,2026-04-19,Florence,sale,132.21
2854,2026-04-19,Florence,sale,177.99
2855,2026-04-19,Florence,sale,132.27
2856,2026-04-19,Florence,sale,66.55
2857,2026-04-19,Florence,sale,175.39
2858,2026-04-19,Florence,sale,115.76
2859,2026-04-19,Florence,sale,61.77
2860,2026-04-19,Florence,sale,169.9
2861,2026-04-19,Florence,sale,57.59
2862,2026-04-19,Florence,sale,24.64
2863,2026-04-19,Florence,sale,37.0
2864,2026-04-19,Florence,sale,42.58
2865,2026-04-19,Florence,sale,31.75
2866,2026-04-19,Florence,sale,119.44
2867,2026-04-19,Florence,sale,107.76
2868,2026-04-19,Florence,sale,54.58
2869,2026-04-19,Florence,sale,55.99
2870,2026-04-19,Florence,sale,177.98
2871,2026-04-19,Florence,sale,29.75
2872,2026-04-19,Florence,sale,101.72
2873,2026-04-20,Amsterdam,sale,126.67
2874,2026-04-20,Amsterdam,sale,104.69
2875,2026-04-20,Amsterdam,sale,127.33
2876,2026-04-20,Amsterdam,sale,165.98
2877,2026-04-20,Amsterdam,sale,21.1
2878,2026-04-20,Amsterdam,sale,70.2
2879,2026-04-20,Amsterdam,sale,72.59
2880,2026-04-20,Amsterdam,sale,41.35
2881,2026-04-20,Amsterdam,sale,177.14
2882,2026-04-20,Amsterdam,sale,27.22
2883,2026-04-20,Amsterdam,sale,131.72
2884,2026-04-20,Amsterdam,sale,178.7
2885,2026-04-20,Amsterdam,sale,96.7
2886,2026-04-20,Amsterdam,sale,179.67
2887,2026-04-20,Amsterdam,sale,44.93
2888,2026-04-20,Amsterdam,sale,54.79
2889,2026-04-20,Amsterdam,sale,105.96
2890,2026-04-20,Amsterdam,refund,-47.96
2891,2026-04-20,Amsterdam,sale,109.37
2892,2026-04-20,Amsterdam,sale,52.94
2893,2026-04-20,Amsterdam,sale,54.22
2894,2026-04-20,Amsterdam,sale,140.05
2895,2026-04-20,Amsterdam,sale,73.24
2896,2026-04-20,Amsterdam,sale,9.87
2897,2026-04-20,Amsterdam,refund,-9.62
2898,2026-04-20,Amsterdam,sale,172.38
2899,2026-04-20,Amsterdam,sale,122.96
2900,2026-04-20,Amsterdam,sale,172.29
2901,2026-04-20,Amsterdam,sale,147.98
2902,2026-04-20,Amsterdam,sale,103.05
2903,2026-04-20,Amsterdam,sale,86.99
2904,2026-04-20,Amsterdam,sale,99.67
2905,2026-04-20,Amsterdam,sale,15.34
2906,2026-04-20,Berlin,sale,154.46
2907,2026-04-20,Berlin,sale,20.41
2908,2026-04-20,Berlin,sale,156.9
2909,2026-04-20,Berlin,sale,143.56
2910,2026-04-20,Berlin,sale,54.02
2911,2026-04-20,Berlin,sale,115.78
2912,2026-04-20,Berlin,sale,8.77
2913,2026-04-20,Berlin,sale,44.93
2914,2026-04-20,Berlin,sale,178.72
2915,2026-04-20,Berlin,sale,54.1
2916,2026-04-20,Berlin,sale,94.28
2917,2026-04-20,Berlin,sale,94.14
2918,2026-04-20,Berlin,sale,51.44
2919,2026-04-20,Berlin,sale,88.75
2920,2026-04-20,Berlin,sale,19.62
2921,2026-04-20,Berlin,sale,72.66
2922,2026-04-20,Berlin,sale,28.66
2923,2026-04-20,Berlin,sale,19.96
2924,2026-04-20,Berlin,sale,47.6
2925,2026-04-20,Berlin,sale,33.26
2926,2026-04-20,Berlin,sale,143.15
2927,2026-04-20,Berlin,sale,140.92
2928,2026-04-20,Berlin,sale,169.29
2929,2026-04-20,Berlin,sale,63.24
2930,2026-04-20,Berlin,sale,137.38
2931,2026-04-20,Berlin,sale,173.83
2932,2026-04-20,Berlin,sale,122.31
2933,2026-04-20,Berlin,sale,121.58
2934,2026-04-20,Berlin,sale,115.66
2935,2026-04-20,Berlin,sale,7.22
2936,2026-04-20,Berlin,sale,112.1
2937,2026-04-20,Berlin,sale,93.61
2938,2026-04-20,Berlin,sale,10.49
2939,2026-04-20,Berlin,sale,135.09
2940,2026-04-20,Berlin,sale,144.1
2941,2026-04-20,Berlin,sale,129.41
2942,2026-04-20,Berlin,sale,43.18
2943,2026-04-20,Berlin,sale,70.39
2944,2026-04-20,Berlin,sale,143.21
2945,2026-04-20,Berlin,sale,23.18
2946,2026-04-20,Berlin,sale,30.82
2947,2026-04-20,Berlin,sale,55.03
2948,2026-04-20,Berlin,sale,45.68
2949,2026-04-20,Copenhagen,refund,-26.53
2950,2026-04-20,Copenhagen,sale,129.48
2951,2026-04-20,Copenhagen,sale,140.49
2952,2026-04-20,Copenhagen,sale,7.11
2953,2026-04-20,Copenhagen,sale,135.65
2954,2026-04-20,Copenhagen,sale,167.98
2955,2026-04-20,Copenhagen,sale,72.84
2956,2026-04-20,Copenhagen,sale,39.32
2957,2026-04-20,Dublin,sale,103.18
2958,2026-04-20,Dublin,sale,29.32
2959,2026-04-20,Dublin,sale,43.5
2960,2026-04-20,Dublin,sale,38.76
2961,2026-04-20,Dublin,refund,-167.48
2962,2026-04-20,Dublin,sale,85.6
2963,2026-04-20,Dublin,sale,110.76
2964,2026-04-20,Dublin,sale,42.95
2965,2026-04-20,Dublin,sale,37.7
2966,2026-04-20,Dublin,sale,67.44
2967,2026-04-20,Dublin,sale,28.58
2968,2026-04-20,Dublin,sale,152.3
2969,2026-04-20,Dublin,sale,116.8
2970,2026-04-20,Dublin,sale,176.36
2971,2026-04-20,Dublin,sale,112.5
2972,2026-04-20,Dublin,sale,140.16
2973,2026-04-20,Dublin,sale,124.41
2974,2026-04-20,Dublin,sale,147.84
2975,2026-04-20,Dublin,sale,25.06
2976,2026-04-20,Dublin,sale,158.96
2977,2026-04-20,Dublin,sale,67.38
2978,2026-04-20,Dublin,sale,151.73
2979,2026-04-20,Dublin,sale,29.91
2980,2026-04-20,Dublin,sale,124.63
2981,2026-04-20,Dublin,sale,101.41
2982,2026-04-20,Dublin,sale,96.11
2983,2026-04-20,Dublin,sale,50.41
2984,2026-04-20,Dublin,sale,144.07
2985,2026-04-20,Dublin,sale,21.38
2986,2026-04-20,Edinburgh,sale,165.2
2987,2026-04-20,Edinburgh,sale,43.38
2988,2026-04-20,Edinburgh,sale,128.59
2989,2026-04-20,Edinburgh,sale,137.02
2990,2026-04-20,Edinburgh,sale,151.91
2991,2026-04-20,Edinburgh,sale,17.88
2992,2026-04-20,Edinburgh,sale,108.3
2993,2026-04-20,Edinburgh,sale,45.74
2994,2026-04-20,Edinburgh,sale,137.64
2995,2026-04-20,Edinburgh,sale,155.83
2996,2026-04-20,Edinburgh,sale,157.89
2997,2026-04-20,Edinburgh,sale,63.77
2998,2026-04-20,Edinburgh,sale,31.92
2999,2026-04-20,Edinburgh,sale,109.81
3000,2026-04-20,Edinburgh,sale,19.68
3001,2026-04-20,Edinburgh,sale,14.96
3002,2026-04-20,Florence,sale,77.43
3003,2026-04-20,Florence,sale,127.48
3004,2026-04-20,Florence,sale,75.21
3005,2026-04-20,Florence,sale,92.0
3006,2026-04-20,Florence,sale,91.42
3007,2026-04-20,Florence,sale,78.8
3008,2026-04-20,Florence,sale,36.43
3009,2026-04-20,Florence,sale,143.73
3010,2026-04-20,Florence,sale,97.21
3011,2026-04-20,Florence,sale,10.36
3012,2026-04-20,Florence,refund,-138.41
3013,2026-04-20,Florence,sale,160.43
3014,2026-04-20,Florence,sale,158.82
3015,2026-04-20,Florence,sale,89.42
3016,2026-04-20,Florence,sale,100.59
3017,2026-04-20,Florence,sale,86.89
3018,2026-04-20,Florence,sale,43.12
3019,2026-04-20,Florence,sale,54.2
3020,2026-04-20,Florence,sale,82.23
3021,2026-04-20,Florence,sale,60.93
3022,2026-04-20,Florence,sale,128.59
3023,2026-04-21,Amsterdam,sale,125.96
3024,2026-04-21,Amsterdam,sale,151.71
3025,2026-04-21,Amsterdam,sale,67.29
3026,2026-04-21,Amsterdam,sale,139.22
3027,2026-04-21,Amsterdam,sale,66.29
3028,2026-04-21,Amsterdam,sale,125.29
3029,2026-04-21,Amsterdam,sale,91.97
3030,2026-04-21,Amsterdam,sale,132.85
3031,2026-04-21,Amsterdam,sale,137.17
3032,2026-04-21,Amsterdam,sale,107.54
3033,2026-04-21,Amsterdam,sale,111.21
3034,2026-04-21,Amsterdam,sale,169.08
3035,2026-04-21,Amsterdam,sale,49.34
3036,2026-04-21,Amsterdam,sale,126.19
3037,2026-04-21,Amsterdam,sale,117.23
3038,2026-04-21,Amsterdam,sale,85.5
3039,2026-04-21,Amsterdam,sale,10.76
3040,2026-04-21,Amsterdam,sale,30.7
3041,2026-04-21,Amsterdam,sale,76.77
3042,2026-04-21,Amsterdam,sale,136.41
3043,2026-04-21,Amsterdam,sale,45.43
3044,2026-04-21,Amsterdam,sale,141.95
3045,2026-04-21,Amsterdam,sale,33.21
3046,2026-04-21,Amsterdam,sale,9.55
3047,2026-04-21,Amsterdam,sale,176.63
3048,2026-04-21,Amsterdam,sale,68.33
3049,2026-04-21,Berlin,sale,93.98
3050,2026-04-21,Berlin,sale,59.03
3051,2026-04-21,Berlin,sale,106.2
3052,2026-04-21,Berlin,sale,29.92
3053,2026-04-21,Berlin,sale,159.04
3054,2026-04-21,Berlin,sale,41.05
3055,2026-04-21,Berlin,sale,114.97
3056,2026-04-21,Berlin,sale,12.64
3057,2026-04-21,Berlin,sale,98.75
3058,2026-04-21,Berlin,sale,156.85
3059,2026-04-21,Berlin,sale,33.28
3060,2026-04-21,Berlin,sale,130.92
3061,2026-04-21,Berlin,sale,32.21
3062,2026-04-21,Berlin,sale,137.28
3063,2026-04-21,Berlin,sale,163.47
3064,2026-04-21,Berlin,sale,91.69
3065,2026-04-21,Berlin,sale,48.3
3066,2026-04-21,Berlin,sale,87.33
3067,2026-04-21,Berlin,sale,139.6
3068,2026-04-21,Berlin,sale,67.73
3069,2026-04-21,Berlin,sale,125.22
3070,2026-04-21,Berlin,sale,146.98
3071,2026-04-21,Berlin,sale,135.25
3072,2026-04-21,Berlin,sale,169.46
3073,2026-04-21,Berlin,sale,8.77
3074,2026-04-21,Berlin,sale,38.01
3075,2026-04-21,Berlin,sale,83.24
3076,2026-04-21,Berlin,sale,22.72
3077,2026-04-21,Berlin,sale,12.96
3078,2026-04-21,Berlin,sale,162.45
3079,2026-04-21,Berlin,sale,137.77
3080,2026-04-21,Berlin,refund,-154.47
3081,2026-04-21,Berlin,sale,51.72
3082,2026-04-21,Berlin,sale,141.21
3083,2026-04-21,Berlin,sale,125.44
3084,2026-04-21,Berlin,sale,76.78
3085,2026-04-21,Berlin,sale,16.53
3086,2026-04-21,Berlin,sale,154.18
3087,2026-04-21,Berlin,sale,133.08
3088,2026-04-21,Berlin,sale,43.53
3089,2026-04-21,Berlin,sale,167.75
3090,2026-04-21,Berlin,sale,55.81
3091,2026-04-21,Berlin,sale,67.11
3092,2026-04-21,Berlin,sale,7.8
3093,2026-04-21,Copenhagen,sale,94.81
3094,2026-04-21,Copenhagen,sale,163.33
3095,2026-04-21,Copenhagen,sale,34.36
3096,2026-04-21,Copenhagen,sale,86.67
3097,2026-04-21,Copenhagen,sale,87.66
3098,2026-04-21,Copenhagen,sale,20.84
3099,2026-04-21,Copenhagen,sale,75.28
3100,2026-04-21,Copenhagen,sale,86.24
3101,2026-04-21,Copenhagen,sale,89.97
3102,2026-04-21,Copenhagen,refund,-80.59
3103,2026-04-21,Copenhagen,refund,-156.47
3104,2026-04-21,Dublin,sale,92.42
3105,2026-04-21,Dublin,sale,20.87
3106,2026-04-21,Dublin,sale,72.77
3107,2026-04-21,Dublin,sale,157.23
3108,2026-04-21,Dublin,sale,63.88
3109,2026-04-21,Dublin,sale,41.88
3110,2026-04-21,Dublin,sale,44.29
3111,2026-04-21,Dublin,sale,84.87
3112,2026-04-21,Dublin,sale,74.28
3113,2026-04-21,Dublin,sale,157.53
3114,2026-04-21,Dublin,sale,85.27
3115,2026-04-21,Dublin,sale,131.09
3116,2026-04-21,Dublin,sale,99.17
3117,2026-04-21,Dublin,sale,102.33
3118,2026-04-21,Dublin,sale,86.89
3119,2026-04-21,Dublin,sale,12.67
3120,2026-04-21,Dublin,sale,151.68
3121,2026-04-21,Dublin,sale,83.24
3122,2026-04-21,Dublin,sale,25.53
3123,2026-04-21,Dublin,sale,40.96
3124,2026-04-21,Dublin,sale,172.99
3125,2026-04-21,Dublin,refund,-107.45
3126,2026-04-21,Dublin,sale,120.77
3127,2026-04-21,Dublin,sale,22.48
3128,2026-04-21,Dublin,sale,14.42
3129,2026-04-21,Dublin,sale,60.04
3130,2026-04-21,Dublin,sale,143.79
3131,2026-04-21,Dublin,sale,48.84
3132,2026-04-21,Edinburgh,sale,179.74
3133,2026-04-21,Edinburgh,sale,85.27
3134,2026-04-21,Edinburgh,sale,166.37
3135,2026-04-21,Edinburgh,sale,110.23
3136,2026-04-21,Edinburgh,sale,47.37
3137,2026-04-21,Edinburgh,sale,101.54
3138,2026-04-21,Edinburgh,sale,143.3
3139,2026-04-21,Edinburgh,sale,74.42
3140,2026-04-21,Edinburgh,sale,83.27
3141,2026-04-21,Edinburgh,sale,174.37
3142,2026-04-21,Edinburgh,sale,116.1
3143,2026-04-21,Edinburgh,sale,47.94
3144,2026-04-21,Edinburgh,sale,104.2
3145,2026-04-21,Edinburgh,sale,59.26
3146,2026-04-21,Edinburgh,refund,-140.69
3147,2026-04-21,Edinburgh,sale,164.41
3148,2026-04-21,Edinburgh,sale,72.43
3149,2026-04-21,Edinburgh,sale,128.9
3150,2026-04-21,Edinburgh,sale,77.02
3151,2026-04-21,Florence,sale,112.59
3152,2026-04-21,Florence,sale,48.36
3153,2026-04-21,Florence,sale,52.1
3154,2026-04-21,Florence,sale,113.92
3155,2026-04-21,Florence,sale,163.63
3156,2026-04-21,Florence,sale,151.03
3157,2026-04-21,Florence,refund,-27.52
3158,2026-04-21,Florence,sale,38.32
3159,2026-04-21,Florence,sale,34.73
3160,2026-04-21,Florence,sale,76.45
3161,2026-04-21,Florence,sale,90.24
3162,2026-04-21,Florence,sale,160.24
3163,2026-04-21,Florence,sale,86.76
3164,2026-04-21,Florence,sale,171.01
3165,2026-04-21,Florence,sale,43.55
3166,2026-04-21,Florence,sale,110.35
3167,2026-04-21,Florence,sale,176.92
3168,2026-04-21,Florence,refund,-119.32
3169,2026-04-21,Florence,sale,79.18
3170,2026-04-21,Florence,sale,144.9
3171,2026-04-22,Amsterdam,sale,92.89
3172,2026-04-22,Amsterdam,sale,124.32
3173,2026-04-22,Amsterdam,sale,29.52
3174,2026-04-22,Amsterdam,sale,134.97
3175,2026-04-22,Amsterdam,sale,145.37
3176,2026-04-22,Amsterdam,sale,147.18
3177,2026-04-22,Amsterdam,sale,100.4
3178,2026-04-22,Amsterdam,sale,31.96
3179,2026-04-22,Amsterdam,sale,138.19
3180,2026-04-22,Amsterdam,sale,139.34
3181,2026-04-22,Amsterdam,sale,96.21
3182,2026-04-22,Amsterdam,sale,13.38
3183,2026-04-22,Amsterdam,sale,38.91
3184,2026-04-22,Amsterdam,sale,123.29
3185,2026-04-22,Amsterdam,sale,150.45
3186,2026-04-22,Amsterdam,sale,11.49
3187,2026-04-22,Amsterdam,sale,75.15
3188,2026-04-22,Amsterdam,sale,177.59
3189,2026-04-22,Amsterdam,sale,68.0
3190,2026-04-22,Amsterdam,sale,117.19
3191,2026-04-22,Amsterdam,sale,160.11
3192,2026-04-22,Amsterdam,sale,100.79
3193,2026-04-22,Amsterdam,sale,112.05
3194,2026-04-22,Amsterdam,sale,7.12
3195,2026-04-22,Amsterdam,sale,96.16
3196,2026-04-22,Amsterdam,sale,63.42
3197,2026-04-22,Berlin,sale,51.78
3198,2026-04-22,Berlin,sale,70.15
3199,2026-04-22,Berlin,sale,91.12
3200,2026-04-22,Berlin,sale,78.0
3201,2026-04-22,Berlin,sale,51.34
3202,2026-04-22,Berlin,sale,148.19
3203,2026-04-22,Berlin,sale,149.69
3204,2026-04-22,Berlin,sale,167.38
3205,2026-04-22,Berlin,sale,58.29
3206,2026-04-22,Berlin,refund,-163.03
3207,2026-04-22,Berlin,sale,147.61
3208,2026-04-22,Berlin,sale,58.8
3209,2026-04-22,Berlin,sale,87.58
3210,2026-04-22,Berlin,sale,121.33
3211,2026-04-22,Berlin,sale,56.64
3212,2026-04-22,Berlin,sale,75.02
3213,2026-04-22,Berlin,sale,39.96
3214,2026-04-22,Berlin,sale,144.5
3215,2026-04-22,Berlin,sale,76.09
3216,2026-04-22,Berlin,sale,33.25
3217,2026-04-22,Berlin,sale,6.76
3218,2026-04-22,Berlin,sale,17.8
3219,2026-04-22,Berlin,sale,22.42
3220,2026-04-22,Berlin,sale,179.33
3221,2026-04-22,Berlin,sale,116.57
3222,2026-04-22,Berlin,sale,102.06
3223,2026-04-22,Berlin,sale,127.16
3224,2026-04-22,Berlin,sale,124.39
3225,2026-04-22,Berlin,sale,28.32
3226,2026-04-22,Berlin,sale,83.15
3227,2026-04-22,Berlin,sale,57.14
3228,2026-04-22,Berlin,sale,64.66
3229,2026-04-22,Berlin,sale,51.57
3230,2026-04-22,Berlin,sale,161.83
3231,2026-04-22,Berlin,sale,114.49
3232,2026-04-22,Berlin,sale,141.46
3233,2026-04-22,Berlin,sale,140.29
3234,2026-04-22,Berlin,sale,146.44
3235,2026-04-22,Berlin,sale,158.77
3236,2026-04-22,Berlin,sale,167.61
3237,2026-04-22,Berlin,sale,25.22
3238,2026-04-22,Berlin,sale,90.16
3239,2026-04-22,Berlin,sale,143.82
3240,2026-04-22,Copenhagen,sale,174.78
3241,2026-04-22,Copenhagen,sale,64.44
3242,2026-04-22,Copenhagen,sale,88.23
3243,2026-04-22,Copenhagen,refund,-125.72
3244,2026-04-22,Copenhagen,sale,178.36
3245,2026-04-22,Copenhagen,sale,19.18
3246,2026-04-22,Copenhagen,sale,16.63
3247,2026-04-22,Copenhagen,refund,-27.9
3248,2026-04-22,Copenhagen,sale,168.08
3249,2026-04-22,Copenhagen,sale,179.15
3250,2026-04-22,Copenhagen,refund,-47.6
3251,2026-04-22,Dublin,sale,61.95
3252,2026-04-22,Dublin,sale,44.63
3253,2026-04-22,Dublin,sale,110.59
3254,2026-04-22,Dublin,refund,-42.97
3255,2026-04-22,Dublin,sale,107.57
3256,2026-04-22,Dublin,sale,21.59
3257,2026-04-22,Dublin,sale,35.45
3258,2026-04-22,Dublin,sale,81.78
3259,2026-04-22,Dublin,sale,40.07
3260,2026-04-22,Dublin,sale,68.99
3261,2026-04-22,Dublin,sale,8.77
3262,2026-04-22,Dublin,sale,83.41
3263,2026-04-22,Dublin,sale,150.26
3264,2026-04-22,Dublin,sale,40.25
3265,2026-04-22,Dublin,sale,133.58
3266,2026-04-22,Dublin,sale,91.53
3267,2026-04-22,Dublin,sale,109.3
3268,2026-04-22,Dublin,sale,177.64
3269,2026-04-22,Dublin,sale,126.95
3270,2026-04-22,Dublin,sale,21.44
3271,2026-04-22,Dublin,sale,34.53
3272,2026-04-22,Dublin,sale,148.47
3273,2026-04-22,Edinburgh,sale,157.63
3274,2026-04-22,Edinburgh,sale,121.67
3275,2026-04-22,Edinburgh,sale,66.99
3276,2026-04-22,Edinburgh,sale,29.04
3277,2026-04-22,Edinburgh,sale,138.59
3278,2026-04-22,Edinburgh,refund,-169.1
3279,2026-04-22,Edinburgh,sale,94.31
3280,2026-04-22,Edinburgh,sale,177.84
3281,2026-04-22,Edinburgh,sale,22.42
3282,2026-04-22,Edinburgh,sale,151.84
3283,2026-04-22,Edinburgh,sale,21.03
3284,2026-04-22,Edinburgh,sale,43.77
3285,2026-04-22,Edinburgh,sale,82.3
3286,2026-04-22,Edinburgh,sale,16.84
3287,2026-04-22,Edinburgh,sale,123.7
3288,2026-04-22,Edinburgh,sale,68.95
3289,2026-04-22,Edinburgh,sale,33.76
3290,2026-04-22,Edinburgh,sale,150.09
3291,2026-04-22,Edinburgh,sale,53.1
3292,2026-04-22,Florence,sale,69.14
3293,2026-04-22,Florence,sale,33.63
3294,2026-04-22,Florence,sale,99.9
3295,2026-04-22,Florence,sale,173.75
3296,2026-04-22,Florence,sale,19.06
3297,2026-04-22,Florence,sale,17.43
3298,2026-04-22,Florence,sale,52.12
3299,2026-04-22,Florence,sale,17.75
3300,2026-04-22,Florence,sale,94.69
3301,2026-04-22,Florence,sale,118.73
3302,2026-04-22,Florence,sale,116.06
3303,2026-04-22,Florence,sale,102.17
3304,2026-04-22,Florence,sale,76.66
3305,2026-04-22,Florence,sale,75.56
3306,2026-04-22,Florence,sale,154.02
3307,2026-04-22,Florence,sale,146.85
3308,2026-04-22,Florence,sale,116.2
3309,2026-04-23,Amsterdam,sale,80.71
3310,2026-04-23,Amsterdam,sale,62.34
3311,2026-04-23,Amsterdam,sale,153.57
3312,2026-04-23,Amsterdam,sale,164.36
3313,2026-04-23,Amsterdam,sale,152.18
3314,2026-04-23,Amsterdam,sale,48.52
3315,2026-04-23,Amsterdam,sale,47.98
3316,2026-04-23,Amsterdam,sale,168.11
3317,2026-04-23,Amsterdam,sale,23.04
3318,2026-04-23,Amsterdam,sale,82.38
3319,2026-04-23,Amsterdam,sale,68.95
3320,2026-04-23,Amsterdam,sale,92.78
3321,2026-04-23,Amsterdam,sale,60.76
3322,2026-04-23,Amsterdam,sale,12.91
3323,2026-04-23,Amsterdam,sale,118.57
3324,2026-04-23,Amsterdam,sale,37.52
3325,2026-04-23,Amsterdam,sale,14.2
3326,2026-04-23,Amsterdam,sale,176.36
3327,2026-04-23,Amsterdam,refund,-22.32
3328,2026-04-23,Amsterdam,sale,113.7
3329,2026-04-23,Amsterdam,sale,96.48
3330,2026-04-23,Amsterdam,sale,151.47
3331,2026-04-23,Amsterdam,sale,46.17
3332,2026-04-23,Amsterdam,sale,167.53
3333,2026-04-23,Amsterdam,sale,29.1
3334,2026-04-23,Amsterdam,sale,120.38
3335,2026-04-23,Amsterdam,sale,170.86
3336,2026-04-23,Amsterdam,sale,165.64
3337,2026-04-23,Amsterdam,sale,42.93
3338,2026-04-23,Amsterdam,sale,100.17
3339,2026-04-23,Amsterdam,sale,83.98
3340,2026-04-23,Berlin,sale,6.63
3341,2026-04-23,Berlin,sale,124.94
3342,2026-04-23,Berlin,sale,84.67
3343,2026-04-23,Berlin,sale,24.41
3344,2026-04-23,Berlin,sale,106.11
3345,2026-04-23,Berlin,sale,40.01
3346,2026-04-23,Berlin,sale,68.95
3347,2026-04-23,Berlin,sale,155.34
3348,2026-04-23,Berlin,sale,52.9
3349,2026-04-23,Berlin,sale,173.79
3350,2026-04-23,Berlin,sale,126.78
3351,2026-04-23,Berlin,sale,154.52
3352,2026-04-23,Berlin,sale,42.92
3353,2026-04-23,Berlin,sale,91.84
3354,2026-04-23,Berlin,refund,-133.19
3355,2026-04-23,Berlin,sale,70.98
3356,2026-04-23,Berlin,sale,174.94
3357,2026-04-23,Berlin,sale,159.14
3358,2026-04-23,Berlin,sale,62.46
3359,2026-04-23,Berlin,sale,41.88
3360,2026-04-23,Berlin,sale,131.98
3361,2026-04-23,Berlin,sale,63.7
3362,2026-04-23,Berlin,sale,53.36
3363,2026-04-23,Berlin,sale,164.65
3364,2026-04-23,Berlin,sale,26.36
3365,2026-04-23,Berlin,sale,138.15
3366,2026-04-23,Berlin,sale,66.93
3367,2026-04-23,Berlin,sale,36.95
3368,2026-04-23,Berlin,sale,162.46
3369,2026-04-23,Berlin,sale,69.84
3370,2026-04-23,Berlin,sale,179.53
3371,2026-04-23,Berlin,sale,7.09
3372,2026-04-23,Berlin,sale,10.01
3373,2026-04-23,Berlin,sale,132.42
3374,2026-04-23,Berlin,sale,30.85
3375,2026-04-23,Berlin,sale,9.49
3376,2026-04-23,Berlin,refund,-34.07
3377,2026-04-23,Berlin,sale,95.96
3378,2026-04-23,Berlin,sale,107.61
3379,2026-04-23,Berlin,sale,75.36
3380,2026-04-23,Berlin,sale,127.97
3381,2026-04-23,Berlin,sale,107.3
3382,2026-04-23,Berlin,sale,105.65
3383,2026-04-23,Berlin,sale,93.37
3384,2026-04-23,Copenhagen,refund,-16.14
3385,2026-04-23,Copenhagen,sale,120.35
3386,2026-04-23,Copenhagen,sale,102.65
3387,2026-04-23,Copenhagen,sale,10.49
3388,2026-04-23,Copenhagen,sale,104.75
3389,2026-04-23,Copenhagen,sale,173.13
3390,2026-04-23,Copenhagen,sale,122.1
3391,2026-04-23,Copenhagen,sale,95.95
3392,2026-04-23,Copenhagen,sale,64.4
3393,2026-04-23,Copenhagen,sale,173.08
3394,2026-04-23,Copenhagen,sale,120.35
3395,2026-04-23,Copenhagen,refund,-148.73
3396,2026-04-23,Copenhagen,sale,96.51
3397,2026-04-23,Copenhagen,sale,13.74
3398,2026-04-23,Copenhagen,sale,96.27
3399,2026-04-23,Copenhagen,sale,177.41
3400,2026-04-23,Copenhagen,sale,93.37
3401,2026-04-23,Dublin,sale,22.13
3402,2026-04-23,Dublin,sale,49.18
3403,2026-04-23,Dublin,sale,68.19
3404,2026-04-23,Dublin,sale,49.43
3405,2026-04-23,Dublin,sale,174.67
3406,2026-04-23,Dublin,sale,48.95
3407,2026-04-23,Dublin,sale,51.08
3408,2026-04-23,Dublin,sale,55.49
3409,2026-04-23,Dublin,sale,79.33
3410,2026-04-23,Dublin,sale,62.86
3411,2026-04-23,Dublin,sale,168.62
3412,2026-04-23,Dublin,sale,70.6
3413,2026-04-23,Dublin,sale,56.48
3414,2026-04-23,Dublin,sale,177.9
3415,2026-04-23,Dublin,sale,124.21
3416,2026-04-23,Dublin,sale,174.88
3417,2026-04-23,Dublin,sale,33.15
3418,2026-04-23,Dublin,sale,165.76
3419,2026-04-23,Dublin,refund,-51.05
3420,2026-04-23,Dublin,sale,144.3
3421,2026-04-23,Dublin,sale,142.14
3422,2026-04-23,Dublin,sale,97.04
3423,2026-04-23,Dublin,sale,33.4
3424,2026-04-23,Dublin,sale,155.64
3425,2026-04-23,Dublin,sale,43.6
3426,2026-04-23,Edinburgh,sale,36.96
3427,2026-04-23,Edinburgh,sale,7.87
3428,2026-04-23,Edinburgh,sale,138.19
3429,2026-04-23,Edinburgh,sale,111.89
3430,2026-04-23,Edinburgh,sale,9.41
3431,2026-04-23,Edinburgh,sale,22.55
3432,2026-04-23,Edinburgh,sale,134.64
3433,2026-04-23,Edinburgh,sale,93.72
3434,2026-04-23,Edinburgh,sale,119.56
3435,2026-04-23,Edinburgh,sale,50.45
3436,2026-04-23,Edinburgh,sale,95.65
3437,2026-04-23,Edinburgh,sale,84.12
3438,2026-04-23,Edinburgh,sale,52.48
3439,2026-04-23,Edinburgh,sale,115.87
3440,2026-04-23,Edinburgh,sale,89.93
3441,2026-04-23,Edinburgh,sale,97.62
3442,2026-04-23,Edinburgh,sale,50.59
3443,2026-04-23,Edinburgh,sale,89.17
3444,2026-04-23,Edinburgh,sale,130.71
3445,2026-04-23,Florence,sale,77.31
3446,2026-04-23,Florence,sale,155.38
3447,2026-04-23,Florence,sale,19.88
3448,2026-04-23,Florence,sale,44.09
3449,2026-04-23,Florence,sale,135.06
3450,2026-04-23,Florence,sale,92.23
3451,2026-04-23,Florence,sale,49.17
3452,2026-04-23,Florence,sale,6.63
3453,2026-04-23,Florence,sale,102.22
3454,2026-04-23,Florence,sale,64.45
3455,2026-04-23,Florence,sale,13.15
3456,2026-04-23,Florence,sale,28.88
3457,2026-04-23,Florence,sale,41.46
3458,2026-04-23,Florence,sale,15.12
3459,2026-04-23,Florence,sale,120.52
3460,2026-04-23,Florence,sale,39.06
3461,2026-04-23,Florence,sale,123.41
3462,2026-04-23,Florence,sale,63.98
3463,2026-04-23,Florence,sale,41.81
3464,2026-04-23,Florence,sale,137.08
3465,2026-04-23,Florence,sale,145.5
3466,2026-04-23,Florence,sale,100.91
3467,2026-04-23,Florence,sale,175.57
3468,2026-04-23,Florence,sale,16.42
3469,2026-04-23,Florence,sale,140.29
3470,2026-04-23,Florence,sale,44.9
3471,2026-04-24,Amsterdam,sale,96.82
3472,2026-04-24,Amsterdam,sale,41.13
3473,2026-04-24,Amsterdam,sale,44.15
3474,2026-04-24,Amsterdam,sale,129.73
3475,2026-04-24,Amsterdam,sale,71.91
3476,2026-04-24,Amsterdam,sale,60.56
3477,2026-04-24,Amsterdam,sale,23.11
3478,2026-04-24,Amsterdam,sale,63.85
3479,2026-04-24,Amsterdam,refund,-31.05
3480,2026-04-24,Amsterdam,sale,86.72
3481,2026-04-24,Amsterdam,refund,-99.31
3482,2026-04-24,Amsterdam,sale,143.4
3483,2026-04-24,Amsterdam,sale,179.73
3484,2026-04-24,Amsterdam,sale,63.52
3485,2026-04-24,Amsterdam,sale,26.16
3486,2026-04-24,Amsterdam,sale,73.12
3487,2026-04-24,Amsterdam,sale,20.72
3488,2026-04-24,Amsterdam,sale,14.49
3489,2026-04-24,Amsterdam,sale,124.48
3490,2026-04-24,Amsterdam,sale,77.51
3491,2026-04-24,Amsterdam,sale,112.32
3492,2026-04-24,Amsterdam,sale,114.84
3493,2026-04-24,Amsterdam,sale,148.77
3494,2026-04-24,Amsterdam,sale,97.8
3495,2026-04-24,Amsterdam,sale,60.91
3496,2026-04-24,Amsterdam,sale,91.8
3497,2026-04-24,Amsterdam,sale,20.53
3498,2026-04-24,Amsterdam,sale,43.55
3499,2026-04-24,Amsterdam,sale,12.04
3500,2026-04-24,Amsterdam,sale,37.43
3501,2026-04-24,Amsterdam,sale,159.21
3502,2026-04-24,Berlin,sale,153.04
3503,2026-04-24,Berlin,sale,144.05
3504,2026-04-24,Berlin,sale,143.0
3505,2026-04-24,Berlin,sale,166.2
3506,2026-04-24,Berlin,sale,155.09
3507,2026-04-24,Berlin,sale,26.36
3508,2026-04-24,Berlin,sale,133.43
3509,2026-04-24,Berlin,sale,174.49
3510,2026-04-24,Berlin,sale,140.22
3511,2026-04-24,Berlin,sale,176.82
3512,2026-04-24,Berlin,sale,28.84
3513,2026-04-24,Berlin,sale,15.42
3514,2026-04-24,Berlin,sale,25.71
3515,2026-04-24,Berlin,sale,134.88
3516,2026-04-24,Berlin,sale,75.92
3517,2026-04-24,Berlin,sale,120.79
3518,2026-04-24,Berlin,sale,62.0
3519,2026-04-24,Berlin,sale,59.49
3520,2026-04-24,Berlin,sale,144.01
3521,2026-04-24,Berlin,sale,108.11
3522,2026-04-24,Berlin,sale,53.32
3523,2026-04-24,Berlin,sale,86.3
3524,2026-04-24,Berlin,sale,150.66
3525,2026-04-24,Berlin,sale,149.7
3526,2026-04-24,Berlin,sale,109.66
3527,2026-04-24,Berlin,sale,14.19
3528,2026-04-24,Berlin,sale,115.27
3529,2026-04-24,Berlin,sale,23.66
3530,2026-04-24,Berlin,sale,14.75
3531,2026-04-24,Berlin,sale,45.2
3532,2026-04-24,Berlin,sale,104.11
3533,2026-04-24,Berlin,refund,-60.4
3534,2026-04-24,Berlin,sale,88.9
3535,2026-04-24,Berlin,sale,84.5
3536,2026-04-24,Berlin,sale,28.32
3537,2026-04-24,Berlin,sale,132.19
3538,2026-04-24,Berlin,sale,128.8
3539,2026-04-24,Berlin,sale,62.68
3540,2026-04-24,Berlin,sale,158.45
3541,2026-04-24,Berlin,refund,-117.39
3542,2026-04-24,Berlin,sale,30.35
3543,2026-04-24,Berlin,sale,12.71
3544,2026-04-24,Berlin,sale,153.39
3545,2026-04-24,Berlin,sale,78.5
3546,2026-04-24,Berlin,sale,9.3
3547,2026-04-24,Berlin,sale,164.93
3548,2026-04-24,Berlin,sale,8.15
3549,2026-04-24,Copenhagen,sale,97.09
3550,2026-04-24,Copenhagen,sale,127.01
3551,2026-04-24,Copenhagen,sale,14.94
3552,2026-04-24,Copenhagen,sale,152.68
3553,2026-04-24,Copenhagen,sale,169.53
3554,2026-04-24,Copenhagen,refund,-93.08
3555,2026-04-24,Copenhagen,sale,132.68
3556,2026-04-24,Copenhagen,sale,64.95
3557,2026-04-24,Copenhagen,sale,113.1
3558,2026-04-24,Copenhagen,sale,17.93
3559,2026-04-24,Copenhagen,sale,30.54
3560,2026-04-24,Copenhagen,sale,177.23
3561,2026-04-24,Dublin,sale,117.23
3562,2026-04-24,Dublin,sale,170.82
3563,2026-04-24,Dublin,sale,122.28
3564,2026-04-24,Dublin,sale,162.07
3565,2026-04-24,Dublin,sale,134.02
3566,2026-04-24,Dublin,sale,77.79
3567,2026-04-24,Dublin,sale,144.31
3568,2026-04-24,Dublin,sale,103.68
3569,2026-04-24,Dublin,sale,38.61
3570,2026-04-24,Dublin,sale,17.77
3571,2026-04-24,Dublin,sale,62.31
3572,2026-04-24,Dublin,sale,143.46
3573,2026-04-24,Dublin,sale,145.8
3574,2026-04-24,Dublin,sale,97.14
3575,2026-04-24,Dublin,sale,79.46
3576,2026-04-24,Dublin,sale,29.74
3577,2026-04-24,Dublin,sale,51.65
3578,2026-04-24,Dublin,sale,126.21
3579,2026-04-24,Dublin,refund,-120.02
3580,2026-04-24,Dublin,sale,91.73
3581,2026-04-24,Dublin,sale,9.08
3582,2026-04-24,Dublin,sale,33.89
3583,2026-04-24,Dublin,sale,99.74
3584,2026-04-24,Dublin,sale,160.02
3585,2026-04-24,Dublin,sale,62.8
3586,2026-04-24,Edinburgh,sale,13.06
3587,2026-04-24,Edinburgh,sale,61.2
3588,2026-04-24,Edinburgh,sale,62.95
3589,2026-04-24,Edinburgh,sale,118.24
3590,2026-04-24,Edinburgh,sale,128.76
3591,2026-04-24,Edinburgh,sale,49.56
3592,2026-04-24,Edinburgh,sale,66.13
3593,2026-04-24,Edinburgh,sale,115.4
3594,2026-04-24,Edinburgh,refund,-22.52
3595,2026-04-24,Edinburgh,sale,108.66
3596,2026-04-24,Edinburgh,sale,11.12
3597,2026-04-24,Edinburgh,sale,134.27
3598,2026-04-24,Edinburgh,sale,101.0
3599,2026-04-24,Edinburgh,sale,20.23
3600,2026-04-24,Edinburgh,sale,109.57
3601,2026-04-24,Edinburgh,sale,147.48
3602,2026-04-24,Edinburgh,sale,71.11
3603,2026-04-24,Edinburgh,sale,170.37
3604,2026-04-24,Edinburgh,sale,82.94
3605,2026-04-24,Florence,sale,45.02
3606,2026-04-24,Florence,sale,89.01
3607,2026-04-24,Florence,sale,41.25
3608,2026-04-24,Florence,sale,162.72
3609,2026-04-24,Florence,sale,122.54
3610,2026-04-24,Florence,sale,146.35
3611,2026-04-24,Florence,sale,15.59
3612,2026-04-24,Florence,sale,74.63
3613,2026-04-24,Florence,sale,176.03
3614,2026-04-24,Florence,sale,87.26
3615,2026-04-24,Florence,sale,98.38
3616,2026-04-24,Florence,sale,64.34
3617,2026-04-24,Florence,sale,41.2
3618,2026-04-24,Florence,sale,51.93
3619,2026-04-24,Florence,sale,151.59
3620,2026-04-24,Florence,sale,43.9
3621,2026-04-24,Florence,sale,92.43
3622,2026-04-24,Florence,sale,26.97
3623,2026-04-24,Florence,sale,167.57
3624,2026-04-24,Florence,refund,-22.0
3625,2026-04-24,Florence,sale,97.21
3626,2026-04-25,Amsterdam,sale,141.22
3627,2026-04-25,Amsterdam,sale,21.23
3628,2026-04-25,Amsterdam,sale,135.12
3629,2026-04-25,Amsterdam,sale,92.35
3630,2026-04-25,Amsterdam,sale,171.94
3631,2026-04-25,Amsterdam,sale,92.39
3632,2026-04-25,Amsterdam,sale,24.06
3633,2026-04-25,Amsterdam,sale,146.03
3634,2026-04-25,Amsterdam,sale,84.66
3635,2026-04-25,Amsterdam,sale,121.93
3636,2026-04-25,Amsterdam,sale,74.24
3637,2026-04-25,Amsterdam,sale,139.66
3638,2026-04-25,Amsterdam,sale,108.99
3639,2026-04-25,Amsterdam,sale,88.58
3640,2026-04-25,Amsterdam,sale,135.59
3641,2026-04-25,Amsterdam,sale,95.7
3642,2026-04-25,Amsterdam,sale,47.9
3643,2026-04-25,Amsterdam,sale,168.22
3644,2026-04-25,Amsterdam,sale,74.69
3645,2026-04-25,Amsterdam,sale,133.32
3646,2026-04-25,Amsterdam,sale,69.88
3647,2026-04-25,Amsterdam,sale,36.95
3648,2026-04-25,Amsterdam,sale,175.57
3649,2026-04-25,Amsterdam,sale,140.74
3650,2026-04-25,Amsterdam,sale,116.71
3651,2026-04-25,Amsterdam,sale,5.44
3652,2026-04-25,Amsterdam,sale,116.78
3653,2026-04-25,Amsterdam,sale,54.59
3654,2026-04-25,Amsterdam,sale,53.22
3655,2026-04-25,Amsterdam,sale,111.24
3656,2026-04-25,Amsterdam,sale,80.44
3657,2026-04-25,Amsterdam,sale,97.79
3658,2026-04-25,Berlin,sale,96.46
3659,2026-04-25,Berlin,sale,108.2
3660,2026-04-25,Berlin,refund,-158.64
3661,2026-04-25,Berlin,sale,81.89
3662,2026-04-25,Berlin,sale,39.48
3663,2026-04-25,Berlin,sale,18.37
3664,2026-04-25,Berlin,sale,122.8
3665,2026-04-25,Berlin,sale,96.29
3666,2026-04-25,Berlin,sale,84.14
3667,2026-04-25,Berlin,sale,153.55
3668,2026-04-25,Berlin,sale,102.4
3669,2026-04-25,Berlin,sale,86.42
3670,2026-04-25,Berlin,sale,40.03
3671,2026-04-25,Berlin,sale,164.47
3672,2026-04-25,Berlin,sale,109.97
3673,2026-04-25,Berlin,sale,72.94
3674,2026-04-25,Berlin,sale,87.32
3675,2026-04-25,Berlin,sale,12.58
3676,2026-04-25,Berlin,sale,32.45
3677,2026-04-25,Berlin,sale,49.74
3678,2026-04-25,Berlin,sale,62.23
3679,2026-04-25,Berlin,sale,176.75
3680,2026-04-25,Berlin,sale,101.92
3681,2026-04-25,Berlin,sale,29.34
3682,2026-04-25,Berlin,sale,167.4
3683,2026-04-25,Berlin,sale,47.61
3684,2026-04-25,Berlin,sale,144.67
3685,2026-04-25,Berlin,refund,-47.2
3686,2026-04-25,Berlin,sale,100.76
3687,2026-04-25,Berlin,sale,29.19
3688,2026-04-25,Berlin,sale,131.38
3689,2026-04-25,Berlin,sale,118.59
3690,2026-04-25,Berlin,sale,130.31
3691,2026-04-25,Berlin,sale,62.31
3692,2026-04-25,Berlin,sale,122.18
3693,2026-04-25,Berlin,sale,19.1
3694,2026-04-25,Berlin,sale,41.96
3695,2026-04-25,Berlin,sale,90.15
3696,2026-04-25,Berlin,sale,15.52
3697,2026-04-25,Berlin,refund,-168.82
3698,2026-04-25,Berlin,sale,178.24
3699,2026-04-25,Copenhagen,refund,-51.22
3700,2026-04-25,Copenhagen,sale,54.64
3701,2026-04-25,Copenhagen,sale,132.8
3702,2026-04-25,Copenhagen,sale,122.55
3703,2026-04-25,Copenhagen,sale,71.67
3704,2026-04-25,Copenhagen,sale,42.63
3705,2026-04-25,Copenhagen,sale,58.21
3706,2026-04-25,Copenhagen,sale,47.46
3707,2026-04-25,Copenhagen,sale,108.25
3708,2026-04-25,Copenhagen,sale,53.35
3709,2026-04-25,Copenhagen,sale,15.58
3710,2026-04-25,Copenhagen,sale,97.79
3711,2026-04-25,Copenhagen,sale,146.22
3712,2026-04-25,Copenhagen,sale,48.18
3713,2026-04-25,Copenhagen,sale,64.29
3714,2026-04-25,Copenhagen,sale,154.2
3715,2026-04-25,Dublin,sale,85.41
3716,2026-04-25,Dublin,sale,110.29
3717,2026-04-25,Dublin,refund,-48.27
3718,2026-04-25,Dublin,sale,72.79
3719,2026-04-25,Dublin,sale,168.59
3720,2026-04-25,Dublin,sale,152.99
3721,2026-04-25,Dublin,sale,47.23
3722,2026-04-25,Dublin,sale,37.35
3723,2026-04-25,Dublin,refund,-164.46
3724,2026-04-25,Dublin,sale,178.17
3725,2026-04-25,Dublin,sale,121.25
3726,2026-04-25,Dublin,sale,159.67
3727,2026-04-25,Dublin,sale,128.36
3728,2026-04-25,Dublin,sale,169.64
3729,2026-04-25,Dublin,sale,149.12
3730,2026-04-25,Dublin,sale,167.72
3731,2026-04-25,Dublin,sale,62.82
3732,2026-04-25,Dublin,sale,17.76
3733,2026-04-25,Dublin,sale,149.64
3734,2026-04-25,Dublin,sale,95.92
3735,2026-04-25,Dublin,sale,132.91
3736,2026-04-25,Dublin,sale,94.41
3737,2026-04-25,Dublin,sale,48.67
3738,2026-04-25,Dublin,sale,139.21
3739,2026-04-25,Dublin,sale,21.85
3740,2026-04-25,Edinburgh,sale,7.06
3741,2026-04-25,Edinburgh,sale,125.45
3742,2026-04-25,Edinburgh,sale,54.73
3743,2026-04-25,Edinburgh,sale,7.13
3744,2026-04-25,Edinburgh,sale,38.98
3745,2026-04-25,Edinburgh,sale,45.52
3746,2026-04-25,Edinburgh,sale,72.34
3747,2026-04-25,Edinburgh,sale,140.11
3748,2026-04-25,Edinburgh,sale,8.51
3749,2026-04-25,Edinburgh,sale,65.25
3750,2026-04-25,Edinburgh,sale,5.66
3751,2026-04-25,Edinburgh,sale,27.21
3752,2026-04-25,Edinburgh,sale,108.66
3753,2026-04-25,Edinburgh,sale,95.67
3754,2026-04-25,Edinburgh,sale,114.24
3755,2026-04-25,Florence,sale,127.59
3756,2026-04-25,Florence,sale,117.73
3757,2026-04-25,Florence,sale,144.61
3758,2026-04-25,Florence,sale,131.72
3759,2026-04-25,Florence,sale,150.93
3760,2026-04-25,Florence,sale,39.92
3761,2026-04-25,Florence,sale,30.81
3762,2026-04-25,Florence,sale,29.07
3763,2026-04-25,Florence,sale,33.9
3764,2026-04-25,Florence,sale,33.47
3765,2026-04-25,Florence,sale,105.47
3766,2026-04-25,Florence,sale,108.78
3767,2026-04-25,Florence,sale,162.73
3768,2026-04-25,Florence,sale,116.48
3769,2026-04-25,Florence,sale,179.63
3770,2026-04-25,Florence,sale,25.7
3771,2026-04-25,Florence,sale,83.58
3772,2026-04-25,Florence,sale,156.77
3773,2026-04-25,Florence,sale,154.13
3774,2026-04-25,Florence,sale,155.47
3775,2026-04-26,Amsterdam,sale,70.97
3776,2026-04-26,Amsterdam,sale,149.06
3777,2026-04-26,Amsterdam,sale,40.0
3778,2026-04-26,Amsterdam,sale,89.07
3779,2026-04-26,Amsterdam,sale,26.53
3780,2026-04-26,Amsterdam,sale,95.93
3781,2026-04-26,Amsterdam,sale,7.72
3782,2026-04-26,Amsterdam,sale,47.04
3783,2026-04-26,Amsterdam,sale,85.15
3784,2026-04-26,Amsterdam,sale,155.07
3785,2026-04-26,Amsterdam,sale,50.85
3786,2026-04-26,Amsterdam,sale,59.73
3787,2026-04-26,Amsterdam,sale,17.48
3788,2026-04-26,Amsterdam,sale,21.7
3789,2026-04-26,Amsterdam,sale,40.84
3790,2026-04-26,Amsterdam,sale,29.73
3791,2026-04-26,Amsterdam,sale,81.69
3792,2026-04-26,Amsterdam,sale,115.44
3793,2026-04-26,Amsterdam,sale,15.96
3794,2026-04-26,Amsterdam,sale,104.15
3795,2026-04-26,Amsterdam,sale,119.37
3796,2026-04-26,Amsterdam,sale,110.4
3797,2026-04-26,Amsterdam,sale,60.08
3798,2026-04-26,Amsterdam,sale,115.34
3799,2026-04-26,Amsterdam,sale,49.21
3800,2026-04-26,Amsterdam,sale,24.66
3801,2026-04-26,Amsterdam,sale,62.92
3802,2026-04-26,Amsterdam,sale,44.21
3803,2026-04-26,Amsterdam,sale,14.27
3804,2026-04-26,Amsterdam,sale,117.11
3805,2026-04-26,Amsterdam,sale,99.85
3806,2026-04-26,Amsterdam,sale,148.91
3807,2026-04-26,Amsterdam,sale,29.94
3808,2026-04-26,Amsterdam,sale,103.25
3809,2026-04-26,Berlin,sale,94.27
3810,2026-04-26,Berlin,sale,14.27
3811,2026-04-26,Berlin,sale,8.25
3812,2026-04-26,Berlin,sale,103.6
3813,2026-04-26,Berlin,sale,74.25
3814,2026-04-26,Berlin,sale,127.82
3815,2026-04-26,Berlin,sale,36.93
3816,2026-04-26,Berlin,sale,175.34
3817,2026-04-26,Berlin,sale,129.56
3818,2026-04-26,Berlin,sale,83.73
3819,2026-04-26,Berlin,sale,174.73
3820,2026-04-26,Berlin,sale,7.83
3821,2026-04-26,Berlin,sale,138.99
3822,2026-04-26,Berlin,sale,94.1
3823,2026-04-26,Berlin,sale,80.41
3824,2026-04-26,Berlin,sale,26.7
3825,2026-04-26,Berlin,sale,169.23
3826,2026-04-26,Berlin,refund,-39.29
3827,2026-04-26,Berlin,sale,86.55
3828,2026-04-26,Berlin,sale,103.51
3829,2026-04-26,Berlin,sale,170.14
3830,2026-04-26,Berlin,sale,42.49
3831,2026-04-26,Berlin,sale,99.67
3832,2026-04-26,Berlin,sale,128.0
3833,2026-04-26,Berlin,sale,162.01
3834,2026-04-26,Berlin,sale,56.17
3835,2026-04-26,Berlin,sale,178.29
3836,2026-04-26,Berlin,sale,61.73
3837,2026-04-26,Berlin,sale,64.83
3838,2026-04-26,Berlin,sale,142.72
3839,2026-04-26,Berlin,sale,171.04
3840,2026-04-26,Berlin,sale,21.46
3841,2026-04-26,Berlin,sale,142.9
3842,2026-04-26,Berlin,sale,82.53
3843,2026-04-26,Berlin,sale,101.29
3844,2026-04-26,Berlin,refund,-6.36
3845,2026-04-26,Berlin,sale,40.68
3846,2026-04-26,Berlin,sale,15.25
3847,2026-04-26,Berlin,sale,25.46
3848,2026-04-26,Berlin,sale,173.53
3849,2026-04-26,Berlin,sale,88.98
3850,2026-04-26,Berlin,sale,84.17
3851,2026-04-26,Berlin,sale,14.59
3852,2026-04-26,Berlin,sale,166.2
3853,2026-04-26,Berlin,sale,80.36
3854,2026-04-26,Berlin,sale,28.27
3855,2026-04-26,Berlin,sale,27.43
3856,2026-04-26,Berlin,sale,86.95
3857,2026-04-26,Copenhagen,sale,98.63
3858,2026-04-26,Copenhagen,sale,138.56
3859,2026-04-26,Copenhagen,sale,88.12
3860,2026-04-26,Copenhagen,sale,100.56
3861,2026-04-26,Copenhagen,sale,8.75
3862,2026-04-26,Copenhagen,sale,74.59
3863,2026-04-26,Copenhagen,sale,20.01
3864,2026-04-26,Copenhagen,sale,55.57
3865,2026-04-26,Copenhagen,sale,35.25
3866,2026-04-26,Copenhagen,sale,35.83
3867,2026-04-26,Copenhagen,sale,151.28
3868,2026-04-26,Copenhagen,sale,49.61
3869,2026-04-26,Copenhagen,sale,52.9
3870,2026-04-26,Copenhagen,sale,168.89
3871,2026-04-26,Copenhagen,sale,57.06
3872,2026-04-26,Dublin,sale,120.0
3873,2026-04-26,Dublin,sale,21.2
3874,2026-04-26,Dublin,sale,66.59
3875,2026-04-26,Dublin,sale,99.69
3876,2026-04-26,Dublin,sale,6.66
3877,2026-04-26,Dublin,sale,110.14
3878,2026-04-26,Dublin,sale,109.74
3879,2026-04-26,Dublin,sale,96.5
3880,2026-04-26,Dublin,sale,13.31
3881,2026-04-26,Dublin,sale,158.5
3882,2026-04-26,Dublin,sale,70.03
3883,2026-04-26,Dublin,sale,150.87
3884,2026-04-26,Dublin,sale,44.99
3885,2026-04-26,Dublin,sale,19.93
3886,2026-04-26,Dublin,sale,86.59
3887,2026-04-26,Dublin,sale,140.38
3888,2026-04-26,Dublin,sale,28.22
3889,2026-04-26,Dublin,refund,-120.16
3890,2026-04-26,Dublin,sale,46.63
3891,2026-04-26,Dublin,sale,78.06
3892,2026-04-26,Dublin,sale,65.97
3893,2026-04-26,Dublin,sale,46.4
3894,2026-04-26,Dublin,sale,151.56
3895,2026-04-26,Edinburgh,sale,169.82
3896,2026-04-26,Edinburgh,sale,117.98
3897,2026-04-26,Edinburgh,sale,84.29
3898,2026-04-26,Edinburgh,sale,60.46
3899,2026-04-26,Edinburgh,sale,147.17
3900,2026-04-26,Edinburgh,sale,50.12
3901,2026-04-26,Edinburgh,sale,77.78
3902,2026-04-26,Edinburgh,sale,160.9
3903,2026-04-26,Edinburgh,sale,16.0
3904,2026-04-26,Edinburgh,sale,5.83
3905,2026-04-26,Edinburgh,sale,158.62
3906,2026-04-26,Edinburgh,sale,104.55
3907,2026-04-26,Edinburgh,sale,77.38
3908,2026-04-26,Edinburgh,sale,170.75
3909,2026-04-26,Edinburgh,sale,15.38
3910,2026-04-26,Edinburgh,sale,100.25
3911,2026-04-26,Edinburgh,sale,102.22
3912,2026-04-26,Edinburgh,sale,11.24
3913,2026-04-26,Edinburgh,sale,22.83
3914,2026-04-26,Edinburgh,sale,144.96
3915,2026-04-26,Edinburgh,sale,142.79
3916,2026-04-26,Edinburgh,sale,63.33
3917,2026-04-26,Florence,sale,124.3
3918,2026-04-26,Florence,sale,93.3
3919,2026-04-26,Florence,sale,39.22
3920,2026-04-26,Florence,sale,160.57
3921,2026-04-26,Florence,sale,71.42
3922,2026-04-26,Florence,sale,76.35
3923,2026-04-26,Florence,sale,172.15
3924,2026-04-26,Florence,sale,102.32
3925,2026-04-26,Florence,sale,162.54
3926,2026-04-26,Florence,sale,104.9
3927,2026-04-26,Florence,sale,95.2
3928,2026-04-26,Florence,sale,52.62
3929,2026-04-26,Florence,sale,89.07
3930,2026-04-26,Florence,sale,91.16
3931,2026-04-26,Florence,sale,111.39
3932,2026-04-26,Florence,sale,119.83
3933,2026-04-26,Florence,sale,114.89
3934,2026-04-26,Florence,sale,112.17
3935,2026-04-26,Florence,sale,11.24
3936,2026-04-26,Florence,sale,31.55
3937,2026-04-27,Amsterdam,sale,87.2
3938,2026-04-27,Amsterdam,sale,97.96
3939,2026-04-27,Amsterdam,sale,178.1
3940,2026-04-27,Amsterdam,sale,99.27
3941,2026-04-27,Amsterdam,sale,11.81
3942,2026-04-27,Amsterdam,sale,8.07
3943,2026-04-27,Amsterdam,sale,142.68
3944,2026-04-27,Amsterdam,sale,10.93
3945,2026-04-27,Amsterdam,sale,96.47
3946,2026-04-27,Amsterdam,sale,165.95
3947,2026-04-27,Amsterdam,sale,70.89
3948,2026-04-27,Amsterdam,sale,86.36
3949,2026-04-27,Amsterdam,sale,96.76
3950,2026-04-27,Amsterdam,refund,-71.24
3951,2026-04-27,Amsterdam,sale,7.65
3952,2026-04-27,Amsterdam,sale,104.85
3953,2026-04-27,Amsterdam,sale,18.13
3954,2026-04-27,Amsterdam,sale,139.3
3955,2026-04-27,Amsterdam,sale,142.83
3956,2026-04-27,Amsterdam,sale,132.48
3957,2026-04-27,Amsterdam,sale,111.28
3958,2026-04-27,Amsterdam,sale,16.44
3959,2026-04-27,Amsterdam,sale,133.42
3960,2026-04-27,Amsterdam,sale,135.72
3961,2026-04-27,Amsterdam,sale,133.65
3962,2026-04-27,Amsterdam,sale,173.67
3963,2026-04-27,Amsterdam,sale,111.85
3964,2026-04-27,Amsterdam,sale,75.43
3965,2026-04-27,Amsterdam,sale,124.14
3966,2026-04-27,Amsterdam,sale,115.57
3967,2026-04-27,Amsterdam,sale,171.12
3968,2026-04-27,Amsterdam,sale,27.91
3969,2026-04-27,Amsterdam,sale,30.13
3970,2026-04-27,Berlin,sale,25.97
3971,2026-04-27,Berlin,sale,94.61
3972,2026-04-27,Berlin,sale,108.48
3973,2026-04-27,Berlin,sale,164.7
3974,2026-04-27,Berlin,refund,-24.24
3975,2026-04-27,Berlin,sale,154.97
3976,2026-04-27,Berlin,sale,38.3
3977,2026-04-27,Berlin,refund,-112.34
3978,2026-04-27,Berlin,sale,15.98
3979,2026-04-27,Berlin,sale,60.79
3980,2026-04-27,Berlin,sale,152.96
3981,2026-04-27,Berlin,refund,-142.43
3982,2026-04-27,Berlin,sale,119.58
3983,2026-04-27,Berlin,sale,50.26
3984,2026-04-27,Berlin,sale,157.99
3985,2026-04-27,Berlin,sale,159.44
3986,2026-04-27,Berlin,sale,71.81
3987,2026-04-27,Berlin,refund,-51.33
3988,2026-04-27,Berlin,sale,60.51
3989,2026-04-27,Berlin,sale,50.86
3990,2026-04-27,Berlin,refund,-51.22
3991,2026-04-27,Berlin,sale,161.07
3992,2026-04-27,Berlin,sale,43.99
3993,2026-04-27,Berlin,sale,59.34
3994,2026-04-27,Berlin,sale,36.12
3995,2026-04-27,Berlin,sale,60.24
3996,2026-04-27,Berlin,sale,45.59
3997,2026-04-27,Berlin,sale,179.08
3998,2026-04-27,Berlin,sale,41.21
3999,2026-04-27,Berlin,sale,124.92
4000,2026-04-27,Berlin,sale,36.54
4001,2026-04-27,Berlin,sale,138.88
4002,2026-04-27,Berlin,sale,15.07
4003,2026-04-27,Berlin,sale,154.45
4004,2026-04-27,Berlin,sale,47.76
4005,2026-04-27,Berlin,sale,126.79
4006,2026-04-27,Berlin,sale,120.37
4007,2026-04-27,Berlin,sale,141.11
4008,2026-04-27,Berlin,sale,99.69
4009,2026-04-27,Berlin,sale,46.99
4010,2026-04-27,Berlin,sale,150.72
4011,2026-04-27,Berlin,sale,30.3
4012,2026-04-27,Berlin,sale,47.24
4013,2026-04-27,Berlin,sale,164.02
4014,2026-04-27,Berlin,sale,95.08
4015,2026-04-27,Berlin,sale,61.72
4016,2026-04-27,Berlin,sale,113.13
4017,2026-04-27,Copenhagen,sale,113.25
4018,2026-04-27,Copenhagen,sale,78.75
4019,2026-04-27,Copenhagen,sale,119.1
4020,2026-04-27,Copenhagen,sale,145.43
4021,2026-04-27,Copenhagen,sale,96.15
4022,2026-04-27,Copenhagen,sale,149.66
4023,2026-04-27,Copenhagen,sale,133.98
4024,2026-04-27,Copenhagen,sale,18.54
4025,2026-04-27,Copenhagen,refund,-153.99
4026,2026-04-27,Dublin,sale,150.1
4027,2026-04-27,Dublin,sale,174.55
4028,2026-04-27,Dublin,sale,9.44
4029,2026-04-27,Dublin,sale,120.63
4030,2026-04-27,Dublin,sale,109.1
4031,2026-04-27,Dublin,sale,140.87
4032,2026-04-27,Dublin,sale,170.9
4033,2026-04-27,Dublin,sale,71.97
4034,2026-04-27,Dublin,sale,87.4
4035,2026-04-27,Dublin,sale,47.12
4036,2026-04-27,Dublin,sale,138.38
4037,2026-04-27,Dublin,sale,117.69
4038,2026-04-27,Dublin,sale,14.59
4039,2026-04-27,Dublin,sale,159.69
4040,2026-04-27,Dublin,sale,156.06
4041,2026-04-27,Dublin,sale,150.54
4042,2026-04-27,Dublin,sale,45.64
4043,2026-04-27,Dublin,sale,117.35
4044,2026-04-27,Dublin,sale,26.33
4045,2026-04-27,Dublin,sale,155.53
4046,2026-04-27,Dublin,sale,91.84
4047,2026-04-27,Dublin,sale,55.44
4048,2026-04-27,Dublin,sale,116.45
4049,2026-04-27,Dublin,sale,159.93
4050,2026-04-27,Dublin,sale,85.44
4051,2026-04-27,Dublin,sale,106.24
4052,2026-04-27,Dublin,sale,93.68
4053,2026-04-27,Dublin,sale,111.75
4054,2026-04-27,Dublin,sale,174.21
4055,2026-04-27,Edinburgh,sale,71.66
4056,2026-04-27,Edinburgh,sale,154.85
4057,2026-04-27,Edinburgh,sale,5.23
4058,2026-04-27,Edinburgh,sale,141.23
4059,2026-04-27,Edinburgh,sale,155.5
4060,2026-04-27,Edinburgh,sale,150.14
4061,2026-04-27,Edinburgh,sale,31.1
4062,2026-04-27,Edinburgh,sale,25.32
4063,2026-04-27,Edinburgh,sale,167.54
4064,2026-04-27,Edinburgh,sale,142.0
4065,2026-04-27,Edinburgh,sale,27.24
4066,2026-04-27,Edinburgh,sale,83.68
4067,2026-04-27,Edinburgh,sale,22.72
4068,2026-04-27,Edinburgh,sale,168.7
4069,2026-04-27,Edinburgh,sale,141.81
4070,2026-04-27,Edinburgh,refund,-104.85
4071,2026-04-27,Florence,sale,35.36
4072,2026-04-27,Florence,sale,42.5
4073,2026-04-27,Florence,sale,161.23
4074,2026-04-27,Florence,sale,123.87
4075,2026-04-27,Florence,sale,75.95
4076,2026-04-27,Florence,sale,168.07
4077,2026-04-27,Florence,sale,50.73
4078,2026-04-27,Florence,sale,54.33
4079,2026-04-27,Florence,sale,164.9
4080,2026-04-27,Florence,sale,172.58
4081,2026-04-27,Florence,sale,136.25
4082,2026-04-27,Florence,sale,9.92
4083,2026-04-27,Florence,sale,77.47
4084,2026-04-27,Florence,sale,163.71
4085,2026-04-27,Florence,sale,146.82
4086,2026-04-27,Florence,sale,40.2
4087,2026-04-27,Florence,sale,106.78
4088,2026-04-28,Amsterdam,sale,26.6
4089,2026-04-28,Amsterdam,sale,143.33
4090,2026-04-28,Amsterdam,sale,122.69
4091,2026-04-28,Amsterdam,sale,129.71
4092,2026-04-28,Amsterdam,sale,171.05
4093,2026-04-28,Amsterdam,sale,128.61
4094,2026-04-28,Amsterdam,sale,91.53
4095,2026-04-28,Amsterdam,sale,165.26
4096,2026-04-28,Amsterdam,sale,56.68
4097,2026-04-28,Amsterdam,sale,62.6
4098,2026-04-28,Amsterdam,sale,10.67
4099,2026-04-28,Amsterdam,sale,62.61
4100,2026-04-28,Amsterdam,sale,146.56
4101,2026-04-28,Amsterdam,sale,175.49
4102,2026-04-28,Amsterdam,sale,69.71
4103,2026-04-28,Amsterdam,sale,90.39
4104,2026-04-28,Amsterdam,sale,59.37
4105,2026-04-28,Amsterdam,sale,26.03
4106,2026-04-28,Amsterdam,refund,-64.52
4107,2026-04-28,Amsterdam,sale,138.15
4108,2026-04-28,Amsterdam,sale,144.79
4109,2026-04-28,Amsterdam,sale,26.04
4110,2026-04-28,Amsterdam,sale,158.85
4111,2026-04-28,Amsterdam,sale,115.28
4112,2026-04-28,Amsterdam,sale,121.55
4113,2026-04-28,Amsterdam,sale,160.39
4114,2026-04-28,Amsterdam,sale,147.44
4115,2026-04-28,Amsterdam,sale,158.77
4116,2026-04-28,Amsterdam,sale,55.3
4117,2026-04-28,Amsterdam,sale,13.0
4118,2026-04-28,Amsterdam,sale,135.05
4119,2026-04-28,Amsterdam,sale,71.68
4120,2026-04-28,Amsterdam,sale,47.99
4121,2026-04-28,Berlin,sale,152.44
4122,2026-04-28,Berlin,sale,142.93
4123,2026-04-28,Berlin,sale,168.49
4124,2026-04-28,Berlin,sale,75.18
4125,2026-04-28,Berlin,sale,168.93
4126,2026-04-28,Berlin,sale,58.25
4127,2026-04-28,Berlin,sale,49.11
4128,2026-04-28,Berlin,sale,21.52
4129,2026-04-28,Berlin,sale,50.02
4130,2026-04-28,Berlin,sale,137.44
4131,2026-04-28,Berlin,sale,142.29
4132,2026-04-28,Berlin,sale,49.41
4133,2026-04-28,Berlin,sale,74.33
4134,2026-04-28,Berlin,sale,62.27
4135,2026-04-28,Berlin,sale,57.37
4136,2026-04-28,Berlin,sale,62.81
4137,2026-04-28,Berlin,sale,16.54
4138,2026-04-28,Berlin,sale,147.35
4139,2026-04-28,Berlin,sale,76.5
4140,2026-04-28,Berlin,sale,29.25
4141,2026-04-28,Berlin,sale,160.69
4142,2026-04-28,Berlin,sale,95.64
4143,2026-04-28,Berlin,sale,18.16
4144,2026-04-28,Berlin,sale,87.26
4145,2026-04-28,Berlin,sale,141.24
4146,2026-04-28,Berlin,sale,176.58
4147,2026-04-28,Berlin,sale,24.41
4148,2026-04-28,Berlin,sale,28.44
4149,2026-04-28,Berlin,sale,22.54
4150,2026-04-28,Berlin,sale,150.88
4151,2026-04-28,Berlin,refund,-15.33
4152,2026-04-28,Berlin,sale,78.36
4153,2026-04-28,Berlin,sale,163.02
4154,2026-04-28,Berlin,sale,49.15
4155,2026-04-28,Berlin,sale,124.86
4156,2026-04-28,Berlin,sale,175.62
4157,2026-04-28,Berlin,sale,76.31
4158,2026-04-28,Berlin,sale,96.34
4159,2026-04-28,Berlin,sale,140.31
4160,2026-04-28,Berlin,sale,130.53
4161,2026-04-28,Berlin,sale,148.93
4162,2026-04-28,Berlin,sale,165.81
4163,2026-04-28,Copenhagen,sale,65.63
4164,2026-04-28,Copenhagen,refund,-7.93
4165,2026-04-28,Copenhagen,sale,8.5
4166,2026-04-28,Copenhagen,sale,62.91
4167,2026-04-28,Copenhagen,sale,161.02
4168,2026-04-28,Copenhagen,refund,-124.76
4169,2026-04-28,Copenhagen,sale,147.6
4170,2026-04-28,Dublin,sale,96.64
4171,2026-04-28,Dublin,sale,104.13
4172,2026-04-28,Dublin,sale,5.63
4173,2026-04-28,Dublin,sale,49.32
4174,2026-04-28,Dublin,sale,131.11
4175,2026-04-28,Dublin,sale,176.79
4176,2026-04-28,Dublin,sale,17.02
4177,2026-04-28,Dublin,sale,94.8
4178,2026-04-28,Dublin,sale,164.76
4179,2026-04-28,Dublin,sale,142.22
4180,2026-04-28,Dublin,sale,110.91
4181,2026-04-28,Dublin,sale,95.48
4182,2026-04-28,Dublin,sale,23.33
4183,2026-04-28,Dublin,sale,74.99
4184,2026-04-28,Dublin,sale,169.33
4185,2026-04-28,Dublin,sale,74.74
4186,2026-04-28,Dublin,sale,132.71
4187,2026-04-28,Dublin,sale,163.46
4188,2026-04-28,Dublin,sale,115.93
4189,2026-04-28,Dublin,sale,112.47
4190,2026-04-28,Dublin,sale,7.39
4191,2026-04-28,Dublin,sale,140.87
4192,2026-04-28,Dublin,sale,178.23
4193,2026-04-28,Dublin,sale,23.1
4194,2026-04-28,Dublin,sale,44.9
4195,2026-04-28,Dublin,sale,89.79
4196,2026-04-28,Dublin,sale,116.47
4197,2026-04-28,Dublin,sale,51.1
4198,2026-04-28,Edinburgh,sale,43.9
4199,2026-04-28,Edinburgh,sale,50.15
4200,2026-04-28,Edinburgh,sale,148.75
4201,2026-04-28,Edinburgh,sale,136.71
4202,2026-04-28,Edinburgh,sale,125.4
4203,2026-04-28,Edinburgh,sale,16.37
4204,2026-04-28,Edinburgh,sale,20.14
4205,2026-04-28,Edinburgh,sale,99.79
4206,2026-04-28,Edinburgh,sale,31.14
4207,2026-04-28,Edinburgh,sale,136.4
4208,2026-04-28,Edinburgh,sale,169.34
4209,2026-04-28,Edinburgh,sale,82.2
4210,2026-04-28,Edinburgh,sale,141.25
4211,2026-04-28,Edinburgh,sale,23.56
4212,2026-04-28,Edinburgh,sale,127.7
4213,2026-04-28,Edinburgh,sale,13.1
4214,2026-04-28,Edinburgh,sale,45.94
4215,2026-04-28,Edinburgh,sale,46.86
4216,2026-04-28,Edinburgh,sale,91.19
4217,2026-04-28,Florence,sale,110.87
4218,2026-04-28,Florence,sale,170.71
4219,2026-04-28,Florence,sale,36.01
4220,2026-04-28,Florence,sale,135.74
4221,2026-04-28,Florence,sale,176.15
4222,2026-04-28,Florence,sale,92.47
4223,2026-04-28,Florence,sale,22.42
4224,2026-04-28,Florence,sale,27.51
4225,2026-04-28,Florence,sale,72.87
4226,2026-04-28,Florence,sale,99.85
4227,2026-04-28,Florence,sale,153.39
4228,2026-04-28,Florence,sale,166.86
4229,2026-04-28,Florence,sale,103.07
4230,2026-04-28,Florence,sale,82.5
4231,2026-04-28,Florence,sale,88.68
4232,2026-04-28,Florence,refund,-57.47
4233,2026-04-28,Florence,sale,142.64
4234,2026-04-28,Florence,sale,174.62
4235,2026-04-28,Florence,sale,40.47
4236,2026-04-28,Florence,sale,126.6
4237,2026-04-28,Florence,sale,43.07
4238,2026-04-28,Florence,sale,48.1
4239,2026-04-28,Florence,sale,147.67
4240,2026-04-28,Florence,sale,158.6
4241,2026-04-29,Amsterdam,sale,69.26
4242,2026-04-29,Amsterdam,sale,58.72
4243,2026-04-29,Amsterdam,sale,22.64
4244,2026-04-29,Amsterdam,sale,11.44
4245,2026-04-29,Amsterdam,sale,86.74
4246,2026-04-29,Amsterdam,sale,101.03
4247,2026-04-29,Amsterdam,sale,79.93
4248,2026-04-29,Amsterdam,sale,57.1
4249,2026-04-29,Amsterdam,refund,-32.66
4250,2026-04-29,Amsterdam,sale,13.57
4251,2026-04-29,Amsterdam,sale,148.27
4252,2026-04-29,Amsterdam,sale,98.68
4253,2026-04-29,Amsterdam,sale,153.88
4254,2026-04-29,Amsterdam,sale,43.91
4255,2026-04-29,Amsterdam,sale,63.81
4256,2026-04-29,Amsterdam,sale,108.43
4257,2026-04-29,Amsterdam,sale,70.88
4258,2026-04-29,Amsterdam,sale,136.24
4259,2026-04-29,Amsterdam,sale,129.42
4260,2026-04-29,Amsterdam,sale,123.0
4261,2026-04-29,Amsterdam,sale,154.03
4262,2026-04-29,Amsterdam,sale,101.35
4263,2026-04-29,Amsterdam,sale,136.21
4264,2026-04-29,Amsterdam,refund,-52.34
4265,2026-04-29,Amsterdam,sale,172.86
4266,2026-04-29,Amsterdam,sale,117.73
4267,2026-04-29,Amsterdam,sale,67.92
4268,2026-04-29,Amsterdam,sale,84.36
4269,2026-04-29,Amsterdam,sale,156.77
4270,2026-04-29,Berlin,sale,115.76
4271,2026-04-29,Berlin,sale,115.61
4272,2026-04-29,Berlin,sale,107.76
4273,2026-04-29,Berlin,sale,76.97
4274,2026-04-29,Berlin,sale,138.7
4275,2026-04-29,Berlin,refund,-117.08
4276,2026-04-29,Berlin,sale,6.66
4277,2026-04-29,Berlin,sale,163.6
4278,2026-04-29,Berlin,sale,50.5
4279,2026-04-29,Berlin,sale,18.31
4280,2026-04-29,Berlin,sale,134.51
4281,2026-04-29,Berlin,sale,96.9
4282,2026-04-29,Berlin,refund,-53.5
4283,2026-04-29,Berlin,sale,70.28
4284,2026-04-29,Berlin,sale,147.63
4285,2026-04-29,Berlin,sale,98.16
4286,2026-04-29,Berlin,sale,97.88
4287,2026-04-29,Berlin,sale,161.91
4288,2026-04-29,Berlin,sale,29.72
4289,2026-04-29,Berlin,sale,153.6
4290,2026-04-29,Berlin,sale,163.02
4291,2026-04-29,Berlin,sale,136.18
4292,2026-04-29,Berlin,sale,101.99
4293,2026-04-29,Berlin,sale,161.5
4294,2026-04-29,Berlin,sale,124.6
4295,2026-04-29,Berlin,sale,109.64
4296,2026-04-29,Berlin,sale,103.41
4297,2026-04-29,Berlin,sale,66.12
4298,2026-04-29,Berlin,sale,15.55
4299,2026-04-29,Berlin,refund,-30.86
4300,2026-04-29,Berlin,sale,145.22
4301,2026-04-29,Berlin,sale,67.72
4302,2026-04-29,Berlin,sale,135.04
4303,2026-04-29,Berlin,sale,104.67
4304,2026-04-29,Berlin,sale,150.48
4305,2026-04-29,Berlin,sale,21.9
4306,2026-04-29,Berlin,sale,161.63
4307,2026-04-29,Berlin,sale,45.78
4308,2026-04-29,Berlin,sale,118.11
4309,2026-04-29,Berlin,sale,11.56
4310,2026-04-29,Copenhagen,refund,-177.2
4311,2026-04-29,Copenhagen,refund,-131.85
4312,2026-04-29,Copenhagen,sale,123.97
4313,2026-04-29,Copenhagen,sale,58.86
4314,2026-04-29,Copenhagen,sale,21.29
4315,2026-04-29,Copenhagen,sale,141.39
4316,2026-04-29,Copenhagen,sale,71.71
4317,2026-04-29,Copenhagen,sale,43.46
4318,2026-04-29,Copenhagen,sale,18.14
4319,2026-04-29,Copenhagen,sale,91.28
4320,2026-04-29,Copenhagen,sale,87.44
4321,2026-04-29,Copenhagen,refund,-166.47
4322,2026-04-29,Copenhagen,sale,48.1
4323,2026-04-29,Copenhagen,sale,122.11
4324,2026-04-29,Copenhagen,sale,124.07
4325,2026-04-29,Copenhagen,sale,103.9
4326,2026-04-29,Dublin,sale,49.51
4327,2026-04-29,Dublin,sale,58.92
4328,2026-04-29,Dublin,sale,14.02
4329,2026-04-29,Dublin,sale,37.1
4330,2026-04-29,Dublin,sale,41.49
4331,2026-04-29,Dublin,sale,73.74
4332,2026-04-29,Dublin,sale,70.21
4333,2026-04-29,Dublin,sale,21.42
4334,2026-04-29,Dublin,sale,84.76
4335,2026-04-29,Dublin,sale,29.78
4336,2026-04-29,Dublin,sale,67.95
4337,2026-04-29,Dublin,sale,94.22
4338,2026-04-29,Dublin,sale,136.58
4339,2026-04-29,Dublin,sale,118.18
4340,2026-04-29,Dublin,sale,161.46
4341,2026-04-29,Dublin,sale,142.04
4342,2026-04-29,Dublin,sale,103.79
4343,2026-04-29,Dublin,sale,78.79
4344,2026-04-29,Dublin,sale,29.27
4345,2026-04-29,Dublin,sale,111.51
4346,2026-04-29,Dublin,refund,-157.64
4347,2026-04-29,Dublin,sale,169.56
4348,2026-04-29,Dublin,sale,144.08
4349,2026-04-29,Dublin,sale,107.13
4350,2026-04-29,Edinburgh,sale,24.28
4351,2026-04-29,Edinburgh,sale,165.88
4352,2026-04-29,Edinburgh,sale,34.4
4353,2026-04-29,Edinburgh,sale,49.12
4354,2026-04-29,Edinburgh,sale,122.95
4355,2026-04-29,Edinburgh,sale,72.68
4356,2026-04-29,Edinburgh,sale,34.28
4357,2026-04-29,Edinburgh,refund,-16.25
4358,2026-04-29,Edinburgh,sale,41.0
4359,2026-04-29,Edinburgh,sale,52.28
4360,2026-04-29,Edinburgh,sale,105.69
4361,2026-04-29,Edinburgh,sale,21.26
4362,2026-04-29,Edinburgh,sale,18.97
4363,2026-04-29,Edinburgh,sale,56.09
4364,2026-04-29,Edinburgh,sale,163.03
4365,2026-04-29,Edinburgh,sale,95.54
4366,2026-04-29,Edinburgh,sale,74.15
4367,2026-04-29,Edinburgh,sale,14.85
4368,2026-04-29,Edinburgh,sale,42.16
4369,2026-04-29,Florence,sale,102.24
4370,2026-04-29,Florence,sale,81.77
4371,2026-04-29,Florence,sale,146.77
4372,2026-04-29,Florence,sale,101.61
4373,2026-04-29,Florence,sale,91.09
4374,2026-04-29,Florence,sale,132.7
4375,2026-04-29,Florence,sale,20.39
4376,2026-04-29,Florence,sale,110.22
4377,2026-04-29,Florence,sale,15.07
4378,2026-04-29,Florence,sale,142.65
4379,2026-04-29,Florence,sale,85.23
4380,2026-04-29,Florence,sale,55.1
4381,2026-04-29,Florence,sale,47.37
4382,2026-04-29,Florence,sale,107.42
4383,2026-04-29,Florence,sale,14.05
4384,2026-04-29,Florence,sale,14.82
4385,2026-04-29,Florence,sale,42.84
4386,2026-04-29,Florence,sale,15.09
4387,2026-04-29,Florence,sale,64.69
4388,2026-04-30,Amsterdam,sale,169.11
4389,2026-04-30,Amsterdam,refund,-156.07
4390,2026-04-30,Amsterdam,sale,57.92
4391,2026-04-30,Amsterdam,sale,111.37
4392,2026-04-30,Amsterdam,sale,16.79
4393,2026-04-30,Amsterdam,refund,-86.24
4394,2026-04-30,Amsterdam,sale,49.9
4395,2026-04-30,Amsterdam,sale,118.17
4396,2026-04-30,Amsterdam,sale,83.39
4397,2026-04-30,Amsterdam,sale,31.17
4398,2026-04-30,Amsterdam,sale,115.3
4399,2026-04-30,Amsterdam,sale,68.04
4400,2026-04-30,Amsterdam,sale,71.57
4401,2026-04-30,Amsterdam,sale,131.16
4402,2026-04-30,Amsterdam,sale,109.76
4403,2026-04-30,Amsterdam,sale,129.0
4404,2026-04-30,Amsterdam,sale,136.14
4405,2026-04-30,Amsterdam,sale,168.48
4406,2026-04-30,Amsterdam,sale,155.27
4407,2026-04-30,Amsterdam,sale,13.2
4408,2026-04-30,Amsterdam,sale,51.35
4409,2026-04-30,Amsterdam,sale,23.13
4410,2026-04-30,Amsterdam,sale,158.07
4411,2026-04-30,Amsterdam,refund,-148.27
4412,2026-04-30,Amsterdam,sale,17.84
4413,2026-04-30,Amsterdam,sale,16.16
4414,2026-04-30,Amsterdam,sale,82.17
4415,2026-04-30,Amsterdam,sale,70.59
4416,2026-04-30,Amsterdam,sale,56.14
4417,2026-04-30,Berlin,sale,51.79
4418,2026-04-30,Berlin,sale,152.46
4419,2026-04-30,Berlin,sale,122.31
4420,2026-04-30,Berlin,sale,110.29
4421,2026-04-30,Berlin,sale,168.61
4422,2026-04-30,Berlin,sale,150.09
4423,2026-04-30,Berlin,sale,54.06
4424,2026-04-30,Berlin,sale,42.24
4425,2026-04-30,Berlin,sale,125.08
4426,2026-04-30,Berlin,sale,135.02
4427,2026-04-30,Berlin,sale,108.7
4428,2026-04-30,Berlin,sale,134.5
4429,2026-04-30,Berlin,sale,82.51
4430,2026-04-30,Berlin,sale,134.34
4431,2026-04-30,Berlin,sale,120.81
4432,2026-04-30,Berlin,sale,82.2
4433,2026-04-30,Berlin,sale,79.98
4434,2026-04-30,Berlin,sale,65.08
4435,2026-04-30,Berlin,sale,107.83
4436,2026-04-30,Berlin,sale,142.98
4437,2026-04-30,Berlin,sale,146.96
4438,2026-04-30,Berlin,sale,56.04
4439,2026-04-30,Berlin,sale,46.17
4440,2026-04-30,Berlin,sale,103.85
4441,2026-04-30,Berlin,sale,106.03
4442,2026-04-30,Berlin,sale,66.58
4443,2026-04-30,Berlin,sale,114.92
4444,2026-04-30,Berlin,sale,112.63
4445,2026-04-30,Berlin,sale,76.08
4446,2026-04-30,Berlin,sale,48.51
4447,2026-04-30,Berlin,sale,166.08
4448,2026-04-30,Berlin,sale,110.31
4449,2026-04-30,Berlin,sale,26.97
4450,2026-04-30,Berlin,sale,73.89
4451,2026-04-30,Berlin,sale,157.22
4452,2026-04-30,Berlin,sale,174.41
4453,2026-04-30,Berlin,sale,128.85
4454,2026-04-30,Berlin,sale,28.63
4455,2026-04-30,Berlin,sale,158.36
4456,2026-04-30,Berlin,sale,46.05
4457,2026-04-30,Berlin,sale,105.09
4458,2026-04-30,Copenhagen,sale,137.06
4459,2026-04-30,Copenhagen,sale,111.08
4460,2026-04-30,Copenhagen,sale,165.16
4461,2026-04-30,Copenhagen,sale,123.79
4462,2026-04-30,Copenhagen,sale,114.57
4463,2026-04-30,Copenhagen,refund,-167.2
4464,2026-04-30,Copenhagen,sale,86.49
4465,2026-04-30,Copenhagen,sale,88.41
4466,2026-04-30,Copenhagen,sale,97.91
4467,2026-04-30,Copenhagen,sale,132.4
4468,2026-04-30,Copenhagen,sale,141.96
4469,2026-04-30,Dublin,sale,131.15
4470,2026-04-30,Dublin,sale,148.41
4471,2026-04-30,Dublin,refund,-174.91
4472,2026-04-30,Dublin,sale,105.93
4473,2026-04-30,Dublin,sale,131.53
4474,2026-04-30,Dublin,sale,179.17
4475,2026-04-30,Dublin,sale,97.44
4476,2026-04-30,Dublin,sale,155.11
4477,2026-04-30,Dublin,sale,12.16
4478,2026-04-30,Dublin,sale,47.29
4479,2026-04-30,Dublin,sale,17.54
4480,2026-04-30,Dublin,sale,83.8
4481,2026-04-30,Dublin,sale,63.42
4482,2026-04-30,Dublin,sale,146.61
4483,2026-04-30,Dublin,sale,70.08
4484,2026-04-30,Dublin,sale,49.76
4485,2026-04-30,Dublin,sale,53.9
4486,2026-04-30,Dublin,sale,45.62
4487,2026-04-30,Dublin,sale,44.51
4488,2026-04-30,Dublin,sale,76.09
4489,2026-04-30,Dublin,sale,119.27
4490,2026-04-30,Dublin,sale,26.67
4491,2026-04-30,Dublin,sale,32.07
4492,2026-04-30,Dublin,sale,171.36
4493,2026-04-30,Dublin,sale,102.92
4494,2026-04-30,Dublin,sale,19.15
4495,2026-04-30,Dublin,sale,57.08
4496,2026-04-30,Edinburgh,sale,117.18
4497,2026-04-30,Edinburgh,sale,124.12
4498,2026-04-30,Edinburgh,sale,37.28
4499,2026-04-30,Edinburgh,sale,166.17
4500,2026-04-30,Edinburgh,sale,165.57
4501,2026-04-30,Edinburgh,sale,46.02
4502,2026-04-30,Edinburgh,sale,174.2
4503,2026-04-30,Edinburgh,sale,85.95
4504,2026-04-30,Edinburgh,sale,91.05
4505,2026-04-30,Edinburgh,sale,60.66
4506,2026-04-30,Edinburgh,sale,31.73
4507,2026-04-30,Edinburgh,sale,165.28
4508,2026-04-30,Edinburgh,sale,113.02
4509,2026-04-30,Edinburgh,sale,17.62
4510,2026-04-30,Edinburgh,sale,14.39
4511,2026-04-30,Edinburgh,sale,113.09
4512,2026-04-30,Edinburgh,sale,143.17
4513,2026-04-30,Florence,sale,68.42
4514,2026-04-30,Florence,sale,83.83
4515,2026-04-30,Florence,sale,126.52
4516,2026-04-30,Florence,sale,40.08
4517,2026-04-30,Florence,sale,144.76
4518,2026-04-30,Florence,sale,58.2
4519,2026-04-30,Florence,sale,75.02
4520,2026-04-30,Florence,sale,47.08
4521,2026-04-30,Florence,sale,77.45
4522,2026-04-30,Florence,sale,167.38
4523,2026-04-30,Florence,sale,154.22
4524,2026-04-30,Florence,sale,14.26
4525,2026-04-30,Florence,sale,38.38
4526,2026-04-30,Florence,sale,45.95
4527,2026-04-30,Florence,sale,50.23
4528,2026-04-30,Florence,sale,137.04
4529,2026-04-30,Florence,sale,157.91
4530,2026-04-30,Florence,sale,79.62
4531,2026-04-30,Florence,sale,161.02
4532,2026-04-30,Florence,sale,163.56
4533,2026-05-01,Amsterdam,sale,11.48
4534,2026-05-01,Amsterdam,sale,53.39
4535,2026-05-01,Amsterdam,sale,56.9
4536,2026-05-01,Amsterdam,sale,80.17
4537,2026-05-01,Amsterdam,refund,-154.54
4538,2026-05-01,Amsterdam,refund,-141.94
4539,2026-05-01,Amsterdam,sale,134.38
4540,2026-05-01,Amsterdam,sale,50.97
4541,2026-05-01,Amsterdam,sale,54.94
4542,2026-05-01,Amsterdam,sale,101.51
4543,2026-05-01,Amsterdam,sale,144.25
4544,2026-05-01,Amsterdam,sale,114.97
4545,2026-05-01,Amsterdam,sale,23.25
4546,2026-05-01,Amsterdam,sale,54.7
4547,2026-05-01,Amsterdam,sale,60.27
4548,2026-05-01,Amsterdam,sale,144.29
4549,2026-05-01,Amsterdam,sale,80.14
4550,2026-05-01,Amsterdam,sale,173.83
4551,2026-05-01,Amsterdam,sale,168.37
4552,2026-05-01,Amsterdam,sale,148.65
4553,2026-05-01,Amsterdam,sale,49.89
4554,2026-05-01,Amsterdam,sale,18.68
4555,2026-05-01,Amsterdam,sale,150.19
4556,2026-05-01,Amsterdam,sale,154.55
4557,2026-05-01,Amsterdam,sale,143.6
4558,2026-05-01,Amsterdam,sale,12.02
4559,2026-05-01,Amsterdam,sale,42.46
4560,2026-05-01,Amsterdam,sale,73.3
4561,2026-05-01,Amsterdam,sale,83.54
4562,2026-05-01,Amsterdam,sale,113.51
4563,2026-05-01,Amsterdam,sale,109.07
4564,2026-05-01,Amsterdam,sale,65.97
4565,2026-05-01,Amsterdam,sale,7.48
4566,2026-05-01,Amsterdam,sale,50.94
4567,2026-05-01,Amsterdam,sale,122.0
4568,2026-05-01,Berlin,sale,32.5
4569,2026-05-01,Berlin,sale,40.23
4570,2026-05-01,Berlin,sale,149.59
4571,2026-05-01,Berlin,sale,91.91
4572,2026-05-01,Berlin,sale,89.95
4573,2026-05-01,Berlin,refund,-47.72
4574,2026-05-01,Berlin,sale,62.79
4575,2026-05-01,Berlin,sale,149.49
4576,2026-05-01,Berlin,sale,97.93
4577,2026-05-01,Berlin,sale,165.84
4578,2026-05-01,Berlin,sale,16.15
4579,2026-05-01,Berlin,sale,44.23
4580,2026-05-01,Berlin,sale,55.6
4581,2026-05-01,Berlin,sale,74.63
4582,2026-05-01,Berlin,sale,146.16
4583,2026-05-01,Berlin,sale,49.36
4584,2026-05-01,Berlin,sale,41.15
4585,2026-05-01,Berlin,sale,80.75
4586,2026-05-01,Berlin,sale,128.65
4587,2026-05-01,Berlin,sale,102.02
4588,2026-05-01,Berlin,sale,52.57
4589,2026-05-01,Berlin,sale,128.25
4590,2026-05-01,Berlin,sale,168.56
4591,2026-05-01,Berlin,refund,-157.28
4592,2026-05-01,Berlin,sale,11.61
4593,2026-05-01,Berlin,sale,176.78
4594,2026-05-01,Berlin,sale,49.27
4595,2026-05-01,Berlin,sale,32.59
4596,2026-05-01,Berlin,sale,141.07
4597,2026-05-01,Berlin,sale,102.35
4598,2026-05-01,Berlin,sale,114.52
4599,2026-05-01,Berlin,sale,46.45
4600,2026-05-01,Berlin,sale,115.09
4601,2026-05-01,Berlin,sale,95.55
4602,2026-05-01,Berlin,sale,132.55
4603,2026-05-01,Berlin,sale,84.64
4604,2026-05-01,Berlin,sale,93.7
4605,2026-05-01,Berlin,sale,103.04
4606,2026-05-01,Berlin,sale,26.31
4607,2026-05-01,Berlin,sale,170.39
4608,2026-05-01,Berlin,sale,35.38
4609,2026-05-01,Berlin,sale,11.83
4610,2026-05-01,Berlin,sale,178.96
4611,2026-05-01,Copenhagen,sale,147.5
4612,2026-05-01,Copenhagen,sale,129.73
4613,2026-05-01,Copenhagen,sale,134.29
4614,2026-05-01,Copenhagen,sale,157.44
4615,2026-05-01,Copenhagen,sale,135.18
4616,2026-05-01,Copenhagen,sale,46.32
4617,2026-05-01,Copenhagen,sale,97.13
4618,2026-05-01,Copenhagen,sale,96.82
4619,2026-05-01,Copenhagen,sale,51.74
4620,2026-05-01,Copenhagen,sale,75.03
4621,2026-05-01,Copenhagen,sale,149.88
4622,2026-05-01,Copenhagen,refund,-123.57
4623,2026-05-01,Copenhagen,sale,124.45
4624,2026-05-01,Dublin,sale,30.92
4625,2026-05-01,Dublin,sale,178.49
4626,2026-05-01,Dublin,sale,40.9
4627,2026-05-01,Dublin,sale,10.05
4628,2026-05-01,Dublin,sale,157.06
4629,2026-05-01,Dublin,sale,75.57
4630,2026-05-01,Dublin,sale,140.51
4631,2026-05-01,Dublin,sale,136.27
4632,2026-05-01,Dublin,sale,179.95
4633,2026-05-01,Dublin,sale,116.06
4634,2026-05-01,Dublin,sale,60.44
4635,2026-05-01,Dublin,sale,121.21
4636,2026-05-01,Dublin,sale,114.17
4637,2026-05-01,Dublin,refund,-147.54
4638,2026-05-01,Dublin,sale,90.94
4639,2026-05-01,Dublin,sale,118.48
4640,2026-05-01,Dublin,sale,90.0
4641,2026-05-01,Dublin,sale,84.4
4642,2026-05-01,Dublin,sale,77.07
4643,2026-05-01,Dublin,sale,81.17
4644,2026-05-01,Dublin,sale,33.6
4645,2026-05-01,Edinburgh,sale,159.73
4646,2026-05-01,Edinburgh,sale,106.8
4647,2026-05-01,Edinburgh,sale,118.16
4648,2026-05-01,Edinburgh,sale,102.04
4649,2026-05-01,Edinburgh,sale,30.94
4650,2026-05-01,Edinburgh,sale,15.28
4651,2026-05-01,Edinburgh,sale,12.39
4652,2026-05-01,Edinburgh,sale,44.73
4653,2026-05-01,Edinburgh,sale,123.49
4654,2026-05-01,Edinburgh,sale,171.15
4655,2026-05-01,Edinburgh,sale,138.59
4656,2026-05-01,Edinburgh,sale,127.72
4657,2026-05-01,Edinburgh,sale,119.58
4658,2026-05-01,Edinburgh,sale,52.63
4659,2026-05-01,Edinburgh,sale,177.05
4660,2026-05-01,Edinburgh,sale,131.51
4661,2026-05-01,Florence,sale,40.86
4662,2026-05-01,Florence,sale,125.45
4663,2026-05-01,Florence,sale,22.1
4664,2026-05-01,Florence,sale,172.17
4665,2026-05-01,Florence,refund,-143.65
4666,2026-05-01,Florence,sale,156.79
4667,2026-05-01,Florence,sale,173.4
4668,2026-05-01,Florence,sale,112.39
4669,2026-05-01,Florence,sale,136.25
4670,2026-05-01,Florence,sale,87.04
4671,2026-05-01,Florence,sale,108.69
4672,2026-05-01,Florence,sale,88.56
4673,2026-05-01,Florence,sale,22.84
4674,2026-05-01,Florence,sale,119.5
4675,2026-05-01,Florence,sale,152.69
4676,2026-05-01,Florence,sale,65.95
4677,2026-05-01,Florence,sale,69.61
4678,2026-05-01,Florence,sale,163.76
4679,2026-05-01,Florence,sale,36.22
4680,2026-05-01,Florence,sale,164.23
4681,2026-05-01,Florence,sale,84.54
4682,2026-05-01,Florence,refund,-162.14
4683,2026-05-01,Florence,sale,179.3
4684,2026-05-01,Florence,sale,59.35
4685,2026-05-01,Florence,sale,94.53
4686,2026-05-01,Florence,sale,179.67
4687,2026-05-01,Florence,sale,144.73
4688,2026-05-02,Amsterdam,sale,59.38
4689,2026-05-02,Amsterdam,sale,125.9
4690,2026-05-02,Amsterdam,sale,43.08
4691,2026-05-02,Amsterdam,sale,65.31
4692,2026-05-02,Amsterdam,sale,96.32
4693,2026-05-02,Amsterdam,sale,110.32
4694,2026-05-02,Amsterdam,sale,94.27
4695,2026-05-02,Amsterdam,refund,-88.0
4696,2026-05-02,Amsterdam,sale,159.54
4697,2026-05-02,Amsterdam,sale,97.18
4698,2026-05-02,Amsterdam,sale,29.82
4699,2026-05-02,Amsterdam,sale,9.93
4700,2026-05-02,Amsterdam,sale,120.29
4701,2026-05-02,Amsterdam,sale,17.69
4702,2026-05-02,Amsterdam,sale,110.48
4703,2026-05-02,Amsterdam,sale,80.28
4704,2026-05-02,Amsterdam,sale,20.78
4705,2026-05-02,Amsterdam,sale,68.47
4706,2026-05-02,Amsterdam,sale,113.35
4707,2026-05-02,Amsterdam,sale,114.27
4708,2026-05-02,Amsterdam,sale,73.17
4709,2026-05-02,Amsterdam,sale,78.5
4710,2026-05-02,Amsterdam,sale,43.98
4711,2026-05-02,Amsterdam,sale,32.68
4712,2026-05-02,Amsterdam,refund,-145.37
4713,2026-05-02,Amsterdam,sale,175.78
4714,2026-05-02,Amsterdam,sale,55.89
4715,2026-05-02,Amsterdam,sale,68.38
4716,2026-05-02,Amsterdam,sale,20.63
4717,2026-05-02,Amsterdam,sale,40.32
4718,2026-05-02,Amsterdam,sale,77.66
4719,2026-05-02,Amsterdam,sale,102.79
4720,2026-05-02,Amsterdam,sale,129.53
4721,2026-05-02,Amsterdam,sale,135.5
4722,2026-05-02,Amsterdam,sale,128.29
4723,2026-05-02,Berlin,sale,129.46
4724,2026-05-02,Berlin,sale,42.0
4725,2026-05-02,Berlin,sale,31.86
4726,2026-05-02,Berlin,sale,42.19
4727,2026-05-02,Berlin,sale,30.05
4728,2026-05-02,Berlin,sale,48.64
4729,2026-05-02,Berlin,sale,87.32
4730,2026-05-02,Berlin,sale,46.07
4731,2026-05-02,Berlin,sale,126.43
4732,2026-05-02,Berlin,sale,32.77
4733,2026-05-02,Berlin,sale,118.27
4734,2026-05-02,Berlin,sale,64.81
4735,2026-05-02,Berlin,sale,23.17
4736,2026-05-02,Berlin,sale,77.38
4737,2026-05-02,Berlin,sale,38.3
4738,2026-05-02,Berlin,sale,105.75
4739,2026-05-02,Berlin,sale,47.25
4740,2026-05-02,Berlin,sale,91.57
4741,2026-05-02,Berlin,sale,58.26
4742,2026-05-02,Berlin,sale,37.65
4743,2026-05-02,Berlin,sale,91.42
4744,2026-05-02,Berlin,sale,64.61
4745,2026-05-02,Berlin,sale,161.84
4746,2026-05-02,Berlin,sale,17.41
4747,2026-05-02,Berlin,sale,75.43
4748,2026-05-02,Berlin,sale,79.06
4749,2026-05-02,Berlin,sale,176.22
4750,2026-05-02,Berlin,sale,50.99
4751,2026-05-02,Berlin,sale,86.24
4752,2026-05-02,Berlin,sale,34.45
4753,2026-05-02,Berlin,sale,71.25
4754,2026-05-02,Berlin,sale,13.19
4755,2026-05-02,Berlin,sale,164.43
4756,2026-05-02,Berlin,sale,149.95
4757,2026-05-02,Berlin,sale,143.06
4758,2026-05-02,Berlin,sale,46.91
4759,2026-05-02,Berlin,sale,58.59
4760,2026-05-02,Berlin,sale,167.78
4761,2026-05-02,Berlin,sale,51.43
4762,2026-05-02,Berlin,sale,123.25
4763,2026-05-02,Berlin,sale,36.04
4764,2026-05-02,Berlin,sale,140.79
4765,2026-05-02,Berlin,sale,139.96
4766,2026-05-02,Berlin,sale,150.99
4767,2026-05-02,Berlin,sale,84.28
4768,2026-05-02,Berlin,sale,28.37
4769,2026-05-02,Berlin,sale,85.91
4770,2026-05-02,Copenhagen,sale,99.98
4771,2026-05-02,Copenhagen,sale,166.43
4772,2026-05-02,Copenhagen,sale,41.47
4773,2026-05-02,Copenhagen,sale,65.8
4774,2026-05-02,Copenhagen,sale,83.89
4775,2026-05-02,Copenhagen,sale,138.2
4776,2026-05-02,Copenhagen,sale,75.27
4777,2026-05-02,Copenhagen,refund,-159.13
4778,2026-05-02,Copenhagen,sale,54.2
4779,2026-05-02,Copenhagen,sale,97.02
4780,2026-05-02,Copenhagen,sale,111.97
4781,2026-05-02,Copenhagen,sale,98.56
4782,2026-05-02,Copenhagen,sale,156.29
4783,2026-05-02,Copenhagen,refund,-130.5
4784,2026-05-02,Copenhagen,sale,86.16
4785,2026-05-02,Copenhagen,sale,31.67
4786,2026-05-02,Dublin,sale,72.04
4787,2026-05-02,Dublin,sale,21.18
4788,2026-05-02,Dublin,sale,34.68
4789,2026-05-02,Dublin,sale,157.84
4790,2026-05-02,Dublin,sale,157.34
4791,2026-05-02,Dublin,sale,11.27
4792,2026-05-02,Dublin,sale,72.36
4793,2026-05-02,Dublin,sale,93.52
4794,2026-05-02,Dublin,sale,158.29
4795,2026-05-02,Dublin,sale,32.71
4796,2026-05-02,Dublin,sale,145.02
4797,2026-05-02,Dublin,sale,163.76
4798,2026-05-02,Dublin,sale,106.94
4799,2026-05-02,Dublin,sale,140.41
4800,2026-05-02,Dublin,sale,160.92
4801,2026-05-02,Dublin,sale,37.03
4802,2026-05-02,Dublin,sale,95.01
4803,2026-05-02,Dublin,sale,121.15
4804,2026-05-02,Dublin,sale,100.84
4805,2026-05-02,Dublin,sale,144.94
4806,2026-05-02,Dublin,sale,124.24
4807,2026-05-02,Dublin,sale,29.42
4808,2026-05-02,Dublin,sale,148.0
4809,2026-05-02,Dublin,sale,22.16
4810,2026-05-02,Dublin,sale,176.26
4811,2026-05-02,Dublin,sale,109.82
4812,2026-05-02,Dublin,sale,71.85
4813,2026-05-02,Edinburgh,sale,72.92
4814,2026-05-02,Edinburgh,sale,148.46
4815,2026-05-02,Edinburgh,sale,9.15
4816,2026-05-02,Edinburgh,sale,60.08
4817,2026-05-02,Edinburgh,sale,69.6
4818,2026-05-02,Edinburgh,sale,117.06
4819,2026-05-02,Edinburgh,sale,53.76
4820,2026-05-02,Edinburgh,sale,43.96
4821,2026-05-02,Edinburgh,sale,153.9
4822,2026-05-02,Edinburgh,sale,177.37
4823,2026-05-02,Edinburgh,sale,131.71
4824,2026-05-02,Edinburgh,sale,127.62
4825,2026-05-02,Edinburgh,sale,11.64
4826,2026-05-02,Edinburgh,refund,-58.57
4827,2026-05-02,Edinburgh,sale,25.86
4828,2026-05-02,Edinburgh,sale,20.67
4829,2026-05-02,Edinburgh,sale,87.55
4830,2026-05-02,Edinburgh,sale,123.21
4831,2026-05-02,Edinburgh,sale,45.13
4832,2026-05-02,Edinburgh,sale,150.81
4833,2026-05-02,Edinburgh,sale,167.88
4834,2026-05-02,Edinburgh,sale,143.04
4835,2026-05-02,Edinburgh,sale,70.74
4836,2026-05-02,Florence,sale,23.09
4837,2026-05-02,Florence,sale,175.93
4838,2026-05-02,Florence,sale,153.82
4839,2026-05-02,Florence,sale,93.74
4840,2026-05-02,Florence,sale,22.19
4841,2026-05-02,Florence,sale,160.55
4842,2026-05-02,Florence,sale,64.23
4843,2026-05-02,Florence,sale,7.72
4844,2026-05-02,Florence,sale,89.65
4845,2026-05-02,Florence,sale,56.38
4846,2026-05-02,Florence,sale,154.56
4847,2026-05-02,Florence,sale,167.7
4848,2026-05-02,Florence,sale,138.87
4849,2026-05-02,Florence,sale,93.7
4850,2026-05-02,Florence,sale,170.75
4851,2026-05-02,Florence,sale,18.29
4852,2026-05-02,Florence,sale,54.02
4853,2026-05-02,Florence,sale,60.48
4854,2026-05-03,Amsterdam,sale,42.73
4855,2026-05-03,Amsterdam,sale,31.22
4856,2026-05-03,Amsterdam,sale,8.48
4857,2026-05-03,Amsterdam,sale,66.95
4858,2026-05-03,Amsterdam,sale,90.82
4859,2026-05-03,Amsterdam,sale,159.12
4860,2026-05-03,Amsterdam,sale,145.8
4861,2026-05-03,Amsterdam,sale,58.91
4862,2026-05-03,Amsterdam,sale,106.79
4863,2026-05-03,Amsterdam,sale,165.85
4864,2026-05-03,Amsterdam,sale,76.51
4865,2026-05-03,Amsterdam,sale,30.64
4866,2026-05-03,Amsterdam,sale,88.8
4867,2026-05-03,Amsterdam,sale,53.35
4868,2026-05-03,Amsterdam,sale,67.07
4869,2026-05-03,Amsterdam,sale,99.03
4870,2026-05-03,Amsterdam,sale,48.37
4871,2026-05-03,Amsterdam,sale,148.81
4872,2026-05-03,Amsterdam,sale,67.21
4873,2026-05-03,Amsterdam,sale,179.11
4874,2026-05-03,Amsterdam,sale,172.76
4875,2026-05-03,Amsterdam,sale,135.04
4876,2026-05-03,Amsterdam,sale,34.07
4877,2026-05-03,Amsterdam,sale,44.46
4878,2026-05-03,Amsterdam,sale,127.12
4879,2026-05-03,Amsterdam,sale,164.06
4880,2026-05-03,Amsterdam,sale,9.7
4881,2026-05-03,Amsterdam,sale,171.34
4882,2026-05-03,Amsterdam,sale,158.85
4883,2026-05-03,Amsterdam,sale,115.37
4884,2026-05-03,Amsterdam,sale,37.16
4885,2026-05-03,Amsterdam,sale,179.29
4886,2026-05-03,Amsterdam,sale,176.17
4887,2026-05-03,Berlin,sale,58.75
4888,2026-05-03,Berlin,sale,102.87
4889,2026-05-03,Berlin,sale,152.57
4890,2026-05-03,Berlin,sale,13.5
4891,2026-05-03,Berlin,sale,173.22
4892,2026-05-03,Berlin,sale,38.6
4893,2026-05-03,Berlin,sale,70.12
4894,2026-05-03,Berlin,sale,115.33
4895,2026-05-03,Berlin,sale,89.99
4896,2026-05-03,Berlin,sale,109.71
4897,2026-05-03,Berlin,sale,112.61
4898,2026-05-03,Berlin,sale,134.26
4899,2026-05-03,Berlin,sale,8.73
4900,2026-05-03,Berlin,sale,157.97
4901,2026-05-03,Berlin,sale,63.6
4902,2026-05-03,Berlin,sale,32.83
4903,2026-05-03,Berlin,sale,54.08
4904,2026-05-03,Berlin,sale,169.93
4905,2026-05-03,Berlin,sale,128.01
4906,2026-05-03,Berlin,sale,104.88
4907,2026-05-03,Berlin,sale,148.46
4908,2026-05-03,Berlin,sale,145.97
4909,2026-05-03,Berlin,sale,53.47
4910,2026-05-03,Berlin,sale,174.82
4911,2026-05-03,Berlin,sale,176.77
4912,2026-05-03,Berlin,sale,96.05
4913,2026-05-03,Berlin,sale,134.8
4914,2026-05-03,Berlin,refund,-133.13
4915,2026-05-03,Berlin,sale,93.25
4916,2026-05-03,Berlin,sale,71.35
4917,2026-05-03,Berlin,sale,129.09
4918,2026-05-03,Berlin,sale,29.96
4919,2026-05-03,Berlin,sale,98.03
4920,2026-05-03,Berlin,sale,23.82
4921,2026-05-03,Berlin,refund,-65.29
4922,2026-05-03,Berlin,sale,68.46
4923,2026-05-03,Berlin,sale,6.5
4924,2026-05-03,Berlin,sale,110.56
4925,2026-05-03,Berlin,sale,12.97
4926,2026-05-03,Berlin,refund,-88.97
4927,2026-05-03,Berlin,sale,175.47
4928,2026-05-03,Berlin,sale,105.39
4929,2026-05-03,Copenhagen,sale,144.28
4930,2026-05-03,Copenhagen,sale,27.92
4931,2026-05-03,Copenhagen,sale,139.69
4932,2026-05-03,Copenhagen,sale,60.3
4933,2026-05-03,Copenhagen,sale,10.81
4934,2026-05-03,Copenhagen,sale,46.05
4935,2026-05-03,Copenhagen,sale,123.91
4936,2026-05-03,Dublin,sale,74.58
4937,2026-05-03,Dublin,sale,170.3
4938,2026-05-03,Dublin,sale,66.93
4939,2026-05-03,Dublin,sale,8.77
4940,2026-05-03,Dublin,sale,92.29
4941,2026-05-03,Dublin,sale,90.51
4942,2026-05-03,Dublin,sale,152.85
4943,2026-05-03,Dublin,sale,9.7
4944,2026-05-03,Dublin,sale,25.72
4945,2026-05-03,Dublin,sale,116.12
4946,2026-05-03,Dublin,sale,116.69
4947,2026-05-03,Dublin,sale,121.79
4948,2026-05-03,Dublin,sale,161.77
4949,2026-05-03,Dublin,sale,58.79
4950,2026-05-03,Dublin,sale,30.43
4951,2026-05-03,Dublin,sale,33.5
4952,2026-05-03,Dublin,sale,61.91
4953,2026-05-03,Dublin,sale,5.58
4954,2026-05-03,Dublin,sale,40.7
4955,2026-05-03,Dublin,sale,126.96
4956,2026-05-03,Dublin,sale,80.7
4957,2026-05-03,Dublin,sale,40.96
4958,2026-05-03,Dublin,sale,29.02
4959,2026-05-03,Dublin,sale,40.16
4960,2026-05-03,Dublin,sale,84.7
4961,2026-05-03,Dublin,sale,17.51
4962,2026-05-03,Dublin,refund,-155.7
4963,2026-05-03,Dublin,sale,45.09
4964,2026-05-03,Edinburgh,sale,130.3
4965,2026-05-03,Edinburgh,sale,141.88
4966,2026-05-03,Edinburgh,sale,60.79
4967,2026-05-03,Edinburgh,sale,32.05
4968,2026-05-03,Edinburgh,sale,76.21
4969,2026-05-03,Edinburgh,sale,62.28
4970,2026-05-03,Edinburgh,sale,146.01
4971,2026-05-03,Edinburgh,sale,16.49
4972,2026-05-03,Edinburgh,sale,39.2
4973,2026-05-03,Edinburgh,sale,166.8
4974,2026-05-03,Edinburgh,sale,161.5
4975,2026-05-03,Edinburgh,refund,-9.35
4976,2026-05-03,Edinburgh,sale,63.47
4977,2026-05-03,Edinburgh,sale,135.8
4978,2026-05-03,Edinburgh,sale,62.68
4979,2026-05-03,Edinburgh,sale,26.17
4980,2026-05-03,Florence,sale,138.68
4981,2026-05-03,Florence,sale,113.64
4982,2026-05-03,Florence,sale,24.87
4983,2026-05-03,Florence,sale,167.21
4984,2026-05-03,Florence,sale,172.63
4985,2026-05-03,Florence,refund,-44.52
4986,2026-05-03,Florence,sale,99.2
4987,2026-05-03,Florence,sale,162.73
4988,2026-05-03,Florence,sale,16.45
4989,2026-05-03,Florence,sale,66.72
4990,2026-05-03,Florence,sale,159.8
4991,2026-05-03,Florence,sale,123.57
4992,2026-05-03,Florence,sale,9.29
4993,2026-05-03,Florence,sale,79.27
4994,2026-05-03,Florence,sale,162.97
4995,2026-05-03,Florence,sale,139.99
4996,2026-05-03,Florence,sale,106.77
4997,2026-05-03,Florence,sale,156.75
4998,2026-05-03,Florence,sale,133.78
4999,2026-05-03,Florence,sale,34.34
5000,2026-05-04,Amsterdam,sale,140.09
5001,2026-05-04,Amsterdam,refund,-13.74
5002,2026-05-04,Amsterdam,sale,69.97
5003,2026-05-04,Amsterdam,sale,104.23
5004,2026-05-04,Amsterdam,sale,99.61
5005,2026-05-04,Amsterdam,sale,118.98
5006,2026-05-04,Amsterdam,sale,158.89
5007,2026-05-04,Amsterdam,sale,160.7
5008,2026-05-04,Amsterdam,sale,27.14
5009,2026-05-04,Amsterdam,sale,24.84
5010,2026-05-04,Amsterdam,refund,-164.18
5011,2026-05-04,Amsterdam,sale,110.51
5012,2026-05-04,Amsterdam,sale,118.21
5013,2026-05-04,Amsterdam,sale,158.89
5014,2026-05-04,Amsterdam,sale,106.28
5015,2026-05-04,Amsterdam,sale,53.22
5016,2026-05-04,Amsterdam,sale,146.19
5017,2026-05-04,Amsterdam,sale,86.56
5018,2026-05-04,Amsterdam,sale,25.57
5019,2026-05-04,Amsterdam,sale,110.44
5020,2026-05-04,Amsterdam,sale,116.87
5021,2026-05-04,Amsterdam,sale,34.23
5022,2026-05-04,Amsterdam,sale,8.32
5023,2026-05-04,Amsterdam,sale,133.37
5024,2026-05-04,Amsterdam,sale,66.59
5025,2026-05-04,Amsterdam,refund,-33.09
5026,2026-05-04,Amsterdam,refund,-49.09
5027,2026-05-04,Amsterdam,sale,157.88
5028,2026-05-04,Amsterdam,sale,42.04
5029,2026-05-04,Amsterdam,sale,48.44
5030,2026-05-04,Amsterdam,sale,79.46
5031,2026-05-04,Berlin,refund,-81.4
5032,2026-05-04,Berlin,refund,-14.28
5033,2026-05-04,Berlin,sale,40.83
5034,2026-05-04,Berlin,sale,168.17
5035,2026-05-04,Berlin,sale,177.72
5036,2026-05-04,Berlin,sale,38.45
5037,2026-05-04,Berlin,sale,29.17
5038,2026-05-04,Berlin,sale,168.55
5039,2026-05-04,Berlin,sale,83.01
5040,2026-05-04,Berlin,sale,103.04
5041,2026-05-04,Berlin,sale,144.13
5042,2026-05-04,Berlin,sale,167.66
5043,2026-05-04,Berlin,sale,146.32
5044,2026-05-04,Berlin,sale,83.49
5045,2026-05-04,Berlin,sale,12.8
5046,2026-05-04,Berlin,sale,44.66
5047,2026-05-04,Berlin,sale,39.58
5048,2026-05-04,Berlin,sale,71.65
5049,2026-05-04,Berlin,sale,107.8
5050,2026-05-04,Berlin,sale,19.53
5051,2026-05-04,Berlin,sale,23.9
5052,2026-05-04,Berlin,sale,97.6
5053,2026-05-04,Berlin,sale,146.53
5054,2026-05-04,Berlin,sale,164.88
5055,2026-05-04,Berlin,sale,83.89
5056,2026-05-04,Berlin,sale,82.7
5057,2026-05-04,Berlin,sale,137.19
5058,2026-05-04,Berlin,sale,151.54
5059,2026-05-04,Berlin,refund,-23.81
5060,2026-05-04,Berlin,sale,97.79
5061,2026-05-04,Berlin,sale,97.18
5062,2026-05-04,Berlin,sale,67.69
5063,2026-05-04,Berlin,sale,127.42
5064,2026-05-04,Berlin,sale,78.48
5065,2026-05-04,Berlin,sale,21.41
5066,2026-05-04,Berlin,sale,11.0
5067,2026-05-04,Berlin,sale,131.82
5068,2026-05-04,Berlin,sale,40.45
5069,2026-05-04,Berlin,sale,155.79
5070,2026-05-04,Berlin,sale,163.72
5071,2026-05-04,Berlin,sale,109.71
5072,2026-05-04,Berlin,sale,76.35
5073,2026-05-04,Berlin,sale,57.01
5074,2026-05-04,Copenhagen,sale,77.34
5075,2026-05-04,Copenhagen,sale,118.72
5076,2026-05-04,Copenhagen,refund,-28.94
5077,2026-05-04,Copenhagen,sale,168.01
5078,2026-05-04,Copenhagen,sale,101.29
5079,2026-05-04,Copenhagen,sale,59.01
5080,2026-05-04,Copenhagen,sale,39.3
5081,2026-05-04,Copenhagen,sale,50.0
5082,2026-05-04,Copenhagen,sale,45.89
5083,2026-05-04,Copenhagen,sale,16.3
5084,2026-05-04,Copenhagen,sale,65.42
5085,2026-05-04,Copenhagen,sale,29.45
5086,2026-05-04,Dublin,sale,168.1
5087,2026-05-04,Dublin,sale,110.44
5088,2026-05-04,Dublin,sale,5.75
5089,2026-05-04,Dublin,sale,110.31
5090,2026-05-04,Dublin,sale,126.87
5091,2026-05-04,Dublin,sale,65.87
5092,2026-05-04,Dublin,sale,40.65
5093,2026-05-04,Dublin,sale,165.14
5094,2026-05-04,Dublin,sale,47.13
5095,2026-05-04,Dublin,sale,58.17
5096,2026-05-04,Dublin,sale,174.17
5097,2026-05-04,Dublin,sale,145.21
5098,2026-05-04,Dublin,sale,127.72
5099,2026-05-04,Dublin,sale,55.93
5100,2026-05-04,Dublin,sale,80.27
5101,2026-05-04,Dublin,sale,19.46
5102,2026-05-04,Dublin,sale,134.42
5103,2026-05-04,Dublin,sale,178.27
5104,2026-05-04,Dublin,sale,150.16
5105,2026-05-04,Dublin,sale,127.74
5106,2026-05-04,Dublin,sale,45.8
5107,2026-05-04,Dublin,sale,19.75
5108,2026-05-04,Dublin,sale,78.45
5109,2026-05-04,Dublin,sale,50.66
5110,2026-05-04,Dublin,sale,75.69
5111,2026-05-04,Dublin,sale,93.51
5112,2026-05-04,Dublin,sale,140.73
5113,2026-05-04,Dublin,sale,94.06
5114,2026-05-04,Edinburgh,sale,120.6
5115,2026-05-04,Edinburgh,sale,160.87
5116,2026-05-04,Edinburgh,sale,156.49
5117,2026-05-04,Edinburgh,refund,-17.34
5118,2026-05-04,Edinburgh,sale,172.15
5119,2026-05-04,Edinburgh,sale,71.13
5120,2026-05-04,Edinburgh,sale,110.92
5121,2026-05-04,Edinburgh,sale,173.93
5122,2026-05-04,Edinburgh,sale,30.28
5123,2026-05-04,Edinburgh,sale,89.06
5124,2026-05-04,Edinburgh,refund,-61.9
5125,2026-05-04,Edinburgh,sale,96.72
5126,2026-05-04,Edinburgh,sale,13.41
5127,2026-05-04,Edinburgh,sale,158.7
5128,2026-05-04,Edinburgh,sale,79.31
5129,2026-05-04,Edinburgh,sale,164.67
5130,2026-05-04,Edinburgh,sale,175.81
5131,2026-05-04,Florence,sale,163.92
5132,2026-05-04,Florence,sale,8.24
5133,2026-05-04,Florence,sale,139.73
5134,2026-05-04,Florence,refund,-97.79
5135,2026-05-04,Florence,sale,26.63
5136,2026-05-04,Florence,refund,-102.47
5137,2026-05-04,Florence,sale,35.1
5138,2026-05-04,Florence,sale,68.9
5139,2026-05-04,Florence,sale,165.92
5140,2026-05-04,Florence,sale,11.23
5141,2026-05-04,Florence,sale,88.94
5142,2026-05-04,Florence,sale,80.64
5143,2026-05-04,Florence,sale,151.03
5144,2026-05-04,Florence,sale,87.31
5145,2026-05-04,Florence,sale,107.51
5146,2026-05-04,Florence,sale,132.28
5147,2026-05-04,Florence,sale,60.88
5148,2026-05-04,Florence,sale,145.81
5149,2026-05-04,Florence,sale,71.57
5150,2026-05-04,Florence,sale,121.04
5151,2026-05-04,Florence,sale,106.41
5152,2026-05-04,Florence,sale,7.26
5153,2026-05-04,Florence,sale,97.44
5154,2026-05-04,Florence,sale,101.84
5155,2026-05-04,Florence,refund,-137.39
5156,2026-05-05,Amsterdam,sale,37.07
5157,2026-05-05,Amsterdam,sale,68.25
5158,2026-05-05,Amsterdam,sale,38.53
5159,2026-05-05,Amsterdam,sale,118.63
5160,2026-05-05,Amsterdam,sale,64.85
5161,2026-05-05,Amsterdam,sale,29.11
5162,2026-05-05,Amsterdam,sale,171.74
5163,2026-05-05,Amsterdam,sale,39.2
5164,2026-05-05,Amsterdam,sale,171.29
5165,2026-05-05,Amsterdam,sale,147.17
5166,2026-05-05,Amsterdam,sale,25.91
5167,2026-05-05,Amsterdam,sale,84.35
5168,2026-05-05,Amsterdam,sale,42.77
5169,2026-05-05,Amsterdam,sale,63.29
5170,2026-05-05,Amsterdam,sale,9.17
5171,2026-05-05,Amsterdam,sale,164.61
5172,2026-05-05,Amsterdam,sale,125.62
5173,2026-05-05,Amsterdam,sale,157.78
5174,2026-05-05,Amsterdam,sale,174.14
5175,2026-05-05,Amsterdam,sale,167.96
5176,2026-05-05,Amsterdam,sale,20.01
5177,2026-05-05,Amsterdam,sale,149.17
5178,2026-05-05,Amsterdam,sale,178.33
5179,2026-05-05,Amsterdam,sale,18.85
5180,2026-05-05,Amsterdam,sale,89.91
5181,2026-05-05,Amsterdam,sale,10.31
5182,2026-05-05,Amsterdam,sale,177.62
5183,2026-05-05,Amsterdam,sale,108.54
5184,2026-05-05,Amsterdam,sale,19.61
5185,2026-05-05,Amsterdam,sale,164.37
5186,2026-05-05,Amsterdam,sale,15.49
5187,2026-05-05,Berlin,sale,50.29
5188,2026-05-05,Berlin,sale,116.88
5189,2026-05-05,Berlin,sale,109.36
5190,2026-05-05,Berlin,sale,30.27
5191,2026-05-05,Berlin,sale,70.17
5192,2026-05-05,Berlin,sale,64.37
5193,2026-05-05,Berlin,sale,170.01
5194,2026-05-05,Berlin,sale,137.17
5195,2026-05-05,Berlin,sale,168.08
5196,2026-05-05,Berlin,sale,25.38
5197,2026-05-05,Berlin,sale,25.11
5198,2026-05-05,Berlin,sale,162.14
5199,2026-05-05,Berlin,sale,122.2
5200,2026-05-05,Berlin,sale,97.01
5201,2026-05-05,Berlin,sale,26.09
5202,2026-05-05,Berlin,sale,74.12
5203,2026-05-05,Berlin,sale,25.57
5204,2026-05-05,Berlin,sale,138.49
5205,2026-05-05,Berlin,sale,118.81
5206,2026-05-05,Berlin,sale,63.54
5207,2026-05-05,Berlin,sale,174.42
5208,2026-05-05,Berlin,sale,96.47
5209,2026-05-05,Berlin,sale,122.51
5210,2026-05-05,Berlin,sale,145.23
5211,2026-05-05,Berlin,sale,37.06
5212,2026-05-05,Berlin,sale,22.15
5213,2026-05-05,Berlin,sale,16.39
5214,2026-05-05,Berlin,sale,9.21
5215,2026-05-05,Berlin,sale,149.23
5216,2026-05-05,Berlin,sale,99.21
5217,2026-05-05,Berlin,sale,147.29
5218,2026-05-05,Berlin,sale,118.18
5219,2026-05-05,Berlin,sale,79.34
5220,2026-05-05,Berlin,sale,44.63
5221,2026-05-05,Berlin,sale,160.59
5222,2026-05-05,Berlin,sale,59.5
5223,2026-05-05,Berlin,sale,46.23
5224,2026-05-05,Berlin,sale,115.25
5225,2026-05-05,Berlin,sale,169.39
5226,2026-05-05,Berlin,sale,16.07
5227,2026-05-05,Berlin,sale,167.62
5228,2026-05-05,Berlin,sale,109.46
5229,2026-05-05,Berlin,sale,100.55
5230,2026-05-05,Berlin,sale,143.42
5231,2026-05-05,Copenhagen,sale,26.7
5232,2026-05-05,Copenhagen,sale,69.58
5233,2026-05-05,Copenhagen,sale,140.44
5234,2026-05-05,Copenhagen,sale,91.56
5235,2026-05-05,Copenhagen,sale,63.28
5236,2026-05-05,Copenhagen,sale,62.5
5237,2026-05-05,Copenhagen,sale,107.99
5238,2026-05-05,Copenhagen,sale,169.39
5239,2026-05-05,Copenhagen,sale,38.32
5240,2026-05-05,Dublin,sale,94.32
5241,2026-05-05,Dublin,sale,63.35
5242,2026-05-05,Dublin,sale,63.87
5243,2026-05-05,Dublin,sale,124.17
5244,2026-05-05,Dublin,sale,45.07
5245,2026-05-05,Dublin,sale,38.01
5246,2026-05-05,Dublin,sale,148.38
5247,2026-05-05,Dublin,sale,89.8
5248,2026-05-05,Dublin,sale,118.3
5249,2026-05-05,Dublin,sale,95.52
5250,2026-05-05,Dublin,sale,121.44
5251,2026-05-05,Dublin,sale,79.62
5252,2026-05-05,Dublin,sale,92.6
5253,2026-05-05,Dublin,sale,166.64
5254,2026-05-05,Dublin,sale,87.35
5255,2026-05-05,Dublin,sale,53.2
5256,2026-05-05,Dublin,sale,145.55
5257,2026-05-05,Dublin,sale,46.72
5258,2026-05-05,Dublin,sale,39.09
5259,2026-05-05,Dublin,sale,51.23
5260,2026-05-05,Dublin,sale,66.66
5261,2026-05-05,Dublin,sale,160.86
5262,2026-05-05,Dublin,sale,57.43
5263,2026-05-05,Dublin,sale,158.76
5264,2026-05-05,Dublin,sale,142.51
5265,2026-05-05,Dublin,sale,122.74
5266,2026-05-05,Dublin,sale,57.98
5267,2026-05-05,Dublin,sale,164.2
5268,2026-05-05,Edinburgh,sale,157.45
5269,2026-05-05,Edinburgh,sale,132.38
5270,2026-05-05,Edinburgh,sale,23.22
5271,2026-05-05,Edinburgh,sale,142.98
5272,2026-05-05,Edinburgh,sale,132.57
5273,2026-05-05,Edinburgh,refund,-160.44
5274,2026-05-05,Edinburgh,sale,66.02
5275,2026-05-05,Edinburgh,sale,57.44
5276,2026-05-05,Edinburgh,sale,110.35
5277,2026-05-05,Edinburgh,sale,45.47
5278,2026-05-05,Edinburgh,sale,159.02
5279,2026-05-05,Edinburgh,sale,101.04
5280,2026-05-05,Edinburgh,sale,81.71
5281,2026-05-05,Edinburgh,sale,48.31
5282,2026-05-05,Edinburgh,sale,92.5
5283,2026-05-05,Edinburgh,sale,100.22
5284,2026-05-05,Edinburgh,sale,93.27
5285,2026-05-05,Florence,sale,66.24
5286,2026-05-05,Florence,sale,110.65
5287,2026-05-05,Florence,sale,147.82
5288,2026-05-05,Florence,sale,22.66
5289,2026-05-05,Florence,sale,57.04
5290,2026-05-05,Florence,sale,71.05
5291,2026-05-05,Florence,sale,35.51
5292,2026-05-05,Florence,sale,44.43
5293,2026-05-05,Florence,sale,123.98
5294,2026-05-05,Florence,sale,122.86
5295,2026-05-05,Florence,sale,116.89
5296,2026-05-05,Florence,sale,142.18
5297,2026-05-05,Florence,sale,48.82
5298,2026-05-05,Florence,sale,101.4
5299,2026-05-05,Florence,sale,22.67
5300,2026-05-05,Florence,sale,20.74
5301,2026-05-05,Florence,sale,21.62
5302,2026-05-05,Florence,sale,138.11
5303,2026-05-05,Florence,sale,61.34
5304,2026-05-05,Florence,sale,173.08
5305,2026-05-05,Florence,sale,138.62
5306,2026-05-05,Florence,sale,64.05
5307,2026-05-05,Florence,sale,44.03
5308,2026-05-05,Florence,sale,21.17
5309,2026-05-05,Florence,sale,40.3
5310,2026-05-05,Florence,sale,55.01
5311,2026-05-06,Amsterdam,sale,168.34
5312,2026-05-06,Amsterdam,sale,169.49
5313,2026-05-06,Amsterdam,sale,119.38
5314,2026-05-06,Amsterdam,sale,69.2
5315,2026-05-06,Amsterdam,sale,124.67
5316,2026-05-06,Amsterdam,sale,26.0
5317,2026-05-06,Amsterdam,sale,80.64
5318,2026-05-06,Amsterdam,sale,77.96
5319,2026-05-06,Amsterdam,sale,115.8
5320,2026-05-06,Amsterdam,sale,34.83
5321,2026-05-06,Amsterdam,sale,46.67
5322,2026-05-06,Amsterdam,sale,7.91
5323,2026-05-06,Amsterdam,sale,95.16
5324,2026-05-06,Amsterdam,sale,71.54
5325,2026-05-06,Amsterdam,sale,129.94
5326,2026-05-06,Amsterdam,sale,68.73
5327,2026-05-06,Amsterdam,sale,164.28
5328,2026-05-06,Amsterdam,sale,176.94
5329,2026-05-06,Amsterdam,sale,92.2
5330,2026-05-06,Amsterdam,sale,97.33
5331,2026-05-06,Amsterdam,sale,88.54
5332,2026-05-06,Amsterdam,sale,161.52
5333,2026-05-06,Amsterdam,sale,60.1
5334,2026-05-06,Amsterdam,sale,41.3
5335,2026-05-06,Amsterdam,sale,123.99
5336,2026-05-06,Berlin,sale,156.28
5337,2026-05-06,Berlin,sale,102.3
5338,2026-05-06,Berlin,sale,73.04
5339,2026-05-06,Berlin,sale,158.72
5340,2026-05-06,Berlin,sale,104.64
5341,2026-05-06,Berlin,sale,28.15
5342,2026-05-06,Berlin,sale,46.54
5343,2026-05-06,Berlin,sale,174.12
5344,2026-05-06,Berlin,sale,89.91
5345,2026-05-06,Berlin,sale,74.83
5346,2026-05-06,Berlin,sale,46.42
5347,2026-05-06,Berlin,sale,105.23
5348,2026-05-06,Berlin,sale,40.18
5349,2026-05-06,Berlin,sale,30.15
5350,2026-05-06,Berlin,sale,56.7
5351,2026-05-06,Berlin,sale,54.13
5352,2026-05-06,Berlin,sale,166.23
5353,2026-05-06,Berlin,sale,173.53
5354,2026-05-06,Berlin,sale,96.93
5355,2026-05-06,Berlin,sale,150.62
5356,2026-05-06,Berlin,sale,62.48
5357,2026-05-06,Berlin,sale,96.79
5358,2026-05-06,Berlin,sale,28.79
5359,2026-05-06,Berlin,sale,169.66
5360,2026-05-06,Berlin,sale,148.96
5361,2026-05-06,Berlin,sale,95.15
5362,2026-05-06,Berlin,sale,93.89
5363,2026-05-06,Berlin,sale,19.85
5364,2026-05-06,Berlin,sale,23.52
5365,2026-05-06,Berlin,sale,135.28
5366,2026-05-06,Berlin,sale,116.46
5367,2026-05-06,Berlin,sale,93.8
5368,2026-05-06,Berlin,sale,90.88
5369,2026-05-06,Berlin,sale,115.15
5370,2026-05-06,Berlin,sale,39.83
5371,2026-05-06,Berlin,sale,166.95
5372,2026-05-06,Berlin,sale,94.56
5373,2026-05-06,Berlin,sale,120.72
5374,2026-05-06,Berlin,sale,38.36
5375,2026-05-06,Berlin,sale,165.25
5376,2026-05-06,Berlin,sale,93.69
5377,2026-05-06,Berlin,sale,179.25
5378,2026-05-06,Copenhagen,refund,-34.74
5379,2026-05-06,Copenhagen,sale,58.0
5380,2026-05-06,Copenhagen,sale,144.22
5381,2026-05-06,Copenhagen,sale,5.4
5382,2026-05-06,Copenhagen,sale,74.17
5383,2026-05-06,Copenhagen,sale,106.87
5384,2026-05-06,Copenhagen,sale,45.22
5385,2026-05-06,Copenhagen,refund,-99.13
5386,2026-05-06,Copenhagen,refund,-25.1
5387,2026-05-06,Copenhagen,sale,44.08
5388,2026-05-06,Copenhagen,sale,107.53
5389,2026-05-06,Copenhagen,sale,120.46
5390,2026-05-06,Copenhagen,sale,101.89
5391,2026-05-06,Copenhagen,sale,171.34
5392,2026-05-06,Copenhagen,sale,65.24
5393,2026-05-06,Dublin,sale,152.22
5394,2026-05-06,Dublin,sale,155.38
5395,2026-05-06,Dublin,sale,53.08
5396,2026-05-06,Dublin,sale,85.89
5397,2026-05-06,Dublin,sale,150.64
5398,2026-05-06,Dublin,sale,79.14
5399,2026-05-06,Dublin,sale,91.66
5400,2026-05-06,Dublin,sale,103.3
5401,2026-05-06,Dublin,sale,5.75
5402,2026-05-06,Dublin,sale,25.11
5403,2026-05-06,Dublin,sale,31.36
5404,2026-05-06,Dublin,sale,165.12
5405,2026-05-06,Dublin,sale,30.07
5406,2026-05-06,Dublin,sale,128.63
5407,2026-05-06,Dublin,sale,13.11
5408,2026-05-06,Dublin,sale,27.16
5409,2026-05-06,Dublin,sale,29.46
5410,2026-05-06,Dublin,sale,82.08
5411,2026-05-06,Dublin,sale,14.7
5412,2026-05-06,Dublin,sale,70.4
5413,2026-05-06,Dublin,sale,133.84
5414,2026-05-06,Edinburgh,sale,61.69
5415,2026-05-06,Edinburgh,sale,100.89
5416,2026-05-06,Edinburgh,sale,134.91
5417,2026-05-06,Edinburgh,sale,134.58
5418,2026-05-06,Edinburgh,sale,107.47
5419,2026-05-06,Edinburgh,sale,124.31
5420,2026-05-06,Edinburgh,sale,98.52
5421,2026-05-06,Edinburgh,sale,48.89
5422,2026-05-06,Edinburgh,sale,87.66
5423,2026-05-06,Edinburgh,sale,23.29
5424,2026-05-06,Edinburgh,sale,142.59
5425,2026-05-06,Edinburgh,sale,108.86
5426,2026-05-06,Edinburgh,sale,88.4
5427,2026-05-06,Edinburgh,sale,179.38
5428,2026-05-06,Edinburgh,sale,107.0
5429,2026-05-06,Edinburgh,refund,-24.41
5430,2026-05-06,Edinburgh,sale,28.81
5431,2026-05-06,Edinburgh,sale,107.97
5432,2026-05-06,Edinburgh,sale,63.88
5433,2026-05-06,Edinburgh,sale,77.24
5434,2026-05-06,Edinburgh,sale,170.07
5435,2026-05-06,Edinburgh,sale,168.63
5436,2026-05-06,Edinburgh,sale,36.99
5437,2026-05-06,Florence,sale,74.09
5438,2026-05-06,Florence,sale,145.8
5439,2026-05-06,Florence,sale,96.76
5440,2026-05-06,Florence,sale,162.41
5441,2026-05-06,Florence,sale,109.69
5442,2026-05-06,Florence,sale,179.03
5443,2026-05-06,Florence,sale,52.04
5444,2026-05-06,Florence,sale,145.17
5445,2026-05-06,Florence,sale,17.34
5446,2026-05-06,Florence,sale,76.46
5447,2026-05-06,Florence,sale,22.14
5448,2026-05-06,Florence,sale,63.86
5449,2026-05-06,Florence,sale,137.45
5450,2026-05-06,Florence,sale,115.74
5451,2026-05-06,Florence,sale,38.21
5452,2026-05-06,Florence,sale,129.92
5453,2026-05-06,Florence,sale,53.67
5454,2026-05-06,Florence,sale,27.54
5455,2026-05-06,Florence,refund,-148.1
5456,2026-05-06,Florence,sale,179.89
5457,2026-05-06,Florence,sale,148.46
5458,2026-05-07,Amsterdam,sale,117.63
5459,2026-05-07,Amsterdam,sale,141.02
5460,2026-05-07,Amsterdam,refund,-61.59
5461,2026-05-07,Amsterdam,sale,81.11
5462,2026-05-07,Amsterdam,sale,11.4
5463,2026-05-07,Amsterdam,sale,82.11
5464,2026-05-07,Amsterdam,sale,95.02
5465,2026-05-07,Amsterdam,sale,163.29
5466,2026-05-07,Amsterdam,sale,30.84
5467,2026-05-07,Amsterdam,sale,109.73
5468,2026-05-07,Amsterdam,sale,86.24
5469,2026-05-07,Amsterdam,sale,165.83
5470,2026-05-07,Amsterdam,sale,139.92
5471,2026-05-07,Amsterdam,sale,135.4
5472,2026-05-07,Amsterdam,sale,119.43
5473,2026-05-07,Amsterdam,sale,127.95
5474,2026-05-07,Amsterdam,sale,102.49
5475,2026-05-07,Amsterdam,sale,82.43
5476,2026-05-07,Amsterdam,sale,29.05
5477,2026-05-07,Amsterdam,sale,81.32
5478,2026-05-07,Amsterdam,sale,61.91
5479,2026-05-07,Amsterdam,sale,72.98
5480,2026-05-07,Amsterdam,sale,23.72
5481,2026-05-07,Amsterdam,sale,9.56
5482,2026-05-07,Amsterdam,sale,57.23
5483,2026-05-07,Amsterdam,sale,147.79
5484,2026-05-07,Amsterdam,sale,31.53
5485,2026-05-07,Amsterdam,sale,38.36
5486,2026-05-07,Berlin,sale,84.98
5487,2026-05-07,Berlin,sale,11.91
5488,2026-05-07,Berlin,sale,174.41
5489,2026-05-07,Berlin,sale,127.81
5490,2026-05-07,Berlin,sale,145.51
5491,2026-05-07,Berlin,sale,68.16
5492,2026-05-07,Berlin,sale,137.08
5493,2026-05-07,Berlin,sale,102.17
5494,2026-05-07,Berlin,sale,52.21
5495,2026-05-07,Berlin,sale,57.24
5496,2026-05-07,Berlin,sale,14.37
5497,2026-05-07,Berlin,sale,58.13
5498,2026-05-07,Berlin,sale,86.26
5499,2026-05-07,Berlin,sale,167.63
5500,2026-05-07,Berlin,sale,148.72
5501,2026-05-07,Berlin,sale,134.86
5502,2026-05-07,Berlin,sale,148.7
5503,2026-05-07,Berlin,sale,131.19
5504,2026-05-07,Berlin,sale,163.79
5505,2026-05-07,Berlin,sale,147.1
5506,2026-05-07,Berlin,sale,97.04
5507,2026-05-07,Berlin,sale,28.18
5508,2026-05-07,Berlin,sale,64.98
5509,2026-05-07,Berlin,sale,140.64
5510,2026-05-07,Berlin,sale,49.3
5511,2026-05-07,Berlin,sale,95.17
5512,2026-05-07,Berlin,sale,32.87
5513,2026-05-07,Berlin,sale,19.46
5514,2026-05-07,Berlin,sale,64.78
5515,2026-05-07,Berlin,sale,163.01
5516,2026-05-07,Berlin,sale,17.16
5517,2026-05-07,Berlin,sale,107.75
5518,2026-05-07,Berlin,sale,18.45
5519,2026-05-07,Berlin,sale,20.11
5520,2026-05-07,Berlin,sale,80.08
5521,2026-05-07,Berlin,sale,92.1
5522,2026-05-07,Berlin,sale,57.36
5523,2026-05-07,Berlin,sale,80.61
5524,2026-05-07,Berlin,sale,20.65
5525,2026-05-07,Berlin,sale,63.06
5526,2026-05-07,Berlin,sale,152.73
5527,2026-05-07,Berlin,sale,101.52
5528,2026-05-07,Berlin,sale,153.29
5529,2026-05-07,Berlin,sale,81.5
5530,2026-05-07,Berlin,sale,74.06
5531,2026-05-07,Berlin,sale,162.59
5532,2026-05-07,Berlin,sale,35.7
5533,2026-05-07,Copenhagen,sale,31.65
5534,2026-05-07,Copenhagen,sale,145.69
5535,2026-05-07,Copenhagen,sale,49.58
5536,2026-05-07,Copenhagen,sale,133.4
5537,2026-05-07,Copenhagen,sale,83.14
5538,2026-05-07,Copenhagen,sale,30.04
5539,2026-05-07,Copenhagen,sale,166.32
5540,2026-05-07,Copenhagen,sale,135.4
5541,2026-05-07,Copenhagen,sale,116.24
5542,2026-05-07,Copenhagen,sale,158.59
5543,2026-05-07,Copenhagen,sale,138.67
5544,2026-05-07,Copenhagen,sale,15.17
5545,2026-05-07,Copenhagen,sale,102.01
5546,2026-05-07,Copenhagen,refund,-179.22
5547,2026-05-07,Copenhagen,sale,167.1
5548,2026-05-07,Dublin,sale,99.43
5549,2026-05-07,Dublin,sale,165.81
5550,2026-05-07,Dublin,sale,29.6
5551,2026-05-07,Dublin,sale,119.98
5552,2026-05-07,Dublin,sale,75.28
5553,2026-05-07,Dublin,sale,17.66
5554,2026-05-07,Dublin,sale,120.02
5555,2026-05-07,Dublin,sale,73.82
5556,2026-05-07,Dublin,sale,92.52
5557,2026-05-07,Dublin,sale,7.05
5558,2026-05-07,Dublin,sale,17.73
5559,2026-05-07,Dublin,sale,144.8
5560,2026-05-07,Dublin,sale,73.22
5561,2026-05-07,Dublin,sale,147.06
5562,2026-05-07,Dublin,sale,69.64
5563,2026-05-07,Dublin,sale,52.29
5564,2026-05-07,Dublin,sale,144.01
5565,2026-05-07,Dublin,sale,13.84
5566,2026-05-07,Dublin,sale,153.17
5567,2026-05-07,Dublin,sale,144.62
5568,2026-05-07,Dublin,sale,133.34
5569,2026-05-07,Dublin,sale,127.48
5570,2026-05-07,Dublin,sale,124.29
5571,2026-05-07,Dublin,sale,19.24
5572,2026-05-07,Dublin,sale,41.68
5573,2026-05-07,Dublin,sale,149.13
5574,2026-05-07,Dublin,sale,14.68
5575,2026-05-07,Edinburgh,sale,55.89
5576,2026-05-07,Edinburgh,sale,51.88
5577,2026-05-07,Edinburgh,sale,150.09
5578,2026-05-07,Edinburgh,sale,164.61
5579,2026-05-07,Edinburgh,sale,98.57
5580,2026-05-07,Edinburgh,sale,86.86
5581,2026-05-07,Edinburgh,sale,150.69
5582,2026-05-07,Edinburgh,sale,47.49
5583,2026-05-07,Edinburgh,sale,104.07
5584,2026-05-07,Edinburgh,sale,118.62
5585,2026-05-07,Edinburgh,sale,83.35
5586,2026-05-07,Edinburgh,sale,68.46
5587,2026-05-07,Edinburgh,sale,78.15
5588,2026-05-07,Edinburgh,sale,34.1
5589,2026-05-07,Edinburgh,sale,118.77
5590,2026-05-07,Edinburgh,sale,178.46
5591,2026-05-07,Edinburgh,sale,88.13
5592,2026-05-07,Edinburgh,sale,135.92
5593,2026-05-07,Edinburgh,sale,160.55
5594,2026-05-07,Edinburgh,sale,93.26
5595,2026-05-07,Edinburgh,sale,144.33
5596,2026-05-07,Edinburgh,sale,5.12
5597,2026-05-07,Florence,sale,82.37
5598,2026-05-07,Florence,sale,179.35
5599,2026-05-07,Florence,sale,168.38
5600,2026-05-07,Florence,sale,43.76
5601,2026-05-07,Florence,sale,12.42
5602,2026-05-07,Florence,sale,114.87
5603,2026-05-07,Florence,sale,85.12
5604,2026-05-07,Florence,sale,108.96
5605,2026-05-07,Florence,sale,149.07
5606,2026-05-07,Florence,sale,114.18
5607,2026-05-07,Florence,sale,45.54
5608,2026-05-07,Florence,sale,66.11
5609,2026-05-07,Florence,sale,64.5
5610,2026-05-07,Florence,sale,9.74
5611,2026-05-07,Florence,sale,52.15
5612,2026-05-07,Florence,sale,106.25
5613,2026-05-07,Florence,sale,34.95
5614,2026-05-07,Florence,sale,167.18
5615,2026-05-07,Florence,sale,174.32
5616,2026-05-07,Florence,sale,16.09
5617,2026-05-07,Florence,sale,131.24
5618,2026-05-07,Florence,sale,45.44
5619,2026-05-07,Florence,sale,137.05
5620,2026-05-07,Florence,sale,176.06
5621,2026-05-07,Florence,sale,43.25
5622,2026-05-08,Amsterdam,sale,149.67
5623,2026-05-08,Amsterdam,sale,12.76
5624,2026-05-08,Amsterdam,sale,47.92
5625,2026-05-08,Amsterdam,sale,10.4
5626,2026-05-08,Amsterdam,sale,104.29
5627,2026-05-08,Amsterdam,sale,170.59
5628,2026-05-08,Amsterdam,sale,177.84
5629,2026-05-08,Amsterdam,sale,164.25
5630,2026-05-08,Amsterdam,sale,9.71
5631,2026-05-08,Amsterdam,sale,123.65
5632,2026-05-08,Amsterdam,sale,42.35
5633,2026-05-08,Amsterdam,sale,142.64
5634,2026-05-08,Amsterdam,sale,33.22
5635,2026-05-08,Amsterdam,sale,85.92
5636,2026-05-08,Amsterdam,sale,152.53
5637,2026-05-08,Amsterdam,sale,31.17
5638,2026-05-08,Amsterdam,sale,68.69
5639,2026-05-08,Amsterdam,sale,158.02
5640,2026-05-08,Amsterdam,sale,111.11
5641,2026-05-08,Amsterdam,sale,115.91
5642,2026-05-08,Amsterdam,refund,-133.73
5643,2026-05-08,Amsterdam,sale,14.46
5644,2026-05-08,Amsterdam,sale,153.4
5645,2026-05-08,Amsterdam,sale,22.91
5646,2026-05-08,Amsterdam,sale,120.87
5647,2026-05-08,Amsterdam,sale,129.18
5648,2026-05-08,Amsterdam,sale,91.79
5649,2026-05-08,Amsterdam,sale,30.42
5650,2026-05-08,Amsterdam,sale,148.89
5651,2026-05-08,Amsterdam,sale,138.35
5652,2026-05-08,Amsterdam,sale,27.67
5653,2026-05-08,Amsterdam,sale,122.01
5654,2026-05-08,Berlin,sale,133.6
5655,2026-05-08,Berlin,sale,86.87
5656,2026-05-08,Berlin,sale,93.1
5657,2026-05-08,Berlin,sale,64.69
5658,2026-05-08,Berlin,sale,44.41
5659,2026-05-08,Berlin,sale,122.92
5660,2026-05-08,Berlin,sale,101.58
5661,2026-05-08,Berlin,sale,153.48
5662,2026-05-08,Berlin,sale,64.07
5663,2026-05-08,Berlin,sale,49.83
5664,2026-05-08,Berlin,sale,71.57
5665,2026-05-08,Berlin,sale,75.54
5666,2026-05-08,Berlin,sale,163.84
5667,2026-05-08,Berlin,sale,60.51
5668,2026-05-08,Berlin,refund,-100.67
5669,2026-05-08,Berlin,sale,62.04
5670,2026-05-08,Berlin,sale,77.01
5671,2026-05-08,Berlin,sale,127.98
5672,2026-05-08,Berlin,sale,26.57
5673,2026-05-08,Berlin,sale,88.51
5674,2026-05-08,Berlin,sale,128.89
5675,2026-05-08,Berlin,sale,120.58
5676,2026-05-08,Berlin,sale,109.11
5677,2026-05-08,Berlin,sale,64.67
5678,2026-05-08,Berlin,sale,141.68
5679,2026-05-08,Berlin,sale,11.32
5680,2026-05-08,Berlin,sale,178.11
5681,2026-05-08,Berlin,sale,50.8
5682,2026-05-08,Berlin,sale,177.14
5683,2026-05-08,Berlin,sale,60.7
5684,2026-05-08,Berlin,sale,41.24
5685,2026-05-08,Berlin,sale,67.85
5686,2026-05-08,Berlin,sale,46.7
5687,2026-05-08,Berlin,sale,55.84
5688,2026-05-08,Berlin,sale,149.66
5689,2026-05-08,Berlin,sale,147.73
5690,2026-05-08,Berlin,sale,33.56
5691,2026-05-08,Berlin,sale,107.95
5692,2026-05-08,Berlin,refund,-53.7
5693,2026-05-08,Berlin,sale,6.14
5694,2026-05-08,Berlin,sale,153.95
5695,2026-05-08,Berlin,sale,87.94
5696,2026-05-08,Berlin,sale,89.11
5697,2026-05-08,Copenhagen,sale,86.5
5698,2026-05-08,Copenhagen,sale,174.22
5699,2026-05-08,Copenhagen,sale,69.09
5700,2026-05-08,Copenhagen,sale,45.72
5701,2026-05-08,Copenhagen,sale,102.65
5702,2026-05-08,Copenhagen,sale,69.47
5703,2026-05-08,Copenhagen,refund,-174.01
5704,2026-05-08,Copenhagen,sale,82.21
5705,2026-05-08,Copenhagen,sale,46.03
5706,2026-05-08,Copenhagen,sale,96.21
5707,2026-05-08,Copenhagen,sale,130.63
5708,2026-05-08,Copenhagen,sale,98.18
5709,2026-05-08,Copenhagen,sale,161.28
5710,2026-05-08,Copenhagen,refund,-33.6
5711,2026-05-08,Copenhagen,sale,103.5
5712,2026-05-08,Dublin,sale,36.81
5713,2026-05-08,Dublin,sale,109.7
5714,2026-05-08,Dublin,sale,32.62
5715,2026-05-08,Dublin,sale,132.69
5716,2026-05-08,Dublin,sale,133.83
5717,2026-05-08,Dublin,sale,7.96
5718,2026-05-08,Dublin,sale,179.49
5719,2026-05-08,Dublin,sale,90.58
5720,2026-05-08,Dublin,sale,29.07
5721,2026-05-08,Dublin,sale,64.28
5722,2026-05-08,Dublin,sale,114.32
5723,2026-05-08,Dublin,sale,99.82
5724,2026-05-08,Dublin,sale,144.98
5725,2026-05-08,Dublin,sale,146.7
5726,2026-05-08,Dublin,sale,39.81
5727,2026-05-08,Dublin,sale,24.01
5728,2026-05-08,Dublin,sale,105.0
5729,2026-05-08,Dublin,sale,6.29
5730,2026-05-08,Dublin,sale,129.09
5731,2026-05-08,Dublin,sale,69.69
5732,2026-05-08,Dublin,sale,137.83
5733,2026-05-08,Dublin,sale,167.97
5734,2026-05-08,Dublin,sale,90.04
5735,2026-05-08,Dublin,sale,34.28
5736,2026-05-08,Dublin,sale,131.41
5737,2026-05-08,Dublin,sale,12.46
5738,2026-05-08,Edinburgh,sale,105.01
5739,2026-05-08,Edinburgh,sale,56.96
5740,2026-05-08,Edinburgh,sale,110.55
5741,2026-05-08,Edinburgh,sale,24.84
5742,2026-05-08,Edinburgh,sale,61.88
5743,2026-05-08,Edinburgh,sale,52.73
5744,2026-05-08,Edinburgh,sale,131.6
5745,2026-05-08,Edinburgh,sale,179.75
5746,2026-05-08,Edinburgh,sale,164.14
5747,2026-05-08,Edinburgh,sale,118.68
5748,2026-05-08,Edinburgh,sale,69.39
5749,2026-05-08,Edinburgh,sale,137.57
5750,2026-05-08,Edinburgh,sale,169.72
5751,2026-05-08,Edinburgh,sale,153.18
5752,2026-05-08,Edinburgh,sale,28.44
5753,2026-05-08,Edinburgh,sale,124.61
5754,2026-05-08,Edinburgh,sale,16.62
5755,2026-05-08,Edinburgh,sale,78.64
5756,2026-05-08,Edinburgh,sale,133.46
5757,2026-05-08,Edinburgh,sale,79.79
5758,2026-05-08,Edinburgh,sale,142.13
5759,2026-05-08,Edinburgh,refund,-112.18
5760,2026-05-08,Florence,refund,-111.46
5761,2026-05-08,Florence,sale,155.21
5762,2026-05-08,Florence,sale,40.11
5763,2026-05-08,Florence,sale,115.67
5764,2026-05-08,Florence,sale,66.77
5765,2026-05-08,Florence,sale,21.34
5766,2026-05-08,Florence,sale,175.52
5767,2026-05-08,Florence,sale,20.82
5768,2026-05-08,Florence,sale,92.89
5769,2026-05-08,Florence,sale,35.89
5770,2026-05-08,Florence,sale,70.35
5771,2026-05-08,Florence,sale,83.28
5772,2026-05-08,Florence,sale,51.84
5773,2026-05-08,Florence,sale,38.48
5774,2026-05-08,Florence,sale,40.95
5775,2026-05-08,Florence,sale,101.08
5776,2026-05-08,Florence,sale,80.64
5777,2026-05-09,Amsterdam,sale,102.52
5778,2026-05-09,Amsterdam,sale,87.07
5779,2026-05-09,Amsterdam,sale,126.52
5780,2026-05-09,Amsterdam,sale,108.29
5781,2026-05-09,Amsterdam,sale,34.54
5782,2026-05-09,Amsterdam,sale,126.75
5783,2026-05-09,Amsterdam,sale,71.79
5784,2026-05-09,Amsterdam,sale,136.07
5785,2026-05-09,Amsterdam,sale,96.99
5786,2026-05-09,Amsterdam,refund,-121.82
5787,2026-05-09,Amsterdam,sale,14.1
5788,2026-05-09,Amsterdam,sale,161.03
5789,2026-05-09,Amsterdam,sale,101.96
5790,2026-05-09,Amsterdam,sale,155.74
5791,2026-05-09,Amsterdam,sale,146.21
5792,2026-05-09,Amsterdam,sale,112.84
5793,2026-05-09,Amsterdam,sale,35.26
5794,2026-05-09,Amsterdam,sale,149.39
5795,2026-05-09,Amsterdam,sale,33.15
5796,2026-05-09,Amsterdam,sale,95.47
5797,2026-05-09,Amsterdam,sale,176.22
5798,2026-05-09,Amsterdam,sale,98.02
5799,2026-05-09,Amsterdam,sale,156.16
5800,2026-05-09,Amsterdam,sale,119.36
5801,2026-05-09,Amsterdam,sale,14.83
5802,2026-05-09,Amsterdam,refund,-22.44
5803,2026-05-09,Amsterdam,sale,15.72
5804,2026-05-09,Amsterdam,sale,117.93
5805,2026-05-09,Berlin,sale,29.67
5806,2026-05-09,Berlin,sale,31.86
5807,2026-05-09,Berlin,sale,167.68
5808,2026-05-09,Berlin,sale,64.16
5809,2026-05-09,Berlin,sale,160.61
5810,2026-05-09,Berlin,sale,33.46
5811,2026-05-09,Berlin,sale,14.65
5812,2026-05-09,Berlin,sale,8.15
5813,2026-05-09,Berlin,sale,23.03
5814,2026-05-09,Berlin,sale,157.36
5815,2026-05-09,Berlin,sale,72.9
5816,2026-05-09,Berlin,sale,110.98
5817,2026-05-09,Berlin,sale,81.8
5818,2026-05-09,Berlin,sale,149.18
5819,2026-05-09,Berlin,sale,6.07
5820,2026-05-09,Berlin,sale,116.47
5821,2026-05-09,Berlin,sale,19.6
5822,2026-05-09,Berlin,sale,165.93
5823,2026-05-09,Berlin,sale,16.51
5824,2026-05-09,Berlin,sale,57.11
5825,2026-05-09,Berlin,sale,57.77
5826,2026-05-09,Berlin,sale,149.59
5827,2026-05-09,Berlin,sale,98.61
5828,2026-05-09,Berlin,sale,172.19
5829,2026-05-09,Berlin,sale,112.8
5830,2026-05-09,Berlin,sale,25.84
5831,2026-05-09,Berlin,sale,32.24
5832,2026-05-09,Berlin,sale,12.22
5833,2026-05-09,Berlin,sale,112.53
5834,2026-05-09,Berlin,sale,49.91
5835,2026-05-09,Berlin,sale,138.43
5836,2026-05-09,Berlin,sale,39.66
5837,2026-05-09,Berlin,sale,69.88
5838,2026-05-09,Berlin,sale,44.79
5839,2026-05-09,Berlin,sale,103.49
5840,2026-05-09,Berlin,sale,49.79
5841,2026-05-09,Berlin,sale,109.25
5842,2026-05-09,Berlin,sale,174.95
5843,2026-05-09,Berlin,sale,20.65
5844,2026-05-09,Berlin,sale,37.73
5845,2026-05-09,Berlin,sale,38.27
5846,2026-05-09,Berlin,refund,-47.38
5847,2026-05-09,Berlin,sale,169.37
5848,2026-05-09,Berlin,sale,173.79
5849,2026-05-09,Berlin,sale,167.42
5850,2026-05-09,Berlin,sale,43.42
5851,2026-05-09,Berlin,sale,13.18
5852,2026-05-09,Berlin,sale,172.52
5853,2026-05-09,Berlin,sale,104.28
5854,2026-05-09,Berlin,sale,48.75
5855,2026-05-09,Copenhagen,sale,124.98
5856,2026-05-09,Copenhagen,sale,8.36
5857,2026-05-09,Copenhagen,sale,32.14
5858,2026-05-09,Copenhagen,sale,70.01
5859,2026-05-09,Copenhagen,sale,149.99
5860,2026-05-09,Copenhagen,sale,135.03
5861,2026-05-09,Copenhagen,sale,100.14
5862,2026-05-09,Copenhagen,sale,68.76
5863,2026-05-09,Copenhagen,sale,159.25
5864,2026-05-09,Copenhagen,sale,32.17
5865,2026-05-09,Copenhagen,sale,147.65
5866,2026-05-09,Copenhagen,refund,-159.3
5867,2026-05-09,Copenhagen,sale,114.34
5868,2026-05-09,Copenhagen,sale,163.83
5869,2026-05-09,Copenhagen,sale,171.6
5870,2026-05-09,Copenhagen,sale,108.67
5871,2026-05-09,Copenhagen,sale,18.79
5872,2026-05-09,Dublin,refund,-148.3
5873,2026-05-09,Dublin,sale,104.23
5874,2026-05-09,Dublin,sale,37.09
5875,2026-05-09,Dublin,sale,166.72
5876,2026-05-09,Dublin,sale,120.94
5877,2026-05-09,Dublin,sale,168.28
5878,2026-05-09,Dublin,sale,97.94
5879,2026-05-09,Dublin,sale,178.54
5880,2026-05-09,Dublin,sale,84.13
5881,2026-05-09,Dublin,sale,101.87
5882,2026-05-09,Dublin,sale,90.25
5883,2026-05-09,Dublin,sale,41.16
5884,2026-05-09,Dublin,sale,72.5
5885,2026-05-09,Dublin,sale,20.77
5886,2026-05-09,Dublin,sale,70.42
5887,2026-05-09,Dublin,sale,31.02
5888,2026-05-09,Dublin,sale,45.1
5889,2026-05-09,Dublin,sale,89.45
5890,2026-05-09,Dublin,sale,44.7
5891,2026-05-09,Dublin,sale,43.73
5892,2026-05-09,Dublin,sale,156.61
5893,2026-05-09,Dublin,sale,63.71
5894,2026-05-09,Dublin,sale,179.92
5895,2026-05-09,Dublin,sale,159.65
5896,2026-05-09,Dublin,sale,149.45
5897,2026-05-09,Dublin,sale,111.18
5898,2026-05-09,Dublin,sale,105.17
5899,2026-05-09,Dublin,sale,67.24
5900,2026-05-09,Edinburgh,sale,77.46
5901,2026-05-09,Edinburgh,sale,166.85
5902,2026-05-09,Edinburgh,sale,170.65
5903,2026-05-09,Edinburgh,sale,122.25
5904,2026-05-09,Edinburgh,sale,65.63
5905,2026-05-09,Edinburgh,sale,5.7
5906,2026-05-09,Edinburgh,sale,66.99
5907,2026-05-09,Edinburgh,sale,82.65
5908,2026-05-09,Edinburgh,sale,34.39
5909,2026-05-09,Edinburgh,sale,41.66
5910,2026-05-09,Edinburgh,sale,166.66
5911,2026-05-09,Edinburgh,sale,169.7
5912,2026-05-09,Edinburgh,sale,8.78
5913,2026-05-09,Edinburgh,sale,84.49
5914,2026-05-09,Edinburgh,sale,51.6
5915,2026-05-09,Edinburgh,sale,52.3
5916,2026-05-09,Edinburgh,sale,30.91
5917,2026-05-09,Edinburgh,sale,17.96
5918,2026-05-09,Edinburgh,sale,45.36
5919,2026-05-09,Edinburgh,sale,50.94
5920,2026-05-09,Edinburgh,sale,83.99
5921,2026-05-09,Edinburgh,sale,57.9
5922,2026-05-09,Edinburgh,sale,53.35
5923,2026-05-09,Florence,sale,72.71
5924,2026-05-09,Florence,sale,92.17
5925,2026-05-09,Florence,sale,72.46
5926,2026-05-09,Florence,sale,101.46
5927,2026-05-09,Florence,sale,115.34
5928,2026-05-09,Florence,sale,133.11
5929,2026-05-09,Florence,sale,62.32
5930,2026-05-09,Florence,sale,8.56
5931,2026-05-09,Florence,sale,101.42
5932,2026-05-09,Florence,sale,63.24
5933,2026-05-09,Florence,sale,111.98
5934,2026-05-09,Florence,sale,101.92
5935,2026-05-09,Florence,sale,43.68
5936,2026-05-09,Florence,sale,113.0
5937,2026-05-09,Florence,sale,166.9
5938,2026-05-09,Florence,sale,115.67
5939,2026-05-09,Florence,sale,124.14
5940,2026-05-09,Florence,sale,166.57
5941,2026-05-09,Florence,sale,93.42
5942,2026-05-09,Florence,sale,137.58
5943,2026-05-09,Florence,sale,130.23
5944,2026-05-09,Florence,sale,81.32
5945,2026-05-09,Florence,sale,5.61
5946,2026-05-10,Amsterdam,sale,136.52
5947,2026-05-10,Amsterdam,sale,16.37
5948,2026-05-10,Amsterdam,sale,132.02
5949,2026-05-10,Amsterdam,sale,117.35
5950,2026-05-10,Amsterdam,sale,47.55
5951,2026-05-10,Amsterdam,sale,113.72
5952,2026-05-10,Amsterdam,sale,33.57
5953,2026-05-10,Amsterdam,sale,8.82
5954,2026-05-10,Amsterdam,sale,23.8
5955,2026-05-10,Amsterdam,refund,-30.85
5956,2026-05-10,Amsterdam,sale,102.71
5957,2026-05-10,Amsterdam,sale,20.79
5958,2026-05-10,Amsterdam,sale,108.73
5959,2026-05-10,Amsterdam,sale,93.26
5960,2026-05-10,Amsterdam,sale,42.29
5961,2026-05-10,Amsterdam,sale,109.02
5962,2026-05-10,Amsterdam,sale,41.83
5963,2026-05-10,Amsterdam,sale,171.54
5964,2026-05-10,Amsterdam,sale,177.76
5965,2026-05-10,Amsterdam,refund,-97.52
5966,2026-05-10,Amsterdam,sale,33.7
5967,2026-05-10,Amsterdam,sale,138.53
5968,2026-05-10,Amsterdam,sale,142.16
5969,2026-05-10,Amsterdam,sale,162.23
5970,2026-05-10,Amsterdam,sale,104.48
5971,2026-05-10,Amsterdam,sale,43.44
5972,2026-05-10,Amsterdam,sale,149.45
5973,2026-05-10,Amsterdam,refund,-40.92
5974,2026-05-10,Amsterdam,sale,118.65
5975,2026-05-10,Amsterdam,sale,98.87
5976,2026-05-10,Amsterdam,sale,172.99
5977,2026-05-10,Amsterdam,sale,139.61
5978,2026-05-10,Amsterdam,sale,49.35
5979,2026-05-10,Amsterdam,sale,44.82
5980,2026-05-10,Amsterdam,sale,40.03
5981,2026-05-10,Berlin,sale,132.56
5982,2026-05-10,Berlin,sale,147.25
5983,2026-05-10,Berlin,sale,78.79
5984,2026-05-10,Berlin,sale,23.35
5985,2026-05-10,Berlin,refund,-108.51
5986,2026-05-10,Berlin,sale,140.13
5987,2026-05-10,Berlin,sale,31.43
5988,2026-05-10,Berlin,sale,149.76
5989,2026-05-10,Berlin,sale,99.01
5990,2026-05-10,Berlin,sale,169.23
5991,2026-05-10,Berlin,sale,94.68
5992,2026-05-10,Berlin,sale,99.62
5993,2026-05-10,Berlin,sale,24.9
5994,2026-05-10,Berlin,sale,60.82
5995,2026-05-10,Berlin,sale,87.6
5996,2026-05-10,Berlin,sale,89.65
5997,2026-05-10,Berlin,sale,19.47
5998,2026-05-10,Berlin,refund,-68.95
5999,2026-05-10,Berlin,sale,167.03
6000,2026-05-10,Berlin,sale,31.54
6001,2026-05-10,Berlin,sale,145.26
6002,2026-05-10,Berlin,sale,137.95
6003,2026-05-10,Berlin,sale,129.36
6004,2026-05-10,Berlin,sale,126.13
6005,2026-05-10,Berlin,sale,36.89
6006,2026-05-10,Berlin,sale,21.13
6007,2026-05-10,Berlin,sale,106.43
6008,2026-05-10,Berlin,sale,93.6
6009,2026-05-10,Berlin,sale,107.77
6010,2026-05-10,Berlin,sale,117.2
6011,2026-05-10,Berlin,sale,17.22
6012,2026-05-10,Berlin,sale,61.61
6013,2026-05-10,Berlin,sale,63.61
6014,2026-05-10,Berlin,sale,108.5
6015,2026-05-10,Berlin,sale,128.81
6016,2026-05-10,Berlin,sale,121.89
6017,2026-05-10,Berlin,sale,132.57
6018,2026-05-10,Berlin,sale,130.11
6019,2026-05-10,Berlin,sale,56.28
6020,2026-05-10,Berlin,sale,148.25
6021,2026-05-10,Berlin,sale,49.48
6022,2026-05-10,Berlin,sale,26.83
6023,2026-05-10,Berlin,sale,81.55
6024,2026-05-10,Berlin,sale,122.22
6025,2026-05-10,Berlin,sale,7.89
6026,2026-05-10,Berlin,sale,127.73
6027,2026-05-10,Copenhagen,sale,22.6
6028,2026-05-10,Copenhagen,sale,156.2
6029,2026-05-10,Copenhagen,sale,164.32
6030,2026-05-10,Copenhagen,sale,48.62
6031,2026-05-10,Copenhagen,refund,-8.74
6032,2026-05-10,Copenhagen,sale,115.34
6033,2026-05-10,Copenhagen,sale,102.87
6034,2026-05-10,Copenhagen,sale,17.05
6035,2026-05-10,Copenhagen,sale,10.07
6036,2026-05-10,Copenhagen,sale,138.08
6037,2026-05-10,Copenhagen,sale,8.15
6038,2026-05-10,Copenhagen,sale,75.8
6039,2026-05-10,Dublin,sale,95.3
6040,2026-05-10,Dublin,sale,117.91
6041,2026-05-10,Dublin,sale,26.26
6042,2026-05-10,Dublin,sale,134.47
6043,2026-05-10,Dublin,sale,134.79
6044,2026-05-10,Dublin,sale,53.21
6045,2026-05-10,Dublin,sale,43.9
6046,2026-05-10,Dublin,sale,120.12
6047,2026-05-10,Dublin,sale,63.21
6048,2026-05-10,Dublin,sale,47.54
6049,2026-05-10,Dublin,sale,130.37
6050,2026-05-10,Dublin,sale,170.63
6051,2026-05-10,Dublin,sale,57.93
6052,2026-05-10,Dublin,sale,42.24
6053,2026-05-10,Dublin,sale,110.34
6054,2026-05-10,Dublin,sale,89.74
6055,2026-05-10,Dublin,sale,44.03
6056,2026-05-10,Dublin,sale,69.38
6057,2026-05-10,Dublin,sale,77.16
6058,2026-05-10,Dublin,sale,58.69
6059,2026-05-10,Dublin,sale,141.88
6060,2026-05-10,Dublin,sale,109.97
6061,2026-05-10,Dublin,sale,149.77
6062,2026-05-10,Dublin,sale,174.02
6063,2026-05-10,Dublin,sale,94.21
6064,2026-05-10,Dublin,sale,105.8
6065,2026-05-10,Dublin,sale,18.53
6066,2026-05-10,Dublin,sale,31.31
6067,2026-05-10,Dublin,sale,11.01
6068,2026-05-10,Dublin,sale,145.45
6069,2026-05-10,Edinburgh,sale,82.75
6070,2026-05-10,Edinburgh,refund,-129.03
6071,2026-05-10,Edinburgh,sale,125.77
6072,2026-05-10,Edinburgh,sale,68.2
6073,2026-05-10,Edinburgh,sale,22.87
6074,2026-05-10,Edinburgh,sale,29.32
6075,2026-05-10,Edinburgh,sale,140.67
6076,2026-05-10,Edinburgh,sale,108.15
6077,2026-05-10,Edinburgh,sale,28.28
6078,2026-05-10,Edinburgh,sale,62.71
6079,2026-05-10,Edinburgh,sale,72.02
6080,2026-05-10,Edinburgh,sale,73.18
6081,2026-05-10,Edinburgh,sale,77.3
6082,2026-05-10,Edinburgh,sale,11.75
6083,2026-05-10,Edinburgh,sale,51.61
6084,2026-05-10,Edinburgh,sale,127.09
6085,2026-05-10,Edinburgh,sale,173.33
6086,2026-05-10,Edinburgh,sale,143.22
6087,2026-05-10,Florence,sale,71.75
6088,2026-05-10,Florence,sale,58.0
6089,2026-05-10,Florence,sale,66.7
6090,2026-05-10,Florence,sale,117.59
6091,2026-05-10,Florence,sale,11.24
6092,2026-05-10,Florence,sale,142.3
6093,2026-05-10,Florence,sale,93.21
6094,2026-05-10,Florence,sale,26.35
6095,2026-05-10,Florence,sale,160.86
6096,2026-05-10,Florence,sale,124.55
6097,2026-05-10,Florence,sale,46.31
6098,2026-05-10,Florence,sale,104.62
6099,2026-05-10,Florence,sale,135.4
6100,2026-05-10,Florence,sale,54.71
6101,2026-05-10,Florence,sale,143.68
6102,2026-05-10,Florence,sale,161.0
6103,2026-05-10,Florence,refund,-18.63
6104,2026-05-10,Florence,sale,77.74
6105,2026-05-10,Florence,sale,47.87
6106,2026-05-10,Florence,sale,91.38
6107,2026-05-10,Florence,sale,84.91
6108,2026-05-10,Florence,sale,128.73
6109,2026-05-10,Florence,sale,140.59
6110,2026-05-11,Amsterdam,sale,20.93
6111,2026-05-11,Amsterdam,sale,146.89
6112,2026-05-11,Amsterdam,sale,5.71
6113,2026-05-11,Amsterdam,sale,158.09
6114,2026-05-11,Amsterdam,sale,38.52
6115,2026-05-11,Amsterdam,sale,87.74
6116,2026-05-11,Amsterdam,sale,105.31
6117,2026-05-11,Amsterdam,sale,171.39
6118,2026-05-11,Amsterdam,sale,65.08
6119,2026-05-11,Amsterdam,sale,115.1
6120,2026-05-11,Amsterdam,sale,19.06
6121,2026-05-11,Amsterdam,sale,43.97
6122,2026-05-11,Amsterdam,sale,11.28
6123,2026-05-11,Amsterdam,sale,154.16
6124,2026-05-11,Amsterdam,sale,137.07
6125,2026-05-11,Amsterdam,sale,111.11
6126,2026-05-11,Amsterdam,sale,174.28
6127,2026-05-11,Amsterdam,sale,87.54
6128,2026-05-11,Amsterdam,sale,103.3
6129,2026-05-11,Amsterdam,sale,176.29
6130,2026-05-11,Amsterdam,sale,80.3
6131,2026-05-11,Amsterdam,sale,145.42
6132,2026-05-11,Amsterdam,sale,40.92
6133,2026-05-11,Amsterdam,sale,75.72
6134,2026-05-11,Amsterdam,sale,114.65
6135,2026-05-11,Amsterdam,sale,8.97
6136,2026-05-11,Amsterdam,sale,61.8
6137,2026-05-11,Amsterdam,sale,80.72
6138,2026-05-11,Amsterdam,sale,88.56
6139,2026-05-11,Amsterdam,sale,74.49
6140,2026-05-11,Amsterdam,sale,131.03
6141,2026-05-11,Amsterdam,sale,63.49
6142,2026-05-11,Amsterdam,sale,128.14
6143,2026-05-11,Berlin,sale,139.25
6144,2026-05-11,Berlin,sale,173.51
6145,2026-05-11,Berlin,sale,178.7
6146,2026-05-11,Berlin,sale,26.29
6147,2026-05-11,Berlin,sale,117.81
6148,2026-05-11,Berlin,sale,65.91
6149,2026-05-11,Berlin,sale,139.18
6150,2026-05-11,Berlin,sale,153.68
6151,2026-05-11,Berlin,sale,36.35
6152,2026-05-11,Berlin,sale,31.7
6153,2026-05-11,Berlin,sale,162.55
6154,2026-05-11,Berlin,sale,160.94
6155,2026-05-11,Berlin,sale,132.36
6156,2026-05-11,Berlin,sale,96.64
6157,2026-05-11,Berlin,sale,90.7
6158,2026-05-11,Berlin,sale,165.82
6159,2026-05-11,Berlin,sale,73.12
6160,2026-05-11,Berlin,sale,124.88
6161,2026-05-11,Berlin,sale,77.25
6162,2026-05-11,Berlin,sale,113.62
6163,2026-05-11,Berlin,sale,137.42
6164,2026-05-11,Berlin,sale,31.31
6165,2026-05-11,Berlin,sale,66.72
6166,2026-05-11,Berlin,sale,22.29
6167,2026-05-11,Berlin,sale,38.45
6168,2026-05-11,Berlin,sale,163.36
6169,2026-05-11,Berlin,sale,57.82
6170,2026-05-11,Berlin,sale,145.07
6171,2026-05-11,Berlin,sale,7.31
6172,2026-05-11,Berlin,sale,176.15
6173,2026-05-11,Berlin,sale,72.6
6174,2026-05-11,Berlin,sale,65.15
6175,2026-05-11,Berlin,sale,151.61
6176,2026-05-11,Berlin,sale,128.67
6177,2026-05-11,Berlin,sale,15.45
6178,2026-05-11,Berlin,sale,94.22
6179,2026-05-11,Berlin,sale,101.47
6180,2026-05-11,Berlin,sale,35.43
6181,2026-05-11,Berlin,sale,120.56
6182,2026-05-11,Berlin,sale,176.1
6183,2026-05-11,Berlin,sale,46.52
6184,2026-05-11,Berlin,sale,133.91
6185,2026-05-11,Berlin,sale,131.32
6186,2026-05-11,Berlin,sale,166.18
6187,2026-05-11,Berlin,sale,22.04
6188,2026-05-11,Copenhagen,sale,153.62
6189,2026-05-11,Copenhagen,sale,146.09
6190,2026-05-11,Copenhagen,sale,43.71
6191,2026-05-11,Copenhagen,sale,115.61
6192,2026-05-11,Copenhagen,sale,124.04
6193,2026-05-11,Copenhagen,sale,59.86
6194,2026-05-11,Copenhagen,sale,41.16
6195,2026-05-11,Copenhagen,sale,175.38
6196,2026-05-11,Copenhagen,sale,60.85
6197,2026-05-11,Copenhagen,sale,102.14
6198,2026-05-11,Copenhagen,sale,173.12
6199,2026-05-11,Copenhagen,refund,-82.08
6200,2026-05-11,Copenhagen,refund,-62.83
6201,2026-05-11,Copenhagen,sale,126.67
6202,2026-05-11,Copenhagen,sale,60.45
6203,2026-05-11,Dublin,sale,20.04
6204,2026-05-11,Dublin,sale,89.28
6205,2026-05-11,Dublin,sale,17.86
6206,2026-05-11,Dublin,sale,154.65
6207,2026-05-11,Dublin,sale,108.33
6208,2026-05-11,Dublin,sale,85.36
6209,2026-05-11,Dublin,sale,74.14
6210,2026-05-11,Dublin,sale,12.98
6211,2026-05-11,Dublin,sale,28.84
6212,2026-05-11,Dublin,sale,125.41
6213,2026-05-11,Dublin,sale,78.02
6214,2026-05-11,Dublin,sale,13.46
6215,2026-05-11,Dublin,sale,71.6
6216,2026-05-11,Dublin,sale,17.74
6217,2026-05-11,Dublin,sale,166.34
6218,2026-05-11,Dublin,sale,6.23
6219,2026-05-11,Dublin,sale,100.9
6220,2026-05-11,Dublin,sale,132.48
6221,2026-05-11,Dublin,sale,128.82
6222,2026-05-11,Dublin,sale,77.4
6223,2026-05-11,Dublin,sale,51.32
6224,2026-05-11,Dublin,sale,138.59
6225,2026-05-11,Dublin,sale,32.99
6226,2026-05-11,Dublin,sale,77.34
6227,2026-05-11,Dublin,sale,173.78
6228,2026-05-11,Dublin,sale,115.66
6229,2026-05-11,Dublin,sale,108.74
6230,2026-05-11,Edinburgh,sale,15.04
6231,2026-05-11,Edinburgh,sale,85.71
6232,2026-05-11,Edinburgh,sale,27.23
6233,2026-05-11,Edinburgh,sale,66.96
6234,2026-05-11,Edinburgh,sale,58.68
6235,2026-05-11,Edinburgh,sale,145.49
6236,2026-05-11,Edinburgh,sale,111.89
6237,2026-05-11,Edinburgh,sale,31.92
6238,2026-05-11,Edinburgh,sale,45.4
6239,2026-05-11,Edinburgh,sale,130.26
6240,2026-05-11,Edinburgh,sale,10.85
6241,2026-05-11,Edinburgh,sale,42.27
6242,2026-05-11,Edinburgh,sale,37.4
6243,2026-05-11,Edinburgh,sale,128.97
6244,2026-05-11,Edinburgh,sale,98.51
6245,2026-05-11,Edinburgh,sale,134.97
6246,2026-05-11,Edinburgh,sale,171.16
6247,2026-05-11,Edinburgh,sale,157.17
6248,2026-05-11,Edinburgh,sale,110.29
6249,2026-05-11,Edinburgh,sale,105.77
6250,2026-05-11,Florence,sale,128.99
6251,2026-05-11,Florence,sale,157.96
6252,2026-05-11,Florence,sale,162.75
6253,2026-05-11,Florence,sale,88.4
6254,2026-05-11,Florence,sale,144.98
6255,2026-05-11,Florence,sale,70.21
6256,2026-05-11,Florence,sale,14.57
6257,2026-05-11,Florence,sale,35.48
6258,2026-05-11,Florence,sale,118.7
6259,2026-05-11,Florence,sale,67.88
6260,2026-05-11,Florence,sale,141.57
6261,2026-05-11,Florence,refund,-98.52
6262,2026-05-11,Florence,sale,36.78
6263,2026-05-11,Florence,sale,93.63
6264,2026-05-11,Florence,sale,33.62
6265,2026-05-11,Florence,sale,66.68
6266,2026-05-11,Florence,refund,-160.92
6267,2026-05-11,Florence,sale,20.74
6268,2026-05-11,Florence,sale,99.21
6269,2026-05-11,Florence,sale,146.19
6270,2026-05-11,Florence,sale,96.77
6271,2026-05-11,Florence,sale,46.32
6272,2026-05-11,Florence,sale,177.96
6273,2026-05-11,Florence,sale,17.23
6274,2026-05-11,Florence,sale,164.5
6275,2026-05-11,Florence,sale,51.06
6276,2026-05-11,Florence,sale,91.06
6277,2026-05-12,Amsterdam,sale,102.96
6278,2026-05-12,Amsterdam,sale,99.82
6279,2026-05-12,Amsterdam,sale,11.34
6280,2026-05-12,Amsterdam,sale,42.35
6281,2026-05-12,Amsterdam,sale,81.04
6282,2026-05-12,Amsterdam,sale,108.26
6283,2026-05-12,Amsterdam,sale,9.59
6284,2026-05-12,Amsterdam,sale,87.71
6285,2026-05-12,Amsterdam,sale,19.49
6286,2026-05-12,Amsterdam,sale,88.17
6287,2026-05-12,Amsterdam,sale,34.51
6288,2026-05-12,Amsterdam,refund,-94.35
6289,2026-05-12,Amsterdam,sale,125.83
6290,2026-05-12,Amsterdam,sale,88.99
6291,2026-05-12,Amsterdam,sale,115.71
6292,2026-05-12,Amsterdam,sale,87.21
6293,2026-05-12,Amsterdam,sale,83.74
6294,2026-05-12,Amsterdam,refund,-112.34
6295,2026-05-12,Amsterdam,sale,149.12
6296,2026-05-12,Amsterdam,sale,63.02
6297,2026-05-12,Amsterdam,sale,157.77
6298,2026-05-12,Amsterdam,sale,28.56
6299,2026-05-12,Amsterdam,sale,95.65
6300,2026-05-12,Amsterdam,sale,155.48
6301,2026-05-12,Amsterdam,sale,32.14
6302,2026-05-12,Amsterdam,refund,-43.8
6303,2026-05-12,Amsterdam,sale,149.51
6304,2026-05-12,Amsterdam,refund,-84.94
6305,2026-05-12,Amsterdam,sale,147.24
6306,2026-05-12,Amsterdam,sale,47.84
6307,2026-05-12,Amsterdam,sale,99.12
6308,2026-05-12,Amsterdam,sale,74.97
6309,2026-05-12,Amsterdam,sale,108.73
6310,2026-05-12,Berlin,sale,143.46
6311,2026-05-12,Berlin,sale,82.17
6312,2026-05-12,Berlin,sale,115.84
6313,2026-05-12,Berlin,sale,167.79
6314,2026-05-12,Berlin,sale,60.01
6315,2026-05-12,Berlin,sale,168.68
6316,2026-05-12,Berlin,sale,96.12
6317,2026-05-12,Berlin,sale,16.94
6318,2026-05-12,Berlin,sale,14.64
6319,2026-05-12,Berlin,sale,45.96
6320,2026-05-12,Berlin,sale,79.75
6321,2026-05-12,Berlin,sale,46.92
6322,2026-05-12,Berlin,sale,18.12
6323,2026-05-12,Berlin,sale,123.87
6324,2026-05-12,Berlin,sale,62.59
6325,2026-05-12,Berlin,sale,127.53
6326,2026-05-12,Berlin,sale,55.24
6327,2026-05-12,Berlin,sale,174.09
6328,2026-05-12,Berlin,sale,172.91
6329,2026-05-12,Berlin,sale,91.32
6330,2026-05-12,Berlin,sale,8.67
6331,2026-05-12,Berlin,sale,141.08
6332,2026-05-12,Berlin,sale,48.26
6333,2026-05-12,Berlin,sale,127.31
6334,2026-05-12,Berlin,sale,170.22
6335,2026-05-12,Berlin,sale,81.67
6336,2026-05-12,Berlin,sale,76.05
6337,2026-05-12,Berlin,sale,146.72
6338,2026-05-12,Berlin,sale,120.8
6339,2026-05-12,Berlin,refund,-136.06
6340,2026-05-12,Berlin,sale,124.45
6341,2026-05-12,Berlin,sale,92.74
6342,2026-05-12,Berlin,sale,114.0
6343,2026-05-12,Berlin,sale,139.8
6344,2026-05-12,Berlin,sale,172.64
6345,2026-05-12,Berlin,sale,109.14
6346,2026-05-12,Berlin,sale,110.73
6347,2026-05-12,Berlin,sale,83.18
6348,2026-05-12,Berlin,sale,129.76
6349,2026-05-12,Berlin,sale,122.44
6350,2026-05-12,Copenhagen,sale,51.29
6351,2026-05-12,Copenhagen,refund,-36.85
6352,2026-05-12,Copenhagen,refund,-99.48
6353,2026-05-12,Copenhagen,sale,149.6
6354,2026-05-12,Copenhagen,sale,125.46
6355,2026-05-12,Copenhagen,sale,166.08
6356,2026-05-12,Copenhagen,sale,29.68
6357,2026-05-12,Copenhagen,sale,24.31
6358,2026-05-12,Copenhagen,sale,115.48
6359,2026-05-12,Copenhagen,sale,19.28
6360,2026-05-12,Copenhagen,sale,97.7
6361,2026-05-12,Copenhagen,sale,57.43
6362,2026-05-12,Dublin,sale,169.68
6363,2026-05-12,Dublin,sale,97.5
6364,2026-05-12,Dublin,sale,111.29
6365,2026-05-12,Dublin,sale,64.89
6366,2026-05-12,Dublin,refund,-31.54
6367,2026-05-12,Dublin,sale,146.64
6368,2026-05-12,Dublin,refund,-33.68
6369,2026-05-12,Dublin,sale,22.5
6370,2026-05-12,Dublin,sale,81.6
6371,2026-05-12,Dublin,sale,64.17
6372,2026-05-12,Dublin,sale,84.03
6373,2026-05-12,Dublin,sale,91.4
6374,2026-05-12,Dublin,sale,133.34
6375,2026-05-12,Dublin,refund,-83.21
6376,2026-05-12,Dublin,sale,107.75
6377,2026-05-12,Dublin,sale,30.53
6378,2026-05-12,Dublin,sale,122.76
6379,2026-05-12,Dublin,sale,76.52
6380,2026-05-12,Dublin,refund,-110.2
6381,2026-05-12,Dublin,sale,130.1
6382,2026-05-12,Dublin,sale,10.9
6383,2026-05-12,Dublin,sale,9.33
6384,2026-05-12,Dublin,sale,95.5
6385,2026-05-12,Dublin,refund,-40.31
6386,2026-05-12,Dublin,sale,45.37
6387,2026-05-12,Dublin,sale,17.61
6388,2026-05-12,Dublin,sale,124.09
6389,2026-05-12,Dublin,sale,137.44
6390,2026-05-12,Dublin,sale,40.75
6391,2026-05-12,Dublin,sale,177.22
6392,2026-05-12,Edinburgh,sale,75.98
6393,2026-05-12,Edinburgh,sale,112.85
6394,2026-05-12,Edinburgh,sale,142.68
6395,2026-05-12,Edinburgh,sale,88.42
6396,2026-05-12,Edinburgh,sale,158.54
6397,2026-05-12,Edinburgh,sale,67.43
6398,2026-05-12,Edinburgh,sale,94.28
6399,2026-05-12,Edinburgh,sale,121.12
6400,2026-05-12,Edinburgh,sale,48.65
6401,2026-05-12,Edinburgh,sale,178.23
6402,2026-05-12,Edinburgh,sale,142.27
6403,2026-05-12,Edinburgh,sale,63.92
6404,2026-05-12,Edinburgh,sale,165.88
6405,2026-05-12,Edinburgh,sale,92.25
6406,2026-05-12,Edinburgh,sale,38.72
6407,2026-05-12,Edinburgh,sale,60.7
6408,2026-05-12,Edinburgh,sale,70.9
6409,2026-05-12,Florence,sale,59.95
6410,2026-05-12,Florence,sale,142.08
6411,2026-05-12,Florence,sale,141.86
6412,2026-05-12,Florence,sale,98.21
6413,2026-05-12,Florence,sale,76.48
6414,2026-05-12,Florence,sale,166.59
6415,2026-05-12,Florence,sale,5.51
6416,2026-05-12,Florence,sale,21.13
6417,2026-05-12,Florence,sale,91.26
6418,2026-05-12,Florence,sale,67.59
6419,2026-05-12,Florence,sale,93.51
6420,2026-05-12,Florence,sale,150.05
6421,2026-05-12,Florence,sale,146.73
6422,2026-05-12,Florence,sale,34.94
6423,2026-05-12,Florence,refund,-176.57
6424,2026-05-12,Florence,sale,83.41
6425,2026-05-12,Florence,sale,146.78
6426,2026-05-12,Florence,sale,167.42
6427,2026-05-12,Florence,sale,157.62
6428,2026-05-12,Florence,sale,101.6
6429,2026-05-12,Florence,sale,150.01
6430,2026-05-13,Amsterdam,sale,131.99
6431,2026-05-13,Amsterdam,sale,144.63
6432,2026-05-13,Amsterdam,sale,63.36
6433,2026-05-13,Amsterdam,sale,115.82
6434,2026-05-13,Amsterdam,sale,172.45
6435,2026-05-13,Amsterdam,sale,8.7
6436,2026-05-13,Amsterdam,sale,100.35
6437,2026-05-13,Amsterdam,refund,-76.24
6438,2026-05-13,Amsterdam,sale,133.24
6439,2026-05-13,Amsterdam,sale,32.59
6440,2026-05-13,Amsterdam,sale,23.89
6441,2026-05-13,Amsterdam,sale,133.12
6442,2026-05-13,Amsterdam,sale,126.79
6443,2026-05-13,Amsterdam,sale,125.55
6444,2026-05-13,Amsterdam,refund,-147.54
6445,2026-05-13,Amsterdam,sale,31.05
6446,2026-05-13,Amsterdam,sale,131.64
6447,2026-05-13,Amsterdam,sale,169.62
6448,2026-05-13,Amsterdam,sale,86.36
6449,2026-05-13,Amsterdam,sale,81.01
6450,2026-05-13,Amsterdam,sale,59.17
6451,2026-05-13,Amsterdam,sale,164.0
6452,2026-05-13,Amsterdam,sale,19.64
6453,2026-05-13,Amsterdam,sale,175.8
6454,2026-05-13,Amsterdam,sale,155.69
6455,2026-05-13,Amsterdam,sale,170.47
6456,2026-05-13,Amsterdam,sale,152.86
6457,2026-05-13,Amsterdam,sale,155.59
6458,2026-05-13,Amsterdam,sale,41.74
6459,2026-05-13,Amsterdam,sale,156.4
6460,2026-05-13,Amsterdam,sale,151.23
6461,2026-05-13,Amsterdam,sale,66.44
6462,2026-05-13,Amsterdam,sale,16.75
6463,2026-05-13,Amsterdam,sale,100.98
6464,2026-05-13,Berlin,sale,151.7
6465,2026-05-13,Berlin,sale,125.61
6466,2026-05-13,Berlin,refund,-167.3
6467,2026-05-13,Berlin,sale,131.52
6468,2026-05-13,Berlin,sale,80.3
6469,2026-05-13,Berlin,sale,13.32
6470,2026-05-13,Berlin,sale,176.46
6471,2026-05-13,Berlin,sale,5.57
6472,2026-05-13,Berlin,sale,5.25
6473,2026-05-13,Berlin,sale,75.17
6474,2026-05-13,Berlin,sale,77.57
6475,2026-05-13,Berlin,sale,90.37
6476,2026-05-13,Berlin,sale,153.93
6477,2026-05-13,Berlin,sale,68.51
6478,2026-05-13,Berlin,sale,13.58
6479,2026-05-13,Berlin,sale,33.66
6480,2026-05-13,Berlin,sale,39.49
6481,2026-05-13,Berlin,sale,62.46
6482,2026-05-13,Berlin,sale,169.75
6483,2026-05-13,Berlin,sale,164.93
6484,2026-05-13,Berlin,sale,144.65
6485,2026-05-13,Berlin,sale,138.13
6486,2026-05-13,Berlin,sale,12.74
6487,2026-05-13,Berlin,sale,46.22
6488,2026-05-13,Berlin,sale,59.45
6489,2026-05-13,Berlin,sale,102.15
6490,2026-05-13,Berlin,sale,7.11
6491,2026-05-13,Berlin,sale,155.58
6492,2026-05-13,Berlin,sale,126.22
6493,2026-05-13,Berlin,sale,30.47
6494,2026-05-13,Berlin,sale,97.12
6495,2026-05-13,Berlin,sale,178.43
6496,2026-05-13,Berlin,sale,42.55
6497,2026-05-13,Berlin,sale,70.55
6498,2026-05-13,Berlin,sale,17.47
6499,2026-05-13,Berlin,sale,73.32
6500,2026-05-13,Berlin,sale,177.83
6501,2026-05-13,Berlin,sale,50.38
6502,2026-05-13,Berlin,sale,164.8
6503,2026-05-13,Berlin,sale,57.58
6504,2026-05-13,Berlin,sale,52.42
6505,2026-05-13,Berlin,sale,26.95
6506,2026-05-13,Berlin,sale,125.89
6507,2026-05-13,Copenhagen,sale,68.08
6508,2026-05-13,Copenhagen,sale,120.69
6509,2026-05-13,Copenhagen,sale,18.37
6510,2026-05-13,Copenhagen,sale,128.79
6511,2026-05-13,Copenhagen,sale,83.6
6512,2026-05-13,Copenhagen,sale,64.04
6513,2026-05-13,Copenhagen,sale,131.52
6514,2026-05-13,Copenhagen,sale,110.1
6515,2026-05-13,Copenhagen,sale,172.89
6516,2026-05-13,Dublin,sale,55.43
6517,2026-05-13,Dublin,sale,169.16
6518,2026-05-13,Dublin,sale,24.66
6519,2026-05-13,Dublin,sale,71.51
6520,2026-05-13,Dublin,sale,49.87
6521,2026-05-13,Dublin,sale,131.08
6522,2026-05-13,Dublin,sale,25.14
6523,2026-05-13,Dublin,sale,110.3
6524,2026-05-13,Dublin,sale,152.4
6525,2026-05-13,Dublin,sale,88.44
6526,2026-05-13,Dublin,sale,97.84
6527,2026-05-13,Dublin,sale,34.7
6528,2026-05-13,Dublin,sale,148.32
6529,2026-05-13,Dublin,sale,29.88
6530,2026-05-13,Dublin,sale,59.79
6531,2026-05-13,Dublin,sale,19.84
6532,2026-05-13,Dublin,sale,72.5
6533,2026-05-13,Dublin,sale,65.89
6534,2026-05-13,Dublin,sale,19.91
6535,2026-05-13,Dublin,sale,35.91
6536,2026-05-13,Dublin,sale,34.42
6537,2026-05-13,Dublin,sale,31.73
6538,2026-05-13,Dublin,sale,25.29
6539,2026-05-13,Edinburgh,sale,146.57
6540,2026-05-13,Edinburgh,sale,151.76
6541,2026-05-13,Edinburgh,sale,100.68
6542,2026-05-13,Edinburgh,sale,105.42
6543,2026-05-13,Edinburgh,sale,134.89
6544,2026-05-13,Edinburgh,sale,25.66
6545,2026-05-13,Edinburgh,sale,95.39
6546,2026-05-13,Edinburgh,sale,121.99
6547,2026-05-13,Edinburgh,sale,121.51
6548,2026-05-13,Edinburgh,sale,124.44
6549,2026-05-13,Edinburgh,sale,48.75
6550,2026-05-13,Edinburgh,sale,70.52
6551,2026-05-13,Edinburgh,sale,88.82
6552,2026-05-13,Edinburgh,sale,115.22
6553,2026-05-13,Edinburgh,sale,159.9
6554,2026-05-13,Edinburgh,refund,-101.46
6555,2026-05-13,Edinburgh,sale,159.21
6556,2026-05-13,Edinburgh,sale,166.43
6557,2026-05-13,Edinburgh,sale,19.67
6558,2026-05-13,Edinburgh,sale,47.14
6559,2026-05-13,Edinburgh,sale,98.17
6560,2026-05-13,Edinburgh,sale,36.54
6561,2026-05-13,Florence,sale,67.23
6562,2026-05-13,Florence,sale,36.25
6563,2026-05-13,Florence,sale,56.18
6564,2026-05-13,Florence,sale,7.95
6565,2026-05-13,Florence,sale,165.29
6566,2026-05-13,Florence,sale,106.9
6567,2026-05-13,Florence,sale,46.74
6568,2026-05-13,Florence,sale,44.16
6569,2026-05-13,Florence,sale,53.09
6570,2026-05-13,Florence,sale,8.38
6571,2026-05-13,Florence,sale,70.45
6572,2026-05-13,Florence,sale,147.51
6573,2026-05-13,Florence,sale,32.82
6574,2026-05-13,Florence,sale,83.91
6575,2026-05-13,Florence,sale,166.59
6576,2026-05-13,Florence,sale,127.85
6577,2026-05-13,Florence,sale,145.93
6578,2026-05-13,Florence,sale,135.09
6579,2026-05-13,Florence,sale,131.77
6580,2026-05-13,Florence,sale,157.79
6581,2026-05-13,Florence,sale,108.84
6582,2026-05-14,Amsterdam,sale,77.3
6583,2026-05-14,Amsterdam,sale,89.55
6584,2026-05-14,Amsterdam,sale,101.63
6585,2026-05-14,Amsterdam,sale,123.64
6586,2026-05-14,Amsterdam,sale,175.84
6587,2026-05-14,Amsterdam,sale,68.8
6588,2026-05-14,Amsterdam,sale,61.78
6589,2026-05-14,Amsterdam,sale,128.38
6590,2026-05-14,Amsterdam,sale,97.21
6591,2026-05-14,Amsterdam,sale,131.55
6592,2026-05-14,Amsterdam,sale,142.51
6593,2026-05-14,Amsterdam,sale,146.64
6594,2026-05-14,Amsterdam,sale,150.78
6595,2026-05-14,Amsterdam,sale,114.94
6596,2026-05-14,Amsterdam,sale,78.98
6597,2026-05-14,Amsterdam,sale,6.4
6598,2026-05-14,Amsterdam,sale,93.18
6599,2026-05-14,Amsterdam,sale,135.43
6600,2026-05-14,Amsterdam,sale,67.54
6601,2026-05-14,Amsterdam,sale,131.26
6602,2026-05-14,Amsterdam,sale,21.56
6603,2026-05-14,Amsterdam,sale,90.44
6604,2026-05-14,Amsterdam,sale,177.71
6605,2026-05-14,Amsterdam,sale,109.26
6606,2026-05-14,Amsterdam,sale,48.57
6607,2026-05-14,Amsterdam,sale,94.01
6608,2026-05-14,Amsterdam,sale,46.18
6609,2026-05-14,Amsterdam,sale,116.19
6610,2026-05-14,Amsterdam,sale,171.87
6611,2026-05-14,Amsterdam,sale,128.77
6612,2026-05-14,Berlin,sale,39.31
6613,2026-05-14,Berlin,sale,173.11
6614,2026-05-14,Berlin,sale,114.07
6615,2026-05-14,Berlin,sale,110.64
6616,2026-05-14,Berlin,sale,5.29
6617,2026-05-14,Berlin,sale,117.83
6618,2026-05-14,Berlin,sale,54.61
6619,2026-05-14,Berlin,sale,57.66
6620,2026-05-14,Berlin,refund,-60.2
6621,2026-05-14,Berlin,sale,112.59
6622,2026-05-14,Berlin,sale,81.67
6623,2026-05-14,Berlin,sale,15.86
6624,2026-05-14,Berlin,sale,30.41
6625,2026-05-14,Berlin,sale,62.51
6626,2026-05-14,Berlin,sale,9.51
6627,2026-05-14,Berlin,sale,172.8
6628,2026-05-14,Berlin,sale,99.9
6629,2026-05-14,Berlin,sale,164.16
6630,2026-05-14,Berlin,sale,17.67
6631,2026-05-14,Berlin,refund,-23.03
6632,2026-05-14,Berlin,sale,154.07
6633,2026-05-14,Berlin,sale,168.06
6634,2026-05-14,Berlin,sale,147.55
6635,2026-05-14,Berlin,sale,156.17
6636,2026-05-14,Berlin,sale,26.25
6637,2026-05-14,Berlin,sale,169.54
6638,2026-05-14,Berlin,sale,175.47
6639,2026-05-14,Berlin,sale,21.46
6640,2026-05-14,Berlin,sale,87.67
6641,2026-05-14,Berlin,sale,177.78
6642,2026-05-14,Berlin,sale,73.57
6643,2026-05-14,Berlin,sale,106.48
6644,2026-05-14,Berlin,sale,144.52
6645,2026-05-14,Berlin,sale,34.72
6646,2026-05-14,Berlin,sale,63.43
6647,2026-05-14,Berlin,sale,107.45
6648,2026-05-14,Berlin,sale,106.33
6649,2026-05-14,Berlin,sale,80.63
6650,2026-05-14,Berlin,sale,155.41
6651,2026-05-14,Berlin,sale,33.2
6652,2026-05-14,Copenhagen,sale,142.96
6653,2026-05-14,Copenhagen,refund,-24.24
6654,2026-05-14,Copenhagen,sale,146.08
6655,2026-05-14,Copenhagen,sale,88.12
6656,2026-05-14,Copenhagen,sale,148.85
6657,2026-05-14,Copenhagen,sale,58.51
6658,2026-05-14,Copenhagen,sale,32.33
6659,2026-05-14,Copenhagen,sale,22.57
6660,2026-05-14,Copenhagen,sale,117.51
6661,2026-05-14,Copenhagen,sale,172.39
6662,2026-05-14,Copenhagen,sale,166.13
6663,2026-05-14,Copenhagen,sale,8.05
6664,2026-05-14,Copenhagen,sale,33.12
6665,2026-05-14,Dublin,sale,62.28
6666,2026-05-14,Dublin,sale,113.37
6667,2026-05-14,Dublin,sale,170.61
6668,2026-05-14,Dublin,sale,135.58
6669,2026-05-14,Dublin,sale,114.34
6670,2026-05-14,Dublin,sale,169.12
6671,2026-05-14,Dublin,sale,145.36
6672,2026-05-14,Dublin,sale,17.38
6673,2026-05-14,Dublin,sale,42.75
6674,2026-05-14,Dublin,sale,100.57
6675,2026-05-14,Dublin,sale,140.99
6676,2026-05-14,Dublin,sale,155.21
6677,2026-05-14,Dublin,sale,134.33
6678,2026-05-14,Dublin,sale,126.63
6679,2026-05-14,Dublin,sale,43.6
6680,2026-05-14,Dublin,sale,87.06
6681,2026-05-14,Dublin,sale,61.86
6682,2026-05-14,Dublin,sale,26.24
6683,2026-05-14,Dublin,sale,52.98
6684,2026-05-14,Dublin,sale,173.09
6685,2026-05-14,Dublin,sale,42.19
6686,2026-05-14,Dublin,sale,125.59
6687,2026-05-14,Dublin,sale,33.88
6688,2026-05-14,Dublin,sale,141.99
6689,2026-05-14,Dublin,sale,81.1
6690,2026-05-14,Dublin,sale,24.96
6691,2026-05-14,Dublin,sale,98.5
6692,2026-05-14,Edinburgh,sale,164.89
6693,2026-05-14,Edinburgh,sale,41.97
6694,2026-05-14,Edinburgh,sale,166.48
6695,2026-05-14,Edinburgh,sale,94.24
6696,2026-05-14,Edinburgh,sale,82.04
6697,2026-05-14,Edinburgh,sale,92.45
6698,2026-05-14,Edinburgh,sale,22.2
6699,2026-05-14,Edinburgh,sale,103.93
6700,2026-05-14,Edinburgh,sale,145.79
6701,2026-05-14,Edinburgh,sale,38.84
6702,2026-05-14,Edinburgh,sale,7.94
6703,2026-05-14,Edinburgh,sale,31.19
6704,2026-05-14,Edinburgh,sale,16.47
6705,2026-05-14,Edinburgh,sale,175.96
6706,2026-05-14,Edinburgh,sale,7.71
6707,2026-05-14,Florence,sale,165.07
6708,2026-05-14,Florence,sale,167.27
6709,2026-05-14,Florence,sale,125.97
6710,2026-05-14,Florence,sale,170.24
6711,2026-05-14,Florence,sale,41.37
6712,2026-05-14,Florence,sale,30.33
6713,2026-05-14,Florence,sale,33.31
6714,2026-05-14,Florence,sale,157.24
6715,2026-05-14,Florence,sale,85.74
6716,2026-05-14,Florence,sale,10.88
6717,2026-05-14,Florence,sale,154.5
6718,2026-05-14,Florence,sale,80.75
6719,2026-05-14,Florence,sale,18.18
6720,2026-05-14,Florence,sale,131.74
6721,2026-05-14,Florence,sale,140.44
6722,2026-05-14,Florence,sale,34.93
6723,2026-05-14,Florence,sale,58.48
6724,2026-05-14,Florence,sale,178.1
6725,2026-05-14,Florence,sale,104.82
6726,2026-05-14,Florence,sale,32.15
6727,2026-05-14,Florence,sale,107.03
6728,2026-05-14,Florence,sale,171.62
6729,2026-05-14,Florence,sale,16.74
6730,2026-05-15,Amsterdam,sale,17.74
6731,2026-05-15,Amsterdam,sale,97.35
6732,2026-05-15,Amsterdam,sale,37.86
6733,2026-05-15,Amsterdam,sale,62.42
6734,2026-05-15,Amsterdam,sale,84.63
6735,2026-05-15,Amsterdam,sale,69.3
6736,2026-05-15,Amsterdam,sale,57.69
6737,2026-05-15,Amsterdam,sale,111.93
6738,2026-05-15,Amsterdam,sale,91.7
6739,2026-05-15,Amsterdam,sale,76.65
6740,2026-05-15,Amsterdam,sale,163.78
6741,2026-05-15,Amsterdam,sale,80.56
6742,2026-05-15,Amsterdam,sale,110.35
6743,2026-05-15,Amsterdam,sale,165.5
6744,2026-05-15,Amsterdam,sale,142.08
6745,2026-05-15,Amsterdam,sale,75.54
6746,2026-05-15,Amsterdam,sale,76.29
6747,2026-05-15,Amsterdam,sale,67.62
6748,2026-05-15,Amsterdam,sale,124.79
6749,2026-05-15,Amsterdam,sale,111.82
6750,2026-05-15,Amsterdam,sale,175.21
6751,2026-05-15,Amsterdam,sale,25.17
6752,2026-05-15,Amsterdam,sale,71.26
6753,2026-05-15,Amsterdam,sale,135.31
6754,2026-05-15,Amsterdam,sale,33.62
6755,2026-05-15,Amsterdam,sale,126.33
6756,2026-05-15,Amsterdam,sale,79.01
6757,2026-05-15,Amsterdam,refund,-66.98
6758,2026-05-15,Amsterdam,sale,172.65
6759,2026-05-15,Berlin,sale,102.73
6760,2026-05-15,Berlin,sale,46.13
6761,2026-05-15,Berlin,sale,115.12
6762,2026-05-15,Berlin,sale,32.46
6763,2026-05-15,Berlin,refund,-148.6
6764,2026-05-15,Berlin,sale,33.67
6765,2026-05-15,Berlin,sale,154.47
6766,2026-05-15,Berlin,sale,63.95
6767,2026-05-15,Berlin,sale,156.22
6768,2026-05-15,Berlin,sale,175.33
6769,2026-05-15,Berlin,sale,98.95
6770,2026-05-15,Berlin,sale,130.6
6771,2026-05-15,Berlin,sale,69.95
6772,2026-05-15,Berlin,sale,91.75
6773,2026-05-15,Berlin,sale,132.74
6774,2026-05-15,Berlin,sale,119.57
6775,2026-05-15,Berlin,sale,66.85
6776,2026-05-15,Berlin,sale,161.11
6777,2026-05-15,Berlin,sale,157.62
6778,2026-05-15,Berlin,sale,35.63
6779,2026-05-15,Berlin,sale,51.52
6780,2026-05-15,Berlin,sale,120.12
6781,2026-05-15,Berlin,sale,38.66
6782,2026-05-15,Berlin,sale,100.56
6783,2026-05-15,Berlin,sale,150.46
6784,2026-05-15,Berlin,refund,-26.05
6785,2026-05-15,Berlin,sale,52.96
6786,2026-05-15,Berlin,sale,67.02
6787,2026-05-15,Berlin,sale,94.91
6788,2026-05-15,Berlin,refund,-131.38
6789,2026-05-15,Berlin,sale,33.63
6790,2026-05-15,Berlin,sale,84.12
6791,2026-05-15,Berlin,sale,85.65
6792,2026-05-15,Berlin,sale,71.47
6793,2026-05-15,Berlin,sale,30.33
6794,2026-05-15,Berlin,sale,72.82
6795,2026-05-15,Berlin,sale,155.99
6796,2026-05-15,Berlin,sale,5.35
6797,2026-05-15,Berlin,sale,78.54
6798,2026-05-15,Berlin,sale,12.9
6799,2026-05-15,Berlin,sale,140.97
6800,2026-05-15,Berlin,sale,131.46
6801,2026-05-15,Berlin,sale,61.01
6802,2026-05-15,Berlin,sale,33.45
6803,2026-05-15,Berlin,sale,164.52
6804,2026-05-15,Berlin,sale,64.99
6805,2026-05-15,Berlin,sale,52.5
6806,2026-05-15,Berlin,sale,114.69
6807,2026-05-15,Berlin,sale,154.96
6808,2026-05-15,Copenhagen,sale,127.9
6809,2026-05-15,Copenhagen,refund,-21.93
6810,2026-05-15,Copenhagen,refund,-15.13
6811,2026-05-15,Copenhagen,sale,87.56
6812,2026-05-15,Copenhagen,sale,130.15
6813,2026-05-15,Copenhagen,refund,-134.42
6814,2026-05-15,Copenhagen,sale,120.82
6815,2026-05-15,Copenhagen,sale,118.64
6816,2026-05-15,Copenhagen,sale,65.51
6817,2026-05-15,Copenhagen,sale,117.63
6818,2026-05-15,Copenhagen,sale,98.93
6819,2026-05-15,Copenhagen,sale,156.83
6820,2026-05-15,Dublin,sale,15.09
6821,2026-05-15,Dublin,sale,82.16
6822,2026-05-15,Dublin,sale,46.35
6823,2026-05-15,Dublin,sale,143.62
6824,2026-05-15,Dublin,sale,84.16
6825,2026-05-15,Dublin,sale,94.55
6826,2026-05-15,Dublin,sale,100.22
6827,2026-05-15,Dublin,sale,89.06
6828,2026-05-15,Dublin,sale,143.21
6829,2026-05-15,Dublin,sale,109.63
6830,2026-05-15,Dublin,sale,176.58
6831,2026-05-15,Dublin,sale,61.08
6832,2026-05-15,Dublin,sale,90.36
6833,2026-05-15,Dublin,sale,131.42
6834,2026-05-15,Dublin,sale,60.62
6835,2026-05-15,Dublin,sale,80.24
6836,2026-05-15,Dublin,sale,25.95
6837,2026-05-15,Dublin,sale,154.5
6838,2026-05-15,Dublin,sale,116.74
6839,2026-05-15,Dublin,sale,59.42
6840,2026-05-15,Dublin,sale,140.74
6841,2026-05-15,Edinburgh,sale,37.62
6842,2026-05-15,Edinburgh,sale,108.22
6843,2026-05-15,Edinburgh,sale,119.3
6844,2026-05-15,Edinburgh,sale,165.3
6845,2026-05-15,Edinburgh,sale,118.41
6846,2026-05-15,Edinburgh,sale,164.19
6847,2026-05-15,Edinburgh,sale,179.24
6848,2026-05-15,Edinburgh,sale,19.45
6849,2026-05-15,Edinburgh,sale,140.82
6850,2026-05-15,Edinburgh,sale,160.2
6851,2026-05-15,Edinburgh,sale,52.18
6852,2026-05-15,Edinburgh,sale,90.8
6853,2026-05-15,Edinburgh,sale,108.05
6854,2026-05-15,Edinburgh,sale,150.49
6855,2026-05-15,Edinburgh,sale,99.21
6856,2026-05-15,Edinburgh,sale,83.87
6857,2026-05-15,Edinburgh,sale,80.34
6858,2026-05-15,Edinburgh,sale,171.99
6859,2026-05-15,Edinburgh,sale,106.8
6860,2026-05-15,Edinburgh,sale,133.38
6861,2026-05-15,Edinburgh,sale,139.98
6862,2026-05-15,Edinburgh,sale,76.71
6863,2026-05-15,Florence,sale,27.06
6864,2026-05-15,Florence,sale,127.54
6865,2026-05-15,Florence,sale,118.98
6866,2026-05-15,Florence,sale,35.4
6867,2026-05-15,Florence,refund,-97.63
6868,2026-05-15,Florence,refund,-150.87
6869,2026-05-15,Florence,sale,68.96
6870,2026-05-15,Florence,sale,177.68
6871,2026-05-15,Florence,sale,14.01
6872,2026-05-15,Florence,sale,157.29
6873,2026-05-15,Florence,sale,147.12
6874,2026-05-15,Florence,sale,104.89
6875,2026-05-15,Florence,sale,171.46
6876,2026-05-15,Florence,sale,170.81
6877,2026-05-15,Florence,refund,-26.72
6878,2026-05-15,Florence,sale,115.71
6879,2026-05-15,Florence,sale,144.44
6880,2026-05-15,Florence,sale,103.38
6881,2026-05-15,Florence,sale,39.27
6882,2026-05-16,Amsterdam,sale,35.82
6883,2026-05-16,Amsterdam,sale,154.63
6884,2026-05-16,Amsterdam,sale,58.74
6885,2026-05-16,Amsterdam,sale,64.65
6886,2026-05-16,Amsterdam,sale,45.59
6887,2026-05-16,Amsterdam,sale,5.91
6888,2026-05-16,Amsterdam,sale,122.71
6889,2026-05-16,Amsterdam,sale,69.37
6890,2026-05-16,Amsterdam,sale,150.79
6891,2026-05-16,Amsterdam,sale,97.79
6892,2026-05-16,Amsterdam,refund,-145.0
6893,2026-05-16,Amsterdam,sale,45.31
6894,2026-05-16,Amsterdam,sale,174.5
6895,2026-05-16,Amsterdam,sale,114.31
6896,2026-05-16,Amsterdam,sale,61.17
6897,2026-05-16,Amsterdam,sale,55.16
6898,2026-05-16,Amsterdam,sale,154.53
6899,2026-05-16,Amsterdam,sale,80.94
6900,2026-05-16,Amsterdam,sale,36.95
6901,2026-05-16,Amsterdam,sale,172.93
6902,2026-05-16,Amsterdam,sale,51.45
6903,2026-05-16,Amsterdam,sale,158.17
6904,2026-05-16,Amsterdam,sale,129.16
6905,2026-05-16,Amsterdam,sale,6.01
6906,2026-05-16,Amsterdam,sale,168.4
6907,2026-05-16,Amsterdam,sale,78.71
6908,2026-05-16,Amsterdam,sale,98.01
6909,2026-05-16,Amsterdam,sale,133.66
6910,2026-05-16,Amsterdam,sale,25.98
6911,2026-05-16,Amsterdam,sale,175.39
6912,2026-05-16,Amsterdam,sale,36.23
6913,2026-05-16,Amsterdam,sale,89.48
6914,2026-05-16,Amsterdam,sale,53.54
6915,2026-05-16,Amsterdam,sale,60.71
6916,2026-05-16,Amsterdam,sale,109.74
6917,2026-05-16,Berlin,sale,156.71
6918,2026-05-16,Berlin,sale,42.49
6919,2026-05-16,Berlin,sale,7.8
6920,2026-05-16,Berlin,sale,115.2
6921,2026-05-16,Berlin,sale,153.97
6922,2026-05-16,Berlin,sale,13.53
6923,2026-05-16,Berlin,sale,114.48
6924,2026-05-16,Berlin,sale,115.94
6925,2026-05-16,Berlin,sale,104.36
6926,2026-05-16,Berlin,sale,16.45
6927,2026-05-16,Berlin,sale,96.99
6928,2026-05-16,Berlin,sale,172.41
6929,2026-05-16,Berlin,sale,173.97
6930,2026-05-16,Berlin,refund,-23.62
6931,2026-05-16,Berlin,sale,9.2
6932,2026-05-16,Berlin,sale,144.83
6933,2026-05-16,Berlin,sale,84.07
6934,2026-05-16,Berlin,sale,19.85
6935,2026-05-16,Berlin,refund,-117.64
6936,2026-05-16,Berlin,sale,8.2
6937,2026-05-16,Berlin,sale,153.23
6938,2026-05-16,Berlin,sale,29.12
6939,2026-05-16,Berlin,sale,147.15
6940,2026-05-16,Berlin,sale,90.67
6941,2026-05-16,Berlin,sale,172.25
6942,2026-05-16,Berlin,sale,150.07
6943,2026-05-16,Berlin,sale,133.91
6944,2026-05-16,Berlin,sale,91.24
6945,2026-05-16,Berlin,sale,49.65
6946,2026-05-16,Berlin,sale,158.08
6947,2026-05-16,Berlin,sale,100.88
6948,2026-05-16,Berlin,sale,109.85
6949,2026-05-16,Berlin,sale,22.82
6950,2026-05-16,Berlin,sale,12.61
6951,2026-05-16,Berlin,sale,170.85
6952,2026-05-16,Berlin,sale,140.99
6953,2026-05-16,Berlin,sale,81.55
6954,2026-05-16,Berlin,sale,48.14
6955,2026-05-16,Berlin,sale,161.13
6956,2026-05-16,Berlin,sale,108.6
6957,2026-05-16,Berlin,sale,93.83
6958,2026-05-16,Berlin,sale,76.19
6959,2026-05-16,Berlin,sale,83.48
6960,2026-05-16,Berlin,sale,173.04
6961,2026-05-16,Berlin,sale,113.38
6962,2026-05-16,Berlin,sale,109.82
6963,2026-05-16,Berlin,sale,90.93
6964,2026-05-16,Berlin,sale,153.43
6965,2026-05-16,Berlin,sale,104.73
6966,2026-05-16,Copenhagen,sale,77.79
6967,2026-05-16,Copenhagen,sale,125.01
6968,2026-05-16,Copenhagen,sale,161.78
6969,2026-05-16,Copenhagen,sale,144.08
6970,2026-05-16,Copenhagen,sale,41.56
6971,2026-05-16,Copenhagen,sale,95.54
6972,2026-05-16,Copenhagen,sale,107.43
6973,2026-05-16,Copenhagen,refund,-52.92
6974,2026-05-16,Copenhagen,sale,85.22
6975,2026-05-16,Copenhagen,sale,111.94
6976,2026-05-16,Copenhagen,sale,62.15
6977,2026-05-16,Copenhagen,sale,167.81
6978,2026-05-16,Copenhagen,sale,75.18
6979,2026-05-16,Copenhagen,sale,11.35
6980,2026-05-16,Copenhagen,sale,5.23
6981,2026-05-16,Copenhagen,sale,149.78
6982,2026-05-16,Copenhagen,sale,98.27
6983,2026-05-16,Dublin,refund,-74.41
6984,2026-05-16,Dublin,sale,18.79
6985,2026-05-16,Dublin,sale,152.38
6986,2026-05-16,Dublin,sale,175.33
6987,2026-05-16,Dublin,sale,114.29
6988,2026-05-16,Dublin,sale,165.77
6989,2026-05-16,Dublin,sale,130.12
6990,2026-05-16,Dublin,sale,48.99
6991,2026-05-16,Dublin,refund,-91.87
6992,2026-05-16,Dublin,sale,67.78
6993,2026-05-16,Dublin,sale,179.03
6994,2026-05-16,Dublin,sale,102.37
6995,2026-05-16,Dublin,sale,7.1
6996,2026-05-16,Dublin,sale,19.95
6997,2026-05-16,Dublin,sale,109.99
6998,2026-05-16,Dublin,sale,30.97
6999,2026-05-16,Dublin,sale,15.93
7000,2026-05-16,Dublin,sale,57.82
7001,2026-05-16,Dublin,sale,141.46
7002,2026-05-16,Dublin,sale,36.09
7003,2026-05-16,Dublin,sale,85.75
7004,2026-05-16,Dublin,sale,37.65
7005,2026-05-16,Dublin,sale,46.73
7006,2026-05-16,Dublin,sale,115.38
7007,2026-05-16,Dublin,sale,63.12
7008,2026-05-16,Dublin,sale,6.58
7009,2026-05-16,Dublin,sale,9.57
7010,2026-05-16,Dublin,sale,29.75
7011,2026-05-16,Dublin,sale,39.13
7012,2026-05-16,Dublin,sale,46.48
7013,2026-05-16,Edinburgh,sale,32.09
7014,2026-05-16,Edinburgh,sale,57.64
7015,2026-05-16,Edinburgh,sale,177.84
7016,2026-05-16,Edinburgh,sale,152.73
7017,2026-05-16,Edinburgh,sale,143.32
7018,2026-05-16,Edinburgh,sale,76.27
7019,2026-05-16,Edinburgh,sale,156.87
7020,2026-05-16,Edinburgh,sale,176.23
7021,2026-05-16,Edinburgh,sale,54.38
7022,2026-05-16,Edinburgh,sale,174.99
7023,2026-05-16,Edinburgh,sale,21.07
7024,2026-05-16,Edinburgh,sale,109.68
7025,2026-05-16,Edinburgh,sale,39.28
7026,2026-05-16,Edinburgh,sale,90.92
7027,2026-05-16,Edinburgh,sale,122.34
7028,2026-05-16,Edinburgh,sale,116.62
7029,2026-05-16,Edinburgh,sale,156.74
7030,2026-05-16,Edinburgh,sale,72.7
7031,2026-05-16,Edinburgh,sale,101.56
7032,2026-05-16,Edinburgh,sale,119.78
7033,2026-05-16,Edinburgh,sale,123.8
7034,2026-05-16,Florence,sale,9.45
7035,2026-05-16,Florence,sale,177.01
7036,2026-05-16,Florence,sale,11.45
7037,2026-05-16,Florence,sale,72.71
7038,2026-05-16,Florence,sale,101.34
7039,2026-05-16,Florence,sale,75.63
7040,2026-05-16,Florence,sale,121.48
7041,2026-05-16,Florence,sale,108.12
7042,2026-05-16,Florence,sale,115.91
7043,2026-05-16,Florence,sale,58.03
7044,2026-05-16,Florence,sale,71.6
7045,2026-05-16,Florence,sale,168.93
7046,2026-05-16,Florence,sale,108.21
7047,2026-05-16,Florence,sale,115.3
7048,2026-05-16,Florence,sale,65.8
7049,2026-05-16,Florence,sale,137.66
7050,2026-05-16,Florence,sale,92.12
7051,2026-05-16,Florence,sale,40.52
7052,2026-05-16,Florence,sale,139.75
7053,2026-05-16,Florence,sale,176.74
7054,2026-05-16,Florence,sale,23.34
7055,2026-05-16,Florence,sale,40.67
7056,2026-05-16,Florence,sale,145.96
7057,2026-05-16,Florence,sale,115.09
7058,2026-05-16,Florence,sale,117.39
7059,2026-05-17,Amsterdam,sale,166.8
7060,2026-05-17,Amsterdam,sale,89.23
7061,2026-05-17,Amsterdam,sale,151.71
7062,2026-05-17,Amsterdam,sale,38.78
7063,2026-05-17,Amsterdam,sale,45.11
7064,2026-05-17,Amsterdam,sale,125.38
7065,2026-05-17,Amsterdam,sale,130.33
7066,2026-05-17,Amsterdam,sale,59.07
7067,2026-05-17,Amsterdam,sale,137.01
7068,2026-05-17,Amsterdam,sale,28.95
7069,2026-05-17,Amsterdam,sale,133.8
7070,2026-05-17,Amsterdam,sale,29.41
7071,2026-05-17,Amsterdam,sale,70.3
7072,2026-05-17,Amsterdam,sale,98.81
7073,2026-05-17,Amsterdam,sale,115.21
7074,2026-05-17,Amsterdam,sale,102.9
7075,2026-05-17,Amsterdam,sale,122.88
7076,2026-05-17,Amsterdam,sale,145.52
7077,2026-05-17,Amsterdam,sale,61.31
7078,2026-05-17,Amsterdam,sale,131.47
7079,2026-05-17,Amsterdam,sale,40.43
7080,2026-05-17,Amsterdam,sale,161.7
7081,2026-05-17,Amsterdam,sale,110.66
7082,2026-05-17,Amsterdam,sale,130.57
7083,2026-05-17,Amsterdam,sale,127.42
7084,2026-05-17,Amsterdam,sale,83.86
7085,2026-05-17,Amsterdam,sale,56.62
7086,2026-05-17,Amsterdam,sale,133.54
7087,2026-05-17,Amsterdam,sale,49.23
7088,2026-05-17,Amsterdam,sale,42.75
7089,2026-05-17,Amsterdam,sale,177.84
7090,2026-05-17,Amsterdam,sale,19.41
7091,2026-05-17,Amsterdam,sale,103.72
7092,2026-05-17,Amsterdam,sale,91.5
7093,2026-05-17,Amsterdam,sale,108.42
7094,2026-05-17,Berlin,sale,148.1
7095,2026-05-17,Berlin,sale,30.4
7096,2026-05-17,Berlin,sale,66.62
7097,2026-05-17,Berlin,sale,103.32
7098,2026-05-17,Berlin,sale,81.63
7099,2026-05-17,Berlin,sale,60.83
7100,2026-05-17,Berlin,sale,99.58
7101,2026-05-17,Berlin,sale,77.49
7102,2026-05-17,Berlin,sale,115.08
7103,2026-05-17,Berlin,sale,56.24
7104,2026-05-17,Berlin,sale,140.8
7105,2026-05-17,Berlin,sale,57.43
7106,2026-05-17,Berlin,sale,12.53
7107,2026-05-17,Berlin,refund,-115.23
7108,2026-05-17,Berlin,sale,51.52
7109,2026-05-17,Berlin,sale,135.99
7110,2026-05-17,Berlin,sale,49.64
7111,2026-05-17,Berlin,sale,179.87
7112,2026-05-17,Berlin,sale,28.81
7113,2026-05-17,Berlin,sale,128.91
7114,2026-05-17,Berlin,sale,127.94
7115,2026-05-17,Berlin,sale,57.13
7116,2026-05-17,Berlin,sale,55.03
7117,2026-05-17,Berlin,sale,61.49
7118,2026-05-17,Berlin,sale,166.9
7119,2026-05-17,Berlin,sale,175.58
7120,2026-05-17,Berlin,sale,174.03
7121,2026-05-17,Berlin,sale,177.39
7122,2026-05-17,Berlin,sale,140.34
7123,2026-05-17,Berlin,sale,41.04
7124,2026-05-17,Berlin,sale,124.65
7125,2026-05-17,Berlin,sale,37.0
7126,2026-05-17,Berlin,sale,31.15
7127,2026-05-17,Berlin,sale,103.76
7128,2026-05-17,Berlin,sale,70.95
7129,2026-05-17,Berlin,sale,133.96
7130,2026-05-17,Berlin,sale,21.76
7131,2026-05-17,Berlin,refund,-162.76
7132,2026-05-17,Berlin,sale,137.23
7133,2026-05-17,Berlin,sale,177.97
7134,2026-05-17,Berlin,sale,59.45
7135,2026-05-17,Berlin,sale,111.87
7136,2026-05-17,Berlin,sale,124.19
7137,2026-05-17,Copenhagen,sale,54.55
7138,2026-05-17,Copenhagen,refund,-37.28
7139,2026-05-17,Copenhagen,sale,159.61
7140,2026-05-17,Copenhagen,sale,59.34
7141,2026-05-17,Copenhagen,sale,134.4
7142,2026-05-17,Copenhagen,sale,19.04
7143,2026-05-17,Copenhagen,sale,175.99
7144,2026-05-17,Copenhagen,sale,94.95
7145,2026-05-17,Copenhagen,refund,-153.96
7146,2026-05-17,Copenhagen,sale,117.65
7147,2026-05-17,Copenhagen,sale,8.53
7148,2026-05-17,Copenhagen,sale,158.41
7149,2026-05-17,Copenhagen,sale,122.11
7150,2026-05-17,Copenhagen,sale,50.3
7151,2026-05-17,Copenhagen,sale,83.43
7152,2026-05-17,Copenhagen,sale,171.02
7153,2026-05-17,Copenhagen,sale,55.26
7154,2026-05-17,Dublin,sale,74.57
7155,2026-05-17,Dublin,sale,51.19
7156,2026-05-17,Dublin,sale,142.45
7157,2026-05-17,Dublin,sale,24.6
7158,2026-05-17,Dublin,sale,130.13
7159,2026-05-17,Dublin,sale,166.57
7160,2026-05-17,Dublin,sale,153.59
7161,2026-05-17,Dublin,sale,133.14
7162,2026-05-17,Dublin,sale,115.14
7163,2026-05-17,Dublin,sale,148.08
7164,2026-05-17,Dublin,sale,59.69
7165,2026-05-17,Dublin,sale,140.82
7166,2026-05-17,Dublin,sale,132.39
7167,2026-05-17,Dublin,sale,77.03
7168,2026-05-17,Dublin,sale,91.43
7169,2026-05-17,Dublin,sale,154.0
7170,2026-05-17,Dublin,sale,104.8
7171,2026-05-17,Dublin,sale,123.45
7172,2026-05-17,Dublin,sale,33.25
7173,2026-05-17,Dublin,sale,127.75
7174,2026-05-17,Dublin,sale,94.6
7175,2026-05-17,Dublin,sale,116.29
7176,2026-05-17,Dublin,sale,157.33
7177,2026-05-17,Dublin,sale,72.21
7178,2026-05-17,Dublin,sale,57.52
7179,2026-05-17,Dublin,sale,30.63
7180,2026-05-17,Dublin,sale,151.08
7181,2026-05-17,Dublin,sale,175.92
7182,2026-05-17,Edinburgh,sale,136.11
7183,2026-05-17,Edinburgh,sale,24.97
7184,2026-05-17,Edinburgh,sale,52.54
7185,2026-05-17,Edinburgh,sale,106.91
7186,2026-05-17,Edinburgh,sale,116.99
7187,2026-05-17,Edinburgh,sale,20.91
7188,2026-05-17,Edinburgh,sale,159.48
7189,2026-05-17,Edinburgh,sale,65.02
7190,2026-05-17,Edinburgh,refund,-132.36
7191,2026-05-17,Edinburgh,sale,179.31
7192,2026-05-17,Edinburgh,sale,75.11
7193,2026-05-17,Edinburgh,sale,135.01
7194,2026-05-17,Edinburgh,sale,33.07
7195,2026-05-17,Edinburgh,sale,36.47
7196,2026-05-17,Edinburgh,sale,163.89
7197,2026-05-17,Florence,sale,157.81
7198,2026-05-17,Florence,sale,99.86
7199,2026-05-17,Florence,sale,16.34
7200,2026-05-17,Florence,sale,90.45
7201,2026-05-17,Florence,sale,45.26
7202,2026-05-17,Florence,sale,135.43
7203,2026-05-17,Florence,sale,79.07
7204,2026-05-17,Florence,sale,118.98
7205,2026-05-17,Florence,sale,111.61
7206,2026-05-17,Florence,sale,130.02
7207,2026-05-17,Florence,sale,112.72
7208,2026-05-17,Florence,sale,143.59
7209,2026-05-17,Florence,sale,143.93
7210,2026-05-17,Florence,refund,-54.27
7211,2026-05-17,Florence,sale,30.68
7212,2026-05-17,Florence,sale,133.43
7213,2026-05-17,Florence,sale,97.04
7214,2026-05-17,Florence,sale,34.09
7215,2026-05-17,Florence,sale,153.99
7216,2026-05-18,Amsterdam,sale,174.77
7217,2026-05-18,Amsterdam,sale,145.81
7218,2026-05-18,Amsterdam,sale,174.3
7219,2026-05-18,Amsterdam,sale,71.82
7220,2026-05-18,Amsterdam,sale,34.29
7221,2026-05-18,Amsterdam,sale,124.56
7222,2026-05-18,Amsterdam,sale,7.88
7223,2026-05-18,Amsterdam,sale,105.27
7224,2026-05-18,Amsterdam,sale,134.9
7225,2026-05-18,Amsterdam,sale,89.09
7226,2026-05-18,Amsterdam,sale,32.78
7227,2026-05-18,Amsterdam,sale,118.24
7228,2026-05-18,Amsterdam,sale,83.34
7229,2026-05-18,Amsterdam,sale,7.91
7230,2026-05-18,Amsterdam,sale,27.88
7231,2026-05-18,Amsterdam,sale,18.1
7232,2026-05-18,Amsterdam,sale,13.71
7233,2026-05-18,Amsterdam,sale,97.03
7234,2026-05-18,Amsterdam,sale,90.83
7235,2026-05-18,Amsterdam,sale,67.44
7236,2026-05-18,Amsterdam,sale,129.59
7237,2026-05-18,Amsterdam,sale,173.07
7238,2026-05-18,Amsterdam,sale,154.29
7239,2026-05-18,Amsterdam,sale,81.81
7240,2026-05-18,Amsterdam,sale,131.55
7241,2026-05-18,Berlin,sale,124.93
7242,2026-05-18,Berlin,sale,110.27
7243,2026-05-18,Berlin,sale,61.93
7244,2026-05-18,Berlin,sale,64.94
7245,2026-05-18,Berlin,sale,108.5
7246,2026-05-18,Berlin,sale,39.68
7247,2026-05-18,Berlin,sale,125.98
7248,2026-05-18,Berlin,sale,32.57
7249,2026-05-18,Berlin,sale,40.49
7250,2026-05-18,Berlin,sale,13.57
7251,2026-05-18,Berlin,sale,163.08
7252,2026-05-18,Berlin,sale,95.05
7253,2026-05-18,Berlin,sale,57.2
7254,2026-05-18,Berlin,sale,26.74
7255,2026-05-18,Berlin,sale,52.29
7256,2026-05-18,Berlin,sale,27.4
7257,2026-05-18,Berlin,sale,171.48
7258,2026-05-18,Berlin,refund,-25.99
7259,2026-05-18,Berlin,sale,123.25
7260,2026-05-18,Berlin,sale,63.11
7261,2026-05-18,Berlin,sale,141.22
7262,2026-05-18,Berlin,sale,94.69
7263,2026-05-18,Berlin,sale,96.8
7264,2026-05-18,Berlin,sale,22.3
7265,2026-05-18,Berlin,sale,106.49
7266,2026-05-18,Berlin,sale,54.7
7267,2026-05-18,Berlin,sale,114.94
7268,2026-05-18,Berlin,sale,50.6
7269,2026-05-18,Berlin,sale,88.08
7270,2026-05-18,Berlin,sale,132.89
7271,2026-05-18,Berlin,sale,127.78
7272,2026-05-18,Berlin,sale,37.46
7273,2026-05-18,Berlin,sale,101.47
7274,2026-05-18,Berlin,sale,44.0
7275,2026-05-18,Berlin,refund,-144.71
7276,2026-05-18,Berlin,sale,34.82
7277,2026-05-18,Berlin,sale,82.83
7278,2026-05-18,Berlin,sale,11.58
7279,2026-05-18,Berlin,sale,25.23
7280,2026-05-18,Berlin,sale,113.21
7281,2026-05-18,Berlin,sale,69.11
7282,2026-05-18,Berlin,sale,97.98
7283,2026-05-18,Copenhagen,sale,18.23
7284,2026-05-18,Copenhagen,sale,179.15
7285,2026-05-18,Copenhagen,sale,20.41
7286,2026-05-18,Copenhagen,sale,125.04
7287,2026-05-18,Copenhagen,refund,-24.83
7288,2026-05-18,Copenhagen,sale,114.65
7289,2026-05-18,Copenhagen,sale,60.86
7290,2026-05-18,Copenhagen,sale,136.22
7291,2026-05-18,Copenhagen,refund,-88.98
7292,2026-05-18,Copenhagen,sale,40.31
7293,2026-05-18,Copenhagen,sale,130.93
7294,2026-05-18,Copenhagen,sale,8.68
7295,2026-05-18,Copenhagen,sale,7.8
7296,2026-05-18,Dublin,sale,123.89
7297,2026-05-18,Dublin,sale,133.82
7298,2026-05-18,Dublin,sale,128.2
7299,2026-05-18,Dublin,sale,24.52
7300,2026-05-18,Dublin,sale,164.52
7301,2026-05-18,Dublin,sale,26.26
7302,2026-05-18,Dublin,sale,119.14
7303,2026-05-18,Dublin,sale,88.36
7304,2026-05-18,Dublin,sale,170.54
7305,2026-05-18,Dublin,sale,65.44
7306,2026-05-18,Dublin,sale,93.15
7307,2026-05-18,Dublin,sale,116.71
7308,2026-05-18,Dublin,refund,-93.56
7309,2026-05-18,Dublin,sale,58.94
7310,2026-05-18,Dublin,sale,164.0
7311,2026-05-18,Dublin,sale,172.65
7312,2026-05-18,Dublin,sale,119.2
7313,2026-05-18,Dublin,sale,87.35
7314,2026-05-18,Dublin,sale,29.31
7315,2026-05-18,Dublin,sale,17.67
7316,2026-05-18,Dublin,sale,60.32
7317,2026-05-18,Dublin,sale,73.54
7318,2026-05-18,Edinburgh,sale,81.87
7319,2026-05-18,Edinburgh,sale,164.71
7320,2026-05-18,Edinburgh,sale,165.88
7321,2026-05-18,Edinburgh,sale,179.87
7322,2026-05-18,Edinburgh,sale,101.59
7323,2026-05-18,Edinburgh,sale,119.45
7324,2026-05-18,Edinburgh,sale,144.61
7325,2026-05-18,Edinburgh,sale,67.03
7326,2026-05-18,Edinburgh,sale,82.13
7327,2026-05-18,Edinburgh,sale,37.69
7328,2026-05-18,Edinburgh,sale,143.49
7329,2026-05-18,Edinburgh,sale,18.94
7330,2026-05-18,Edinburgh,sale,84.2
7331,2026-05-18,Edinburgh,sale,90.73
7332,2026-05-18,Edinburgh,sale,20.16
7333,2026-05-18,Edinburgh,sale,32.32
7334,2026-05-18,Edinburgh,sale,179.19
7335,2026-05-18,Edinburgh,sale,22.13
7336,2026-05-18,Edinburgh,sale,117.94
7337,2026-05-18,Edinburgh,sale,160.77
7338,2026-05-18,Edinburgh,sale,76.92
7339,2026-05-18,Edinburgh,sale,71.99
7340,2026-05-18,Florence,sale,154.45
7341,2026-05-18,Florence,sale,147.52
7342,2026-05-18,Florence,sale,111.72
7343,2026-05-18,Florence,sale,93.83
7344,2026-05-18,Florence,sale,149.87
7345,2026-05-18,Florence,sale,34.83
7346,2026-05-18,Florence,sale,35.41
7347,2026-05-18,Florence,sale,29.98
7348,2026-05-18,Florence,sale,6.0
7349,2026-05-18,Florence,sale,11.27
7350,2026-05-18,Florence,sale,119.54
7351,2026-05-18,Florence,sale,99.39
7352,2026-05-18,Florence,sale,102.17
7353,2026-05-18,Florence,sale,158.75
7354,2026-05-18,Florence,sale,96.65
7355,2026-05-18,Florence,sale,107.13
7356,2026-05-18,Florence,sale,103.98
7357,2026-05-18,Florence,sale,110.64
7358,2026-05-18,Florence,sale,56.46
7359,2026-05-18,Florence,sale,131.93
7360,2026-05-18,Florence,sale,115.17
7361,2026-05-18,Florence,sale,93.04
7362,2026-05-19,Amsterdam,sale,75.81
7363,2026-05-19,Amsterdam,sale,169.99
7364,2026-05-19,Amsterdam,sale,44.74
7365,2026-05-19,Amsterdam,sale,87.52
7366,2026-05-19,Amsterdam,sale,91.42
7367,2026-05-19,Amsterdam,sale,73.35
7368,2026-05-19,Amsterdam,sale,113.71
7369,2026-05-19,Amsterdam,sale,30.29
7370,2026-05-19,Amsterdam,sale,66.79
7371,2026-05-19,Amsterdam,sale,47.4
7372,2026-05-19,Amsterdam,sale,30.9
7373,2026-05-19,Amsterdam,sale,157.64
7374,2026-05-19,Amsterdam,sale,75.44
7375,2026-05-19,Amsterdam,sale,151.04
7376,2026-05-19,Amsterdam,sale,162.64
7377,2026-05-19,Amsterdam,sale,12.99
7378,2026-05-19,Amsterdam,sale,90.84
7379,2026-05-19,Amsterdam,sale,9.51
7380,2026-05-19,Amsterdam,sale,25.07
7381,2026-05-19,Amsterdam,sale,157.09
7382,2026-05-19,Amsterdam,sale,70.76
7383,2026-05-19,Amsterdam,sale,154.09
7384,2026-05-19,Amsterdam,sale,158.38
7385,2026-05-19,Amsterdam,sale,29.15
7386,2026-05-19,Amsterdam,sale,149.6
7387,2026-05-19,Amsterdam,sale,152.23
7388,2026-05-19,Amsterdam,sale,115.47
7389,2026-05-19,Amsterdam,sale,116.41
7390,2026-05-19,Amsterdam,sale,82.02
7391,2026-05-19,Amsterdam,sale,120.5
7392,2026-05-19,Amsterdam,sale,10.14
7393,2026-05-19,Berlin,sale,166.31
7394,2026-05-19,Berlin,sale,160.88
7395,2026-05-19,Berlin,sale,23.88
7396,2026-05-19,Berlin,sale,23.03
7397,2026-05-19,Berlin,sale,73.53
7398,2026-05-19,Berlin,sale,60.14
7399,2026-05-19,Berlin,sale,32.88
7400,2026-05-19,Berlin,sale,50.11
7401,2026-05-19,Berlin,sale,108.43
7402,2026-05-19,Berlin,sale,111.12
7403,2026-05-19,Berlin,sale,23.61
7404,2026-05-19,Berlin,sale,162.78
7405,2026-05-19,Berlin,sale,6.53
7406,2026-05-19,Berlin,sale,49.59
7407,2026-05-19,Berlin,sale,104.7
7408,2026-05-19,Berlin,sale,13.87
7409,2026-05-19,Berlin,sale,104.58
7410,2026-05-19,Berlin,sale,16.69
7411,2026-05-19,Berlin,sale,158.09
7412,2026-05-19,Berlin,sale,122.38
7413,2026-05-19,Berlin,sale,66.07
7414,2026-05-19,Berlin,sale,58.14
7415,2026-05-19,Berlin,sale,91.9
7416,2026-05-19,Berlin,sale,96.9
7417,2026-05-19,Berlin,sale,22.91
7418,2026-05-19,Berlin,sale,77.74
7419,2026-05-19,Berlin,sale,80.39
7420,2026-05-19,Berlin,sale,139.18
7421,2026-05-19,Berlin,sale,128.15
7422,2026-05-19,Berlin,sale,11.14
7423,2026-05-19,Berlin,refund,-72.92
7424,2026-05-19,Berlin,sale,73.59
7425,2026-05-19,Berlin,sale,110.08
7426,2026-05-19,Berlin,sale,42.33
7427,2026-05-19,Berlin,sale,122.64
7428,2026-05-19,Berlin,sale,155.19
7429,2026-05-19,Berlin,sale,32.63
7430,2026-05-19,Berlin,sale,112.94
7431,2026-05-19,Berlin,sale,18.71
7432,2026-05-19,Berlin,sale,23.41
7433,2026-05-19,Berlin,sale,34.76
7434,2026-05-19,Berlin,sale,148.23
7435,2026-05-19,Berlin,sale,85.94
7436,2026-05-19,Copenhagen,sale,38.66
7437,2026-05-19,Copenhagen,sale,54.54
7438,2026-05-19,Copenhagen,refund,-78.77
7439,2026-05-19,Copenhagen,sale,55.74
7440,2026-05-19,Copenhagen,sale,137.82
7441,2026-05-19,Copenhagen,sale,57.81
7442,2026-05-19,Copenhagen,sale,161.22
7443,2026-05-19,Copenhagen,refund,-87.65
7444,2026-05-19,Copenhagen,sale,10.8
7445,2026-05-19,Copenhagen,sale,13.22
7446,2026-05-19,Copenhagen,refund,-70.48
7447,2026-05-19,Copenhagen,sale,87.24
7448,2026-05-19,Dublin,sale,111.94
7449,2026-05-19,Dublin,sale,34.19
7450,2026-05-19,Dublin,sale,92.69
7451,2026-05-19,Dublin,sale,101.19
7452,2026-05-19,Dublin,sale,59.6
7453,2026-05-19,Dublin,refund,-30.41
7454,2026-05-19,Dublin,sale,124.74
7455,2026-05-19,Dublin,sale,68.41
7456,2026-05-19,Dublin,sale,20.64
7457,2026-05-19,Dublin,sale,162.78
7458,2026-05-19,Dublin,sale,134.62
7459,2026-05-19,Dublin,sale,152.36
7460,2026-05-19,Dublin,sale,44.89
7461,2026-05-19,Dublin,sale,155.52
7462,2026-05-19,Dublin,sale,50.79
7463,2026-05-19,Dublin,sale,74.17
7464,2026-05-19,Dublin,sale,141.9
7465,2026-05-19,Dublin,sale,163.05
7466,2026-05-19,Dublin,sale,146.01
7467,2026-05-19,Dublin,sale,8.84
7468,2026-05-19,Dublin,sale,34.09
7469,2026-05-19,Edinburgh,sale,20.4
7470,2026-05-19,Edinburgh,sale,72.14
7471,2026-05-19,Edinburgh,sale,70.44
7472,2026-05-19,Edinburgh,sale,91.72
7473,2026-05-19,Edinburgh,sale,122.9
7474,2026-05-19,Edinburgh,sale,95.8
7475,2026-05-19,Edinburgh,sale,69.87
7476,2026-05-19,Edinburgh,sale,70.76
7477,2026-05-19,Edinburgh,sale,92.14
7478,2026-05-19,Edinburgh,sale,165.93
7479,2026-05-19,Edinburgh,sale,6.7
7480,2026-05-19,Edinburgh,sale,93.02
7481,2026-05-19,Edinburgh,sale,176.19
7482,2026-05-19,Edinburgh,sale,151.02
7483,2026-05-19,Edinburgh,sale,53.91
7484,2026-05-19,Edinburgh,sale,132.77
7485,2026-05-19,Edinburgh,sale,41.29
7486,2026-05-19,Edinburgh,sale,103.29
7487,2026-05-19,Edinburgh,sale,108.68
7488,2026-05-19,Edinburgh,sale,30.98
7489,2026-05-19,Edinburgh,sale,7.6
7490,2026-05-19,Edinburgh,sale,172.68
7491,2026-05-19,Florence,sale,112.49
7492,2026-05-19,Florence,sale,145.0
7493,2026-05-19,Florence,sale,40.36
7494,2026-05-19,Florence,sale,85.02
7495,2026-05-19,Florence,sale,94.28
7496,2026-05-19,Florence,sale,61.0
7497,2026-05-19,Florence,sale,126.07
7498,2026-05-19,Florence,sale,148.84
7499,2026-05-19,Florence,sale,8.7
7500,2026-05-19,Florence,sale,32.92
7501,2026-05-19,Florence,sale,125.54
7502,2026-05-19,Florence,sale,146.31
7503,2026-05-19,Florence,sale,172.59
7504,2026-05-19,Florence,sale,95.14
7505,2026-05-19,Florence,sale,58.64
7506,2026-05-19,Florence,sale,133.4
7507,2026-05-19,Florence,sale,117.17
7508,2026-05-19,Florence,sale,81.11
7509,2026-05-19,Florence,sale,105.61
7510,2026-05-19,Florence,sale,36.27
7511,2026-05-19,Florence,sale,97.97
7512,2026-05-19,Florence,sale,158.92
7513,2026-05-19,Florence,sale,93.9
7514,2026-05-19,Florence,sale,167.46
7515,2026-05-19,Florence,sale,27.68
7516,2026-05-20,Amsterdam,sale,175.98
7517,2026-05-20,Amsterdam,sale,75.75
7518,2026-05-20,Amsterdam,sale,175.38
7519,2026-05-20,Amsterdam,sale,127.41
7520,2026-05-20,Amsterdam,sale,85.09
7521,2026-05-20,Amsterdam,sale,176.82
7522,2026-05-20,Amsterdam,sale,158.26
7523,2026-05-20,Amsterdam,sale,96.1
7524,2026-05-20,Amsterdam,sale,46.89
7525,2026-05-20,Amsterdam,sale,57.16
7526,2026-05-20,Amsterdam,sale,52.81
7527,2026-05-20,Amsterdam,sale,87.57
7528,2026-05-20,Amsterdam,sale,146.45
7529,2026-05-20,Amsterdam,sale,109.87
7530,2026-05-20,Amsterdam,sale,103.74
7531,2026-05-20,Amsterdam,sale,37.87
7532,2026-05-20,Amsterdam,sale,39.08
7533,2026-05-20,Amsterdam,sale,14.19
7534,2026-05-20,Amsterdam,sale,58.94
7535,2026-05-20,Amsterdam,sale,158.45
7536,2026-05-20,Amsterdam,sale,165.03
7537,2026-05-20,Amsterdam,sale,47.26
7538,2026-05-20,Amsterdam,sale,80.58
7539,2026-05-20,Amsterdam,sale,168.59
7540,2026-05-20,Amsterdam,sale,17.18
7541,2026-05-20,Amsterdam,sale,101.63
7542,2026-05-20,Amsterdam,sale,64.36
7543,2026-05-20,Amsterdam,sale,92.41
7544,2026-05-20,Amsterdam,sale,90.85
7545,2026-05-20,Amsterdam,sale,140.29
7546,2026-05-20,Amsterdam,sale,48.35
7547,2026-05-20,Amsterdam,sale,9.17
7548,2026-05-20,Amsterdam,sale,131.61
7549,2026-05-20,Amsterdam,sale,30.84
7550,2026-05-20,Amsterdam,sale,140.73
7551,2026-05-20,Berlin,sale,176.67
7552,2026-05-20,Berlin,refund,-173.26
7553,2026-05-20,Berlin,sale,62.03
7554,2026-05-20,Berlin,sale,93.59
7555,2026-05-20,Berlin,sale,6.14
7556,2026-05-20,Berlin,sale,38.57
7557,2026-05-20,Berlin,sale,30.53
7558,2026-05-20,Berlin,sale,153.51
7559,2026-05-20,Berlin,sale,14.76
7560,2026-05-20,Berlin,sale,141.41
7561,2026-05-20,Berlin,sale,117.3
7562,2026-05-20,Berlin,sale,51.17
7563,2026-05-20,Berlin,sale,116.43
7564,2026-05-20,Berlin,sale,21.5
7565,2026-05-20,Berlin,sale,75.55
7566,2026-05-20,Berlin,sale,101.91
7567,2026-05-20,Berlin,sale,117.31
7568,2026-05-20,Berlin,sale,6.87
7569,2026-05-20,Berlin,sale,15.89
7570,2026-05-20,Berlin,sale,8.26
7571,2026-05-20,Berlin,sale,17.08
7572,2026-05-20,Berlin,sale,9.75
7573,2026-05-20,Berlin,sale,36.51
7574,2026-05-20,Berlin,sale,149.87
7575,2026-05-20,Berlin,sale,110.5
7576,2026-05-20,Berlin,sale,137.18
7577,2026-05-20,Berlin,sale,118.07
7578,2026-05-20,Berlin,sale,131.16
7579,2026-05-20,Berlin,sale,98.87
7580,2026-05-20,Berlin,sale,164.41
7581,2026-05-20,Berlin,sale,53.25
7582,2026-05-20,Berlin,sale,133.39
7583,2026-05-20,Berlin,sale,122.91
7584,2026-05-20,Berlin,sale,18.62
7585,2026-05-20,Berlin,sale,163.65
7586,2026-05-20,Berlin,sale,130.02
7587,2026-05-20,Berlin,sale,8.23
7588,2026-05-20,Berlin,sale,9.41
7589,2026-05-20,Berlin,sale,31.41
7590,2026-05-20,Berlin,sale,89.55
7591,2026-05-20,Berlin,sale,79.51
7592,2026-05-20,Berlin,sale,149.85
7593,2026-05-20,Berlin,sale,144.32
7594,2026-05-20,Berlin,sale,34.49
7595,2026-05-20,Berlin,sale,156.08
7596,2026-05-20,Berlin,sale,55.07
7597,2026-05-20,Berlin,sale,145.73
7598,2026-05-20,Berlin,sale,112.66
7599,2026-05-20,Berlin,sale,79.83
7600,2026-05-20,Copenhagen,sale,51.21
7601,2026-05-20,Copenhagen,sale,166.24
7602,2026-05-20,Copenhagen,sale,54.18
7603,2026-05-20,Copenhagen,sale,83.05
7604,2026-05-20,Copenhagen,sale,54.33
7605,2026-05-20,Copenhagen,sale,108.74
7606,2026-05-20,Copenhagen,sale,22.59
7607,2026-05-20,Copenhagen,sale,24.35
7608,2026-05-20,Copenhagen,sale,146.65
7609,2026-05-20,Copenhagen,sale,175.2
7610,2026-05-20,Copenhagen,sale,86.31
7611,2026-05-20,Copenhagen,sale,95.47
7612,2026-05-20,Dublin,sale,104.68
7613,2026-05-20,Dublin,sale,118.62
7614,2026-05-20,Dublin,sale,7.61
7615,2026-05-20,Dublin,sale,179.61
7616,2026-05-20,Dublin,sale,146.56
7617,2026-05-20,Dublin,sale,63.05
7618,2026-05-20,Dublin,sale,153.78
7619,2026-05-20,Dublin,sale,129.55
7620,2026-05-20,Dublin,sale,88.12
7621,2026-05-20,Dublin,sale,153.89
7622,2026-05-20,Dublin,sale,174.88
7623,2026-05-20,Dublin,sale,75.38
7624,2026-05-20,Dublin,sale,20.15
7625,2026-05-20,Dublin,sale,69.74
7626,2026-05-20,Dublin,sale,166.01
7627,2026-05-20,Dublin,sale,90.69
7628,2026-05-20,Dublin,sale,46.54
7629,2026-05-20,Dublin,sale,173.39
7630,2026-05-20,Dublin,sale,157.67
7631,2026-05-20,Dublin,sale,147.5
7632,2026-05-20,Dublin,sale,131.34
7633,2026-05-20,Dublin,sale,131.15
7634,2026-05-20,Edinburgh,refund,-134.8
7635,2026-05-20,Edinburgh,sale,134.19
7636,2026-05-20,Edinburgh,sale,99.44
7637,2026-05-20,Edinburgh,refund,-109.68
7638,2026-05-20,Edinburgh,sale,10.61
7639,2026-05-20,Edinburgh,sale,53.36
7640,2026-05-20,Edinburgh,sale,44.2
7641,2026-05-20,Edinburgh,sale,15.58
7642,2026-05-20,Edinburgh,sale,127.78
7643,2026-05-20,Edinburgh,sale,43.59
7644,2026-05-20,Edinburgh,sale,99.97
7645,2026-05-20,Edinburgh,sale,44.92
7646,2026-05-20,Edinburgh,sale,55.19
7647,2026-05-20,Edinburgh,sale,26.73
7648,2026-05-20,Edinburgh,sale,32.72
7649,2026-05-20,Edinburgh,sale,156.4
7650,2026-05-20,Edinburgh,sale,30.64
7651,2026-05-20,Edinburgh,sale,158.55
7652,2026-05-20,Florence,sale,174.44
7653,2026-05-20,Florence,sale,109.47
7654,2026-05-20,Florence,sale,42.08
7655,2026-05-20,Florence,sale,114.6
7656,2026-05-20,Florence,sale,10.23
7657,2026-05-20,Florence,sale,48.85
7658,2026-05-20,Florence,sale,76.78
7659,2026-05-20,Florence,sale,58.76
7660,2026-05-20,Florence,sale,145.51
7661,2026-05-20,Florence,sale,107.65
7662,2026-05-20,Florence,sale,33.88
7663,2026-05-20,Florence,sale,159.68
7664,2026-05-20,Florence,sale,154.44
7665,2026-05-20,Florence,sale,98.35
7666,2026-05-20,Florence,sale,162.33
7667,2026-05-20,Florence,sale,153.25
7668,2026-05-20,Florence,sale,109.12
7669,2026-05-20,Florence,sale,174.33
7670,2026-05-20,Florence,sale,105.17
7671,2026-05-20,Florence,sale,111.33
7672,2026-05-20,Florence,sale,160.6
7673,2026-05-20,Florence,sale,89.77
7674,2026-05-20,Florence,sale,27.26
7675,2026-05-20,Florence,sale,30.54
7676,2026-05-20,Florence,sale,155.93
7677,2026-05-20,Florence,sale,8.34
7678,2026-05-21,Amsterdam,sale,112.02
7679,2026-05-21,Amsterdam,refund,-79.53
7680,2026-05-21,Amsterdam,sale,10.79
7681,2026-05-21,Amsterdam,sale,160.49
7682,2026-05-21,Amsterdam,sale,12.3
7683,2026-05-21,Amsterdam,sale,160.57
7684,2026-05-21,Amsterdam,sale,38.38
7685,2026-05-21,Amsterdam,sale,51.25
7686,2026-05-21,Amsterdam,sale,26.89
7687,2026-05-21,Amsterdam,sale,114.79
7688,2026-05-21,Amsterdam,sale,45.21
7689,2026-05-21,Amsterdam,sale,129.8
7690,2026-05-21,Amsterdam,sale,147.31
7691,2026-05-21,Amsterdam,sale,166.97
7692,2026-05-21,Amsterdam,sale,152.83
7693,2026-05-21,Amsterdam,sale,42.52
7694,2026-05-21,Amsterdam,sale,178.32
7695,2026-05-21,Amsterdam,sale,99.83
7696,2026-05-21,Amsterdam,sale,89.12
7697,2026-05-21,Amsterdam,sale,70.68
7698,2026-05-21,Amsterdam,sale,151.36
7699,2026-05-21,Amsterdam,sale,12.53
7700,2026-05-21,Amsterdam,sale,51.81
7701,2026-05-21,Amsterdam,sale,118.47
7702,2026-05-21,Amsterdam,sale,87.36
7703,2026-05-21,Amsterdam,sale,154.46
7704,2026-05-21,Amsterdam,sale,24.55
7705,2026-05-21,Amsterdam,sale,115.18
7706,2026-05-21,Berlin,sale,46.18
7707,2026-05-21,Berlin,sale,31.86
7708,2026-05-21,Berlin,sale,105.47
7709,2026-05-21,Berlin,sale,66.46
7710,2026-05-21,Berlin,sale,177.36
7711,2026-05-21,Berlin,sale,72.74
7712,2026-05-21,Berlin,sale,147.67
7713,2026-05-21,Berlin,sale,87.96
7714,2026-05-21,Berlin,sale,32.29
7715,2026-05-21,Berlin,sale,143.78
7716,2026-05-21,Berlin,sale,134.97
7717,2026-05-21,Berlin,sale,116.54
7718,2026-05-21,Berlin,sale,13.87
7719,2026-05-21,Berlin,sale,102.38
7720,2026-05-21,Berlin,sale,175.78
7721,2026-05-21,Berlin,sale,108.33
7722,2026-05-21,Berlin,sale,50.94
7723,2026-05-21,Berlin,sale,171.79
7724,2026-05-21,Berlin,sale,109.04
7725,2026-05-21,Berlin,sale,144.38
7726,2026-05-21,Berlin,sale,28.49
7727,2026-05-21,Berlin,sale,165.46
7728,2026-05-21,Berlin,sale,27.0
7729,2026-05-21,Berlin,sale,81.04
7730,2026-05-21,Berlin,sale,42.46
7731,2026-05-21,Berlin,sale,89.53
7732,2026-05-21,Berlin,sale,151.1
7733,2026-05-21,Berlin,sale,105.01
7734,2026-05-21,Berlin,sale,89.86
7735,2026-05-21,Berlin,sale,71.6
7736,2026-05-21,Berlin,sale,129.58
7737,2026-05-21,Berlin,sale,115.35
7738,2026-05-21,Berlin,sale,42.84
7739,2026-05-21,Berlin,sale,106.58
7740,2026-05-21,Berlin,sale,122.96
7741,2026-05-21,Berlin,sale,76.33
7742,2026-05-21,Berlin,sale,123.43
7743,2026-05-21,Berlin,sale,25.28
7744,2026-05-21,Berlin,sale,108.86
7745,2026-05-21,Berlin,sale,112.48
7746,2026-05-21,Berlin,sale,44.8
7747,2026-05-21,Berlin,sale,10.25
7748,2026-05-21,Berlin,sale,133.52
7749,2026-05-21,Berlin,sale,16.88
7750,2026-05-21,Berlin,sale,126.66
7751,2026-05-21,Berlin,sale,124.16
7752,2026-05-21,Copenhagen,sale,78.54
7753,2026-05-21,Copenhagen,sale,148.47
7754,2026-05-21,Copenhagen,sale,163.43
7755,2026-05-21,Copenhagen,sale,153.37
7756,2026-05-21,Copenhagen,sale,12.45
7757,2026-05-21,Copenhagen,refund,-72.74
7758,2026-05-21,Copenhagen,sale,6.53
7759,2026-05-21,Copenhagen,sale,49.68
7760,2026-05-21,Copenhagen,sale,101.28
7761,2026-05-21,Copenhagen,sale,86.76
7762,2026-05-21,Dublin,sale,128.99
7763,2026-05-21,Dublin,sale,99.0
7764,2026-05-21,Dublin,sale,52.35
7765,2026-05-21,Dublin,sale,47.11
7766,2026-05-21,Dublin,sale,132.5
7767,2026-05-21,Dublin,sale,65.4
7768,2026-05-21,Dublin,sale,105.46
7769,2026-05-21,Dublin,sale,78.55
7770,2026-05-21,Dublin,sale,113.15
7771,2026-05-21,Dublin,sale,51.33
7772,2026-05-21,Dublin,sale,97.74
7773,2026-05-21,Dublin,sale,22.4
7774,2026-05-21,Dublin,sale,168.87
7775,2026-05-21,Dublin,sale,97.03
7776,2026-05-21,Dublin,sale,71.92
7777,2026-05-21,Dublin,sale,148.24
7778,2026-05-21,Dublin,sale,158.55
7779,2026-05-21,Dublin,sale,150.76
7780,2026-05-21,Dublin,sale,150.34
7781,2026-05-21,Dublin,sale,121.93
7782,2026-05-21,Dublin,sale,170.98
7783,2026-05-21,Dublin,sale,18.81
7784,2026-05-21,Dublin,sale,120.56
7785,2026-05-21,Dublin,sale,28.36
7786,2026-05-21,Dublin,sale,86.62
7787,2026-05-21,Dublin,sale,84.95
7788,2026-05-21,Dublin,sale,120.78
7789,2026-05-21,Dublin,sale,104.69
7790,2026-05-21,Edinburgh,sale,131.64
7791,2026-05-21,Edinburgh,sale,179.2
7792,2026-05-21,Edinburgh,sale,126.04
7793,2026-05-21,Edinburgh,sale,146.45
7794,2026-05-21,Edinburgh,refund,-139.21
7795,2026-05-21,Edinburgh,sale,50.57
7796,2026-05-21,Edinburgh,sale,170.08
7797,2026-05-21,Edinburgh,sale,135.56
7798,2026-05-21,Edinburgh,sale,87.45
7799,2026-05-21,Edinburgh,sale,171.41
7800,2026-05-21,Edinburgh,sale,60.95
7801,2026-05-21,Edinburgh,sale,136.2
7802,2026-05-21,Edinburgh,sale,39.53
7803,2026-05-21,Edinburgh,sale,23.58
7804,2026-05-21,Edinburgh,sale,142.46
7805,2026-05-21,Edinburgh,sale,115.57
7806,2026-05-21,Edinburgh,sale,36.4
7807,2026-05-21,Edinburgh,sale,110.59
7808,2026-05-21,Edinburgh,sale,9.61
7809,2026-05-21,Edinburgh,sale,75.65
7810,2026-05-21,Edinburgh,sale,84.24
7811,2026-05-21,Edinburgh,sale,13.91
7812,2026-05-21,Edinburgh,sale,53.1
7813,2026-05-21,Florence,refund,-25.6
7814,2026-05-21,Florence,sale,147.14
7815,2026-05-21,Florence,sale,76.42
7816,2026-05-21,Florence,sale,67.41
7817,2026-05-21,Florence,refund,-93.36
7818,2026-05-21,Florence,sale,71.34
7819,2026-05-21,Florence,sale,47.3
7820,2026-05-21,Florence,sale,70.36
7821,2026-05-21,Florence,sale,94.41
7822,2026-05-21,Florence,sale,8.78
7823,2026-05-21,Florence,sale,65.15
7824,2026-05-21,Florence,sale,49.93
7825,2026-05-21,Florence,sale,85.15
7826,2026-05-21,Florence,sale,47.9
7827,2026-05-21,Florence,sale,118.26
7828,2026-05-21,Florence,sale,178.9
7829,2026-05-21,Florence,sale,77.06
7830,2026-05-21,Florence,sale,174.47
7831,2026-05-22,Amsterdam,refund,-19.25
7832,2026-05-22,Amsterdam,sale,65.19
7833,2026-05-22,Amsterdam,sale,101.78
7834,2026-05-22,Amsterdam,sale,94.01
7835,2026-05-22,Amsterdam,sale,84.14
7836,2026-05-22,Amsterdam,sale,5.07
7837,2026-05-22,Amsterdam,sale,113.33
7838,2026-05-22,Amsterdam,sale,95.61
7839,2026-05-22,Amsterdam,sale,75.51
7840,2026-05-22,Amsterdam,sale,41.34
7841,2026-05-22,Amsterdam,sale,169.93
7842,2026-05-22,Amsterdam,sale,71.3
7843,2026-05-22,Amsterdam,sale,129.57
7844,2026-05-22,Amsterdam,sale,59.67
7845,2026-05-22,Amsterdam,sale,30.75
7846,2026-05-22,Amsterdam,sale,140.22
7847,2026-05-22,Amsterdam,sale,132.2
7848,2026-05-22,Amsterdam,sale,110.02
7849,2026-05-22,Amsterdam,sale,22.82
7850,2026-05-22,Amsterdam,sale,154.41
7851,2026-05-22,Amsterdam,sale,101.4
7852,2026-05-22,Amsterdam,sale,36.09
7853,2026-05-22,Amsterdam,sale,145.56
7854,2026-05-22,Amsterdam,sale,6.25
7855,2026-05-22,Amsterdam,sale,23.69
7856,2026-05-22,Amsterdam,sale,158.56
7857,2026-05-22,Amsterdam,sale,34.68
7858,2026-05-22,Berlin,sale,161.88
7859,2026-05-22,Berlin,sale,45.99
7860,2026-05-22,Berlin,sale,55.0
7861,2026-05-22,Berlin,sale,56.38
7862,2026-05-22,Berlin,sale,17.41
7863,2026-05-22,Berlin,sale,37.25
7864,2026-05-22,Berlin,sale,32.67
7865,2026-05-22,Berlin,sale,97.93
7866,2026-05-22,Berlin,sale,76.69
7867,2026-05-22,Berlin,sale,164.57
7868,2026-05-22,Berlin,sale,166.59
7869,2026-05-22,Berlin,sale,26.03
7870,2026-05-22,Berlin,sale,34.55
7871,2026-05-22,Berlin,sale,149.14
7872,2026-05-22,Berlin,sale,14.7
7873,2026-05-22,Berlin,sale,107.73
7874,2026-05-22,Berlin,sale,169.43
7875,2026-05-22,Berlin,sale,128.27
7876,2026-05-22,Berlin,sale,99.38
7877,2026-05-22,Berlin,sale,33.51
7878,2026-05-22,Berlin,sale,29.09
7879,2026-05-22,Berlin,sale,123.07
7880,2026-05-22,Berlin,sale,15.26
7881,2026-05-22,Berlin,refund,-152.29
7882,2026-05-22,Berlin,sale,174.89
7883,2026-05-22,Berlin,sale,128.7
7884,2026-05-22,Berlin,sale,153.65
7885,2026-05-22,Berlin,sale,5.62
7886,2026-05-22,Berlin,sale,131.75
7887,2026-05-22,Berlin,sale,131.44
7888,2026-05-22,Berlin,sale,123.26
7889,2026-05-22,Berlin,sale,124.08
7890,2026-05-22,Berlin,sale,5.14
7891,2026-05-22,Berlin,refund,-42.87
7892,2026-05-22,Berlin,sale,24.09
7893,2026-05-22,Berlin,sale,37.48
7894,2026-05-22,Berlin,sale,179.56
7895,2026-05-22,Berlin,sale,176.77
7896,2026-05-22,Berlin,sale,173.33
7897,2026-05-22,Berlin,sale,86.17
7898,2026-05-22,Berlin,sale,169.18
7899,2026-05-22,Berlin,sale,82.35
7900,2026-05-22,Berlin,sale,161.72
7901,2026-05-22,Berlin,refund,-79.5
7902,2026-05-22,Berlin,sale,110.42
7903,2026-05-22,Copenhagen,sale,120.24
7904,2026-05-22,Copenhagen,sale,57.42
7905,2026-05-22,Copenhagen,sale,99.89
7906,2026-05-22,Copenhagen,sale,159.54
7907,2026-05-22,Copenhagen,sale,53.4
7908,2026-05-22,Copenhagen,sale,94.9
7909,2026-05-22,Copenhagen,sale,77.04
7910,2026-05-22,Copenhagen,sale,9.66
7911,2026-05-22,Copenhagen,sale,96.72
7912,2026-05-22,Copenhagen,refund,-135.7
7913,2026-05-22,Copenhagen,sale,154.87
7914,2026-05-22,Dublin,sale,172.98
7915,2026-05-22,Dublin,sale,94.79
7916,2026-05-22,Dublin,sale,57.72
7917,2026-05-22,Dublin,sale,93.02
7918,2026-05-22,Dublin,sale,44.32
7919,2026-05-22,Dublin,sale,12.3
7920,2026-05-22,Dublin,sale,143.32
7921,2026-05-22,Dublin,sale,19.95
7922,2026-05-22,Dublin,sale,141.02
7923,2026-05-22,Dublin,sale,158.15
7924,2026-05-22,Dublin,sale,177.07
7925,2026-05-22,Dublin,sale,83.61
7926,2026-05-22,Dublin,refund,-26.81
7927,2026-05-22,Dublin,sale,90.33
7928,2026-05-22,Dublin,sale,68.72
7929,2026-05-22,Dublin,sale,46.56
7930,2026-05-22,Dublin,sale,24.91
7931,2026-05-22,Dublin,sale,29.75
7932,2026-05-22,Dublin,sale,122.68
7933,2026-05-22,Dublin,sale,117.97
7934,2026-05-22,Dublin,sale,54.3
7935,2026-05-22,Dublin,sale,148.77
7936,2026-05-22,Dublin,sale,174.39
7937,2026-05-22,Dublin,sale,120.51
7938,2026-05-22,Dublin,sale,171.76
7939,2026-05-22,Dublin,sale,66.84
7940,2026-05-22,Dublin,sale,94.85
7941,2026-05-22,Dublin,sale,130.5
7942,2026-05-22,Dublin,sale,125.34
7943,2026-05-22,Edinburgh,sale,46.84
7944,2026-05-22,Edinburgh,sale,92.24
7945,2026-05-22,Edinburgh,sale,95.61
7946,2026-05-22,Edinburgh,sale,81.1
7947,2026-05-22,Edinburgh,sale,51.84
7948,2026-05-22,Edinburgh,sale,14.39
7949,2026-05-22,Edinburgh,sale,145.85
7950,2026-05-22,Edinburgh,sale,33.95
7951,2026-05-22,Edinburgh,sale,116.02
7952,2026-05-22,Edinburgh,sale,172.24
7953,2026-05-22,Edinburgh,sale,73.67
7954,2026-05-22,Edinburgh,sale,60.8
7955,2026-05-22,Edinburgh,sale,155.8
7956,2026-05-22,Edinburgh,sale,43.23
7957,2026-05-22,Edinburgh,sale,78.34
7958,2026-05-22,Edinburgh,sale,117.39
7959,2026-05-22,Edinburgh,sale,36.08
7960,2026-05-22,Edinburgh,sale,77.01
7961,2026-05-22,Edinburgh,sale,156.38
7962,2026-05-22,Edinburgh,sale,176.63
7963,2026-05-22,Edinburgh,sale,70.44
7964,2026-05-22,Edinburgh,sale,78.6
7965,2026-05-22,Florence,sale,108.86
7966,2026-05-22,Florence,sale,163.38
7967,2026-05-22,Florence,refund,-115.2
7968,2026-05-22,Florence,sale,156.68
7969,2026-05-22,Florence,sale,143.54
7970,2026-05-22,Florence,refund,-155.55
7971,2026-05-22,Florence,sale,64.03
7972,2026-05-22,Florence,sale,153.94
7973,2026-05-22,Florence,sale,154.56
7974,2026-05-22,Florence,sale,139.87
7975,2026-05-22,Florence,sale,30.53
7976,2026-05-22,Florence,sale,118.57
7977,2026-05-22,Florence,sale,50.47
7978,2026-05-22,Florence,sale,110.64
7979,2026-05-22,Florence,sale,10.65
7980,2026-05-22,Florence,sale,37.38
7981,2026-05-22,Florence,sale,18.32
7982,2026-05-22,Florence,sale,127.73
7983,2026-05-22,Florence,sale,46.97
7984,2026-05-22,Florence,sale,72.91
7985,2026-05-22,Florence,sale,22.78
7986,2026-05-22,Florence,sale,163.71
7987,2026-05-23,Amsterdam,sale,62.12
7988,2026-05-23,Amsterdam,sale,99.84
7989,2026-05-23,Amsterdam,sale,33.33
7990,2026-05-23,Amsterdam,sale,99.53
7991,2026-05-23,Amsterdam,sale,72.3
7992,2026-05-23,Amsterdam,sale,82.06
7993,2026-05-23,Amsterdam,sale,167.91
7994,2026-05-23,Amsterdam,sale,176.75
7995,2026-05-23,Amsterdam,sale,7.69
7996,2026-05-23,Amsterdam,sale,111.5
7997,2026-05-23,Amsterdam,sale,67.0
7998,2026-05-23,Amsterdam,sale,155.8
7999,2026-05-23,Amsterdam,sale,70.61
8000,2026-05-23,Amsterdam,sale,127.72
8001,2026-05-23,Amsterdam,sale,60.74
8002,2026-05-23,Amsterdam,sale,172.76
8003,2026-05-23,Amsterdam,sale,78.1
8004,2026-05-23,Amsterdam,sale,56.87
8005,2026-05-23,Amsterdam,sale,165.69
8006,2026-05-23,Amsterdam,sale,31.02
8007,2026-05-23,Amsterdam,sale,154.53
8008,2026-05-23,Amsterdam,sale,163.54
8009,2026-05-23,Amsterdam,sale,145.03
8010,2026-05-23,Amsterdam,sale,97.93
8011,2026-05-23,Amsterdam,sale,26.46
8012,2026-05-23,Amsterdam,sale,118.98
8013,2026-05-23,Berlin,sale,15.44
8014,2026-05-23,Berlin,sale,169.8
8015,2026-05-23,Berlin,sale,95.47
8016,2026-05-23,Berlin,sale,50.2
8017,2026-05-23,Berlin,sale,86.13
8018,2026-05-23,Berlin,sale,163.7
8019,2026-05-23,Berlin,sale,151.54
8020,2026-05-23,Berlin,sale,127.14
8021,2026-05-23,Berlin,sale,126.14
8022,2026-05-23,Berlin,sale,90.88
8023,2026-05-23,Berlin,sale,95.22
8024,2026-05-23,Berlin,sale,148.52
8025,2026-05-23,Berlin,sale,80.19
8026,2026-05-23,Berlin,sale,120.2
8027,2026-05-23,Berlin,sale,114.07
8028,2026-05-23,Berlin,sale,47.99
8029,2026-05-23,Berlin,sale,13.47
8030,2026-05-23,Berlin,sale,172.76
8031,2026-05-23,Berlin,sale,151.65
8032,2026-05-23,Berlin,sale,86.6
8033,2026-05-23,Berlin,sale,59.09
8034,2026-05-23,Berlin,sale,127.13
8035,2026-05-23,Berlin,sale,136.9
8036,2026-05-23,Berlin,sale,175.15
8037,2026-05-23,Berlin,sale,155.71
8038,2026-05-23,Berlin,sale,149.85
8039,2026-05-23,Berlin,sale,98.01
8040,2026-05-23,Berlin,sale,89.13
8041,2026-05-23,Berlin,sale,71.73
8042,2026-05-23,Berlin,sale,37.06
8043,2026-05-23,Berlin,sale,161.5
8044,2026-05-23,Berlin,sale,30.7
8045,2026-05-23,Berlin,sale,113.79
8046,2026-05-23,Berlin,sale,154.59
8047,2026-05-23,Berlin,sale,80.72
8048,2026-05-23,Berlin,sale,154.71
8049,2026-05-23,Berlin,sale,48.32
8050,2026-05-23,Berlin,sale,132.49
8051,2026-05-23,Berlin,sale,78.02
8052,2026-05-23,Berlin,sale,31.31
8053,2026-05-23,Berlin,sale,102.06
8054,2026-05-23,Berlin,sale,133.99
8055,2026-05-23,Berlin,sale,29.01
8056,2026-05-23,Copenhagen,sale,118.33
8057,2026-05-23,Copenhagen,sale,12.16
8058,2026-05-23,Copenhagen,sale,53.98
8059,2026-05-23,Copenhagen,sale,140.27
8060,2026-05-23,Copenhagen,sale,165.34
8061,2026-05-23,Copenhagen,sale,154.03
8062,2026-05-23,Copenhagen,sale,25.16
8063,2026-05-23,Copenhagen,sale,83.83
8064,2026-05-23,Copenhagen,sale,47.24
8065,2026-05-23,Copenhagen,sale,29.49
8066,2026-05-23,Copenhagen,sale,43.86
8067,2026-05-23,Copenhagen,sale,46.12
8068,2026-05-23,Copenhagen,sale,67.89
8069,2026-05-23,Copenhagen,sale,13.99
8070,2026-05-23,Copenhagen,sale,54.0
8071,2026-05-23,Copenhagen,sale,84.67
8072,2026-05-23,Dublin,sale,114.12
8073,2026-05-23,Dublin,sale,33.82
8074,2026-05-23,Dublin,sale,169.54
8075,2026-05-23,Dublin,sale,23.65
8076,2026-05-23,Dublin,sale,125.86
8077,2026-05-23,Dublin,sale,113.44
8078,2026-05-23,Dublin,sale,161.87
8079,2026-05-23,Dublin,sale,50.93
8080,2026-05-23,Dublin,sale,43.17
8081,2026-05-23,Dublin,sale,161.69
8082,2026-05-23,Dublin,sale,68.01
8083,2026-05-23,Dublin,sale,155.86
8084,2026-05-23,Dublin,sale,157.23
8085,2026-05-23,Dublin,sale,146.31
8086,2026-05-23,Dublin,sale,88.03
8087,2026-05-23,Dublin,sale,167.51
8088,2026-05-23,Dublin,sale,135.34
8089,2026-05-23,Dublin,sale,9.79
8090,2026-05-23,Dublin,sale,116.26
8091,2026-05-23,Dublin,sale,136.75
8092,2026-05-23,Dublin,sale,29.84
8093,2026-05-23,Dublin,sale,108.33
8094,2026-05-23,Dublin,sale,157.13
8095,2026-05-23,Dublin,sale,160.21
8096,2026-05-23,Dublin,refund,-109.51
8097,2026-05-23,Dublin,sale,134.65
8098,2026-05-23,Dublin,sale,127.97
8099,2026-05-23,Edinburgh,sale,69.31
8100,2026-05-23,Edinburgh,sale,125.83
8101,2026-05-23,Edinburgh,sale,71.47
8102,2026-05-23,Edinburgh,sale,73.69
8103,2026-05-23,Edinburgh,sale,49.89
8104,2026-05-23,Edinburgh,sale,88.09
8105,2026-05-23,Edinburgh,sale,52.06
8106,2026-05-23,Edinburgh,sale,30.58
8107,2026-05-23,Edinburgh,sale,63.06
8108,2026-05-23,Edinburgh,sale,151.86
8109,2026-05-23,Edinburgh,sale,52.9
8110,2026-05-23,Edinburgh,sale,15.52
8111,2026-05-23,Edinburgh,sale,127.68
8112,2026-05-23,Edinburgh,sale,162.81
8113,2026-05-23,Edinburgh,sale,107.88
8114,2026-05-23,Edinburgh,sale,142.57
8115,2026-05-23,Edinburgh,sale,19.07
8116,2026-05-23,Edinburgh,sale,13.4
8117,2026-05-23,Edinburgh,sale,53.87
8118,2026-05-23,Edinburgh,refund,-145.18
8119,2026-05-23,Edinburgh,sale,106.22
8120,2026-05-23,Edinburgh,sale,161.02
8121,2026-05-23,Edinburgh,sale,8.44
8122,2026-05-23,Florence,sale,70.68
8123,2026-05-23,Florence,sale,144.54
8124,2026-05-23,Florence,sale,51.11
8125,2026-05-23,Florence,sale,123.89
8126,2026-05-23,Florence,sale,140.83
8127,2026-05-23,Florence,sale,124.75
8128,2026-05-23,Florence,sale,31.22
8129,2026-05-23,Florence,sale,108.57
8130,2026-05-23,Florence,sale,156.14
8131,2026-05-23,Florence,sale,49.44
8132,2026-05-23,Florence,sale,83.67
8133,2026-05-23,Florence,sale,143.38
8134,2026-05-23,Florence,sale,51.94
8135,2026-05-23,Florence,sale,104.03
8136,2026-05-23,Florence,sale,131.98
8137,2026-05-23,Florence,sale,110.77
8138,2026-05-23,Florence,sale,44.85
8139,2026-05-23,Florence,sale,69.84
8140,2026-05-23,Florence,sale,124.85
8141,2026-05-23,Florence,sale,167.53
8142,2026-05-23,Florence,sale,76.74
8143,2026-05-23,Florence,sale,117.27
8144,2026-05-24,Amsterdam,sale,158.45
8145,2026-05-24,Amsterdam,sale,71.34
8146,2026-05-24,Amsterdam,sale,140.35
8147,2026-05-24,Amsterdam,sale,117.68
8148,2026-05-24,Amsterdam,sale,41.56
8149,2026-05-24,Amsterdam,sale,110.93
8150,2026-05-24,Amsterdam,sale,173.95
8151,2026-05-24,Amsterdam,sale,173.22
8152,2026-05-24,Amsterdam,sale,177.41
8153,2026-05-24,Amsterdam,sale,168.41
8154,2026-05-24,Amsterdam,sale,156.19
8155,2026-05-24,Amsterdam,sale,158.8
8156,2026-05-24,Amsterdam,sale,71.79
8157,2026-05-24,Amsterdam,sale,90.95
8158,2026-05-24,Amsterdam,sale,122.98
8159,2026-05-24,Amsterdam,sale,179.71
8160,2026-05-24,Amsterdam,sale,108.74
8161,2026-05-24,Amsterdam,sale,71.03
8162,2026-05-24,Amsterdam,sale,151.07
8163,2026-05-24,Amsterdam,sale,144.72
8164,2026-05-24,Amsterdam,sale,171.31
8165,2026-05-24,Amsterdam,sale,54.23
8166,2026-05-24,Amsterdam,sale,101.69
8167,2026-05-24,Amsterdam,sale,20.44
8168,2026-05-24,Amsterdam,sale,135.96
8169,2026-05-24,Amsterdam,sale,167.63
8170,2026-05-24,Amsterdam,sale,16.12
8171,2026-05-24,Amsterdam,sale,173.01
8172,2026-05-24,Amsterdam,sale,26.71
8173,2026-05-24,Amsterdam,sale,160.65
8174,2026-05-24,Berlin,sale,116.19
8175,2026-05-24,Berlin,sale,113.41
8176,2026-05-24,Berlin,sale,103.95
8177,2026-05-24,Berlin,sale,173.13
8178,2026-05-24,Berlin,sale,179.86
8179,2026-05-24,Berlin,sale,102.58
8180,2026-05-24,Berlin,sale,123.91
8181,2026-05-24,Berlin,sale,28.53
8182,2026-05-24,Berlin,sale,67.93
8183,2026-05-24,Berlin,sale,94.4
8184,2026-05-24,Berlin,sale,34.5
8185,2026-05-24,Berlin,sale,162.62
8186,2026-05-24,Berlin,sale,7.58
8187,2026-05-24,Berlin,sale,103.64
8188,2026-05-24,Berlin,sale,130.48
8189,2026-05-24,Berlin,sale,139.5
8190,2026-05-24,Berlin,refund,-32.3
8191,2026-05-24,Berlin,sale,52.16
8192,2026-05-24,Berlin,sale,137.83
8193,2026-05-24,Berlin,sale,46.38
8194,2026-05-24,Berlin,sale,65.11
8195,2026-05-24,Berlin,sale,24.13
8196,2026-05-24,Berlin,sale,46.69
8197,2026-05-24,Berlin,sale,62.78
8198,2026-05-24,Berlin,sale,66.67
8199,2026-05-24,Berlin,sale,147.02
8200,2026-05-24,Berlin,sale,6.65
8201,2026-05-24,Berlin,sale,20.49
8202,2026-05-24,Berlin,sale,178.38
8203,2026-05-24,Berlin,sale,60.21
8204,2026-05-24,Berlin,sale,117.33
8205,2026-05-24,Berlin,sale,160.86
8206,2026-05-24,Berlin,sale,31.21
8207,2026-05-24,Berlin,sale,147.31
8208,2026-05-24,Berlin,sale,12.27
8209,2026-05-24,Berlin,sale,152.92
8210,2026-05-24,Berlin,sale,69.58
8211,2026-05-24,Berlin,sale,116.18
8212,2026-05-24,Berlin,sale,161.31
8213,2026-05-24,Berlin,sale,130.86
8214,2026-05-24,Berlin,sale,115.54
8215,2026-05-24,Berlin,sale,175.4
8216,2026-05-24,Copenhagen,sale,82.57
8217,2026-05-24,Copenhagen,sale,154.08
8218,2026-05-24,Copenhagen,sale,35.71
8219,2026-05-24,Copenhagen,sale,95.51
8220,2026-05-24,Copenhagen,sale,11.9
8221,2026-05-24,Copenhagen,sale,52.74
8222,2026-05-24,Copenhagen,sale,9.0
8223,2026-05-24,Copenhagen,sale,133.2
8224,2026-05-24,Copenhagen,sale,172.87
8225,2026-05-24,Copenhagen,sale,53.85
8226,2026-05-24,Copenhagen,sale,157.48
8227,2026-05-24,Copenhagen,sale,85.57
8228,2026-05-24,Copenhagen,refund,-167.83
8229,2026-05-24,Copenhagen,sale,113.93
8230,2026-05-24,Copenhagen,sale,66.73
8231,2026-05-24,Copenhagen,sale,42.52
8232,2026-05-24,Copenhagen,refund,-33.63
8233,2026-05-24,Dublin,sale,159.01
8234,2026-05-24,Dublin,sale,14.64
8235,2026-05-24,Dublin,sale,38.96
8236,2026-05-24,Dublin,sale,136.54
8237,2026-05-24,Dublin,sale,22.12
8238,2026-05-24,Dublin,sale,90.48
8239,2026-05-24,Dublin,sale,24.63
8240,2026-05-24,Dublin,sale,113.28
8241,2026-05-24,Dublin,sale,58.7
8242,2026-05-24,Dublin,sale,47.69
8243,2026-05-24,Dublin,sale,165.03
8244,2026-05-24,Dublin,sale,116.64
8245,2026-05-24,Dublin,sale,27.45
8246,2026-05-24,Dublin,sale,135.78
8247,2026-05-24,Dublin,sale,61.45
8248,2026-05-24,Dublin,sale,146.8
8249,2026-05-24,Dublin,sale,105.41
8250,2026-05-24,Dublin,sale,34.55
8251,2026-05-24,Dublin,sale,162.63
8252,2026-05-24,Dublin,sale,162.15
8253,2026-05-24,Dublin,sale,26.48
8254,2026-05-24,Dublin,sale,76.34
8255,2026-05-24,Dublin,sale,167.6
8256,2026-05-24,Dublin,sale,78.35
8257,2026-05-24,Dublin,sale,131.47
8258,2026-05-24,Dublin,sale,31.01
8259,2026-05-24,Dublin,sale,152.76
8260,2026-05-24,Dublin,sale,52.09
8261,2026-05-24,Edinburgh,sale,66.95
8262,2026-05-24,Edinburgh,sale,105.25
8263,2026-05-24,Edinburgh,refund,-151.51
8264,2026-05-24,Edinburgh,sale,114.82
8265,2026-05-24,Edinburgh,sale,108.85
8266,2026-05-24,Edinburgh,sale,74.4
8267,2026-05-24,Edinburgh,sale,69.48
8268,2026-05-24,Edinburgh,sale,71.62
8269,2026-05-24,Edinburgh,sale,117.63
8270,2026-05-24,Edinburgh,sale,102.77
8271,2026-05-24,Edinburgh,sale,45.8
8272,2026-05-24,Edinburgh,sale,98.29
8273,2026-05-24,Edinburgh,sale,49.66
8274,2026-05-24,Edinburgh,sale,159.97
8275,2026-05-24,Edinburgh,sale,135.32
8276,2026-05-24,Edinburgh,sale,173.24
8277,2026-05-24,Edinburgh,sale,57.29
8278,2026-05-24,Edinburgh,sale,128.54
8279,2026-05-24,Edinburgh,sale,170.09
8280,2026-05-24,Edinburgh,sale,171.23
8281,2026-05-24,Edinburgh,sale,93.81
8282,2026-05-24,Edinburgh,sale,108.89
8283,2026-05-24,Edinburgh,sale,97.33
8284,2026-05-24,Florence,sale,21.34
8285,2026-05-24,Florence,sale,146.92
8286,2026-05-24,Florence,sale,160.25
8287,2026-05-24,Florence,sale,66.56
8288,2026-05-24,Florence,sale,86.43
8289,2026-05-24,Florence,sale,178.08
8290,2026-05-24,Florence,sale,6.85
8291,2026-05-24,Florence,refund,-92.19
8292,2026-05-24,Florence,sale,25.42
8293,2026-05-24,Florence,sale,22.11
8294,2026-05-24,Florence,sale,139.04
8295,2026-05-24,Florence,sale,30.64
8296,2026-05-24,Florence,sale,58.77
8297,2026-05-24,Florence,sale,87.13
8298,2026-05-24,Florence,sale,135.2
8299,2026-05-24,Florence,sale,178.66
8300,2026-05-24,Florence,sale,65.52
8301,2026-05-24,Florence,sale,35.59
8302,2026-05-25,Amsterdam,sale,51.89
8303,2026-05-25,Amsterdam,sale,103.95
8304,2026-05-25,Amsterdam,sale,18.99
8305,2026-05-25,Amsterdam,sale,66.27
8306,2026-05-25,Amsterdam,sale,103.74
8307,2026-05-25,Amsterdam,sale,170.71
8308,2026-05-25,Amsterdam,sale,24.22
8309,2026-05-25,Amsterdam,sale,160.37
8310,2026-05-25,Amsterdam,sale,64.12
8311,2026-05-25,Amsterdam,sale,109.08
8312,2026-05-25,Amsterdam,sale,155.29
8313,2026-05-25,Amsterdam,sale,150.98
8314,2026-05-25,Amsterdam,sale,81.76
8315,2026-05-25,Amsterdam,refund,-67.79
8316,2026-05-25,Amsterdam,sale,56.99
8317,2026-05-25,Amsterdam,sale,179.26
8318,2026-05-25,Amsterdam,sale,118.43
8319,2026-05-25,Amsterdam,sale,69.01
8320,2026-05-25,Amsterdam,sale,97.07
8321,2026-05-25,Amsterdam,sale,21.69
8322,2026-05-25,Amsterdam,sale,20.26
8323,2026-05-25,Amsterdam,sale,92.3
8324,2026-05-25,Amsterdam,sale,93.64
8325,2026-05-25,Amsterdam,sale,30.89
8326,2026-05-25,Amsterdam,refund,-46.95
8327,2026-05-25,Amsterdam,sale,44.57
8328,2026-05-25,Amsterdam,sale,164.35
8329,2026-05-25,Amsterdam,sale,35.3
8330,2026-05-25,Amsterdam,refund,-13.0
8331,2026-05-25,Amsterdam,sale,98.63
8332,2026-05-25,Amsterdam,sale,87.9
8333,2026-05-25,Amsterdam,sale,30.72
8334,2026-05-25,Amsterdam,sale,35.93
8335,2026-05-25,Amsterdam,sale,119.29
8336,2026-05-25,Berlin,sale,77.49
8337,2026-05-25,Berlin,sale,102.85
8338,2026-05-25,Berlin,sale,23.5
8339,2026-05-25,Berlin,sale,147.85
8340,2026-05-25,Berlin,sale,9.99
8341,2026-05-25,Berlin,sale,50.49
8342,2026-05-25,Berlin,sale,13.95
8343,2026-05-25,Berlin,sale,28.12
8344,2026-05-25,Berlin,sale,163.24
8345,2026-05-25,Berlin,sale,97.37
8346,2026-05-25,Berlin,sale,110.95
8347,2026-05-25,Berlin,sale,97.58
8348,2026-05-25,Berlin,sale,72.48
8349,2026-05-25,Berlin,sale,49.05
8350,2026-05-25,Berlin,sale,73.31
8351,2026-05-25,Berlin,sale,20.52
8352,2026-05-25,Berlin,sale,28.43
8353,2026-05-25,Berlin,refund,-35.37
8354,2026-05-25,Berlin,sale,64.39
8355,2026-05-25,Berlin,sale,178.98
8356,2026-05-25,Berlin,sale,28.4
8357,2026-05-25,Berlin,sale,137.5
8358,2026-05-25,Berlin,refund,-149.85
8359,2026-05-25,Berlin,sale,34.78
8360,2026-05-25,Berlin,sale,68.71
8361,2026-05-25,Berlin,sale,110.48
8362,2026-05-25,Berlin,sale,92.92
8363,2026-05-25,Berlin,sale,57.79
8364,2026-05-25,Berlin,sale,12.93
8365,2026-05-25,Berlin,sale,152.04
8366,2026-05-25,Berlin,sale,158.31
8367,2026-05-25,Berlin,sale,45.39
8368,2026-05-25,Berlin,sale,124.83
8369,2026-05-25,Berlin,sale,176.12
8370,2026-05-25,Berlin,sale,25.43
8371,2026-05-25,Berlin,sale,172.55
8372,2026-05-25,Berlin,sale,149.27
8373,2026-05-25,Berlin,refund,-63.8
8374,2026-05-25,Berlin,sale,146.96
8375,2026-05-25,Berlin,sale,129.24
8376,2026-05-25,Berlin,sale,17.54
8377,2026-05-25,Berlin,sale,46.24
8378,2026-05-25,Berlin,sale,58.68
8379,2026-05-25,Berlin,sale,131.73
8380,2026-05-25,Copenhagen,sale,76.53
8381,2026-05-25,Copenhagen,sale,121.02
8382,2026-05-25,Copenhagen,sale,59.91
8383,2026-05-25,Copenhagen,sale,164.05
8384,2026-05-25,Copenhagen,sale,160.13
8385,2026-05-25,Copenhagen,sale,92.46
8386,2026-05-25,Copenhagen,sale,51.57
8387,2026-05-25,Copenhagen,refund,-143.9
8388,2026-05-25,Copenhagen,refund,-110.12
8389,2026-05-25,Copenhagen,sale,22.3
8390,2026-05-25,Copenhagen,sale,167.11
8391,2026-05-25,Copenhagen,sale,173.64
8392,2026-05-25,Copenhagen,sale,161.04
8393,2026-05-25,Copenhagen,sale,35.83
8394,2026-05-25,Copenhagen,sale,116.36
8395,2026-05-25,Copenhagen,sale,10.71
8396,2026-05-25,Copenhagen,sale,162.6
8397,2026-05-25,Dublin,sale,54.62
8398,2026-05-25,Dublin,sale,110.83
8399,2026-05-25,Dublin,sale,29.98
8400,2026-05-25,Dublin,sale,140.19
8401,2026-05-25,Dublin,sale,165.18
8402,2026-05-25,Dublin,sale,77.32
8403,2026-05-25,Dublin,sale,67.92
8404,2026-05-25,Dublin,sale,86.31
8405,2026-05-25,Dublin,sale,149.1
8406,2026-05-25,Dublin,sale,29.78
8407,2026-05-25,Dublin,sale,176.98
8408,2026-05-25,Dublin,sale,152.22
8409,2026-05-25,Dublin,sale,169.5
8410,2026-05-25,Dublin,sale,51.06
8411,2026-05-25,Dublin,sale,155.41
8412,2026-05-25,Dublin,sale,114.51
8413,2026-05-25,Dublin,sale,149.22
8414,2026-05-25,Dublin,sale,45.47
8415,2026-05-25,Dublin,refund,-170.76
8416,2026-05-25,Dublin,sale,83.7
8417,2026-05-25,Dublin,sale,17.82
8418,2026-05-25,Dublin,sale,94.6
8419,2026-05-25,Dublin,sale,107.26
8420,2026-05-25,Edinburgh,sale,163.29
8421,2026-05-25,Edinburgh,sale,149.4
8422,2026-05-25,Edinburgh,sale,137.59
8423,2026-05-25,Edinburgh,sale,79.42
8424,2026-05-25,Edinburgh,sale,38.12
8425,2026-05-25,Edinburgh,sale,99.54
8426,2026-05-25,Edinburgh,sale,13.89
8427,2026-05-25,Edinburgh,sale,174.36
8428,2026-05-25,Edinburgh,sale,79.43
8429,2026-05-25,Edinburgh,sale,81.07
8430,2026-05-25,Edinburgh,sale,42.31
8431,2026-05-25,Edinburgh,sale,46.38
8432,2026-05-25,Edinburgh,sale,36.83
8433,2026-05-25,Edinburgh,sale,67.27
8434,2026-05-25,Edinburgh,sale,158.2
8435,2026-05-25,Edinburgh,sale,125.53
8436,2026-05-25,Florence,sale,93.0
8437,2026-05-25,Florence,sale,21.33
8438,2026-05-25,Florence,sale,88.59
8439,2026-05-25,Florence,sale,19.33
8440,2026-05-25,Florence,sale,92.16
8441,2026-05-25,Florence,sale,60.36
8442,2026-05-25,Florence,sale,38.27
8443,2026-05-25,Florence,sale,46.33
8444,2026-05-25,Florence,sale,51.74
8445,2026-05-25,Florence,sale,169.58
8446,2026-05-25,Florence,sale,33.8
8447,2026-05-25,Florence,sale,47.63
8448,2026-05-25,Florence,sale,36.46
8449,2026-05-25,Florence,sale,91.92
8450,2026-05-25,Florence,sale,29.55
8451,2026-05-25,Florence,sale,92.23
8452,2026-05-25,Florence,sale,87.04
8453,2026-05-26,Amsterdam,sale,86.96
8454,2026-05-26,Amsterdam,sale,93.23
8455,2026-05-26,Amsterdam,sale,16.49
8456,2026-05-26,Amsterdam,sale,23.38
8457,2026-05-26,Amsterdam,sale,169.08
8458,2026-05-26,Amsterdam,sale,69.86
8459,2026-05-26,Amsterdam,sale,120.68
8460,2026-05-26,Amsterdam,sale,85.3
8461,2026-05-26,Amsterdam,sale,90.5
8462,2026-05-26,Amsterdam,sale,106.75
8463,2026-05-26,Amsterdam,sale,31.96
8464,2026-05-26,Amsterdam,sale,102.32
8465,2026-05-26,Amsterdam,sale,82.31
8466,2026-05-26,Amsterdam,sale,137.88
8467,2026-05-26,Amsterdam,sale,42.93
8468,2026-05-26,Amsterdam,sale,104.97
8469,2026-05-26,Amsterdam,sale,164.17
8470,2026-05-26,Amsterdam,sale,129.39
8471,2026-05-26,Amsterdam,sale,153.43
8472,2026-05-26,Amsterdam,sale,161.48
8473,2026-05-26,Amsterdam,sale,89.23
8474,2026-05-26,Amsterdam,sale,142.63
8475,2026-05-26,Amsterdam,sale,82.05
8476,2026-05-26,Amsterdam,sale,126.23
8477,2026-05-26,Amsterdam,sale,118.43
8478,2026-05-26,Amsterdam,sale,131.53
8479,2026-05-26,Amsterdam,sale,106.81
8480,2026-05-26,Amsterdam,sale,157.8
8481,2026-05-26,Amsterdam,sale,159.27
8482,2026-05-26,Amsterdam,sale,83.9
8483,2026-05-26,Amsterdam,sale,131.06
8484,2026-05-26,Berlin,sale,46.48
8485,2026-05-26,Berlin,sale,74.09
8486,2026-05-26,Berlin,sale,98.43
8487,2026-05-26,Berlin,sale,150.29
8488,2026-05-26,Berlin,refund,-53.52
8489,2026-05-26,Berlin,sale,174.57
8490,2026-05-26,Berlin,refund,-89.47
8491,2026-05-26,Berlin,sale,33.57
8492,2026-05-26,Berlin,sale,79.73
8493,2026-05-26,Berlin,sale,116.27
8494,2026-05-26,Berlin,sale,82.92
8495,2026-05-26,Berlin,sale,55.61
8496,2026-05-26,Berlin,sale,177.97
8497,2026-05-26,Berlin,sale,82.82
8498,2026-05-26,Berlin,sale,8.01
8499,2026-05-26,Berlin,sale,159.09
8500,2026-05-26,Berlin,sale,80.87
8501,2026-05-26,Berlin,sale,162.87
8502,2026-05-26,Berlin,sale,162.36
8503,2026-05-26,Berlin,sale,7.27
8504,2026-05-26,Berlin,sale,166.26
8505,2026-05-26,Berlin,sale,64.53
8506,2026-05-26,Berlin,sale,42.16
8507,2026-05-26,Berlin,sale,41.52
8508,2026-05-26,Berlin,sale,54.9
8509,2026-05-26,Berlin,sale,37.43
8510,2026-05-26,Berlin,sale,178.48
8511,2026-05-26,Berlin,sale,77.52
8512,2026-05-26,Berlin,sale,140.39
8513,2026-05-26,Berlin,sale,161.96
8514,2026-05-26,Berlin,sale,126.96
8515,2026-05-26,Berlin,sale,123.02
8516,2026-05-26,Berlin,sale,85.06
8517,2026-05-26,Berlin,sale,131.68
8518,2026-05-26,Berlin,refund,-29.98
8519,2026-05-26,Berlin,sale,127.96
8520,2026-05-26,Berlin,sale,128.33
8521,2026-05-26,Berlin,sale,11.9
8522,2026-05-26,Berlin,sale,102.81
8523,2026-05-26,Berlin,sale,70.15
8524,2026-05-26,Berlin,sale,47.49
8525,2026-05-26,Berlin,sale,74.66
8526,2026-05-26,Berlin,sale,152.45
8527,2026-05-26,Berlin,sale,143.09
8528,2026-05-26,Berlin,sale,122.93
8529,2026-05-26,Berlin,sale,130.8
8530,2026-05-26,Berlin,sale,179.13
8531,2026-05-26,Copenhagen,sale,42.25
8532,2026-05-26,Copenhagen,refund,-43.56
8533,2026-05-26,Copenhagen,sale,144.21
8534,2026-05-26,Copenhagen,sale,86.28
8535,2026-05-26,Copenhagen,refund,-176.93
8536,2026-05-26,Copenhagen,sale,101.08
8537,2026-05-26,Copenhagen,sale,45.43
8538,2026-05-26,Copenhagen,sale,25.46
8539,2026-05-26,Copenhagen,sale,91.81
8540,2026-05-26,Copenhagen,sale,55.41
8541,2026-05-26,Copenhagen,sale,48.49
8542,2026-05-26,Copenhagen,sale,78.48
8543,2026-05-26,Dublin,sale,159.34
8544,2026-05-26,Dublin,sale,53.49
8545,2026-05-26,Dublin,sale,24.68
8546,2026-05-26,Dublin,sale,11.87
8547,2026-05-26,Dublin,sale,76.22
8548,2026-05-26,Dublin,sale,21.02
8549,2026-05-26,Dublin,sale,147.31
8550,2026-05-26,Dublin,sale,103.47
8551,2026-05-26,Dublin,refund,-40.48
8552,2026-05-26,Dublin,sale,109.46
8553,2026-05-26,Dublin,refund,-169.54
8554,2026-05-26,Dublin,sale,92.39
8555,2026-05-26,Dublin,sale,31.65
8556,2026-05-26,Dublin,sale,157.24
8557,2026-05-26,Dublin,sale,155.9
8558,2026-05-26,Dublin,sale,39.92
8559,2026-05-26,Dublin,sale,170.72
8560,2026-05-26,Dublin,sale,135.94
8561,2026-05-26,Dublin,sale,8.32
8562,2026-05-26,Dublin,sale,50.39
8563,2026-05-26,Dublin,sale,97.03
8564,2026-05-26,Dublin,sale,61.13
8565,2026-05-26,Dublin,sale,28.37
8566,2026-05-26,Dublin,sale,98.34
8567,2026-05-26,Dublin,sale,178.42
8568,2026-05-26,Dublin,sale,57.97
8569,2026-05-26,Dublin,sale,86.34
8570,2026-05-26,Dublin,sale,25.99
8571,2026-05-26,Edinburgh,sale,179.26
8572,2026-05-26,Edinburgh,sale,80.74
8573,2026-05-26,Edinburgh,sale,14.68
8574,2026-05-26,Edinburgh,sale,7.82
8575,2026-05-26,Edinburgh,sale,88.3
8576,2026-05-26,Edinburgh,sale,95.28
8577,2026-05-26,Edinburgh,sale,121.19
8578,2026-05-26,Edinburgh,sale,17.65
8579,2026-05-26,Edinburgh,sale,158.24
8580,2026-05-26,Edinburgh,sale,127.62
8581,2026-05-26,Edinburgh,sale,64.33
8582,2026-05-26,Edinburgh,sale,21.81
8583,2026-05-26,Edinburgh,sale,113.9
8584,2026-05-26,Edinburgh,sale,66.08
8585,2026-05-26,Florence,sale,28.89
8586,2026-05-26,Florence,refund,-10.79
8587,2026-05-26,Florence,sale,43.38
8588,2026-05-26,Florence,sale,132.12
8589,2026-05-26,Florence,sale,133.7
8590,2026-05-26,Florence,sale,166.63
8591,2026-05-26,Florence,sale,49.2
8592,2026-05-26,Florence,sale,176.49
8593,2026-05-26,Florence,sale,76.74
8594,2026-05-26,Florence,sale,107.09
8595,2026-05-26,Florence,sale,148.76
8596,2026-05-26,Florence,sale,80.38
8597,2026-05-26,Florence,sale,96.01
8598,2026-05-26,Florence,sale,71.35
8599,2026-05-26,Florence,sale,6.24
8600,2026-05-26,Florence,sale,61.11
8601,2026-05-26,Florence,sale,88.45
8602,2026-05-26,Florence,sale,38.12
8603,2026-05-26,Florence,sale,138.74
8604,2026-05-26,Florence,sale,128.55
8605,2026-05-26,Florence,sale,161.87
8606,2026-05-26,Florence,sale,66.5
8607,2026-05-27,Amsterdam,sale,111.98
8608,2026-05-27,Amsterdam,sale,150.26
8609,2026-05-27,Amsterdam,sale,10.34
8610,2026-05-27,Amsterdam,sale,93.76
8611,2026-05-27,Amsterdam,refund,-27.5
8612,2026-05-27,Amsterdam,sale,62.0
8613,2026-05-27,Amsterdam,sale,30.99
8614,2026-05-27,Amsterdam,sale,32.16
8615,2026-05-27,Amsterdam,sale,115.36
8616,2026-05-27,Amsterdam,sale,152.55
8617,2026-05-27,Amsterdam,sale,39.11
8618,2026-05-27,Amsterdam,sale,19.91
8619,2026-05-27,Amsterdam,sale,165.27
8620,2026-05-27,Amsterdam,sale,67.85
8621,2026-05-27,Amsterdam,sale,28.62
8622,2026-05-27,Amsterdam,sale,118.42
8623,2026-05-27,Amsterdam,sale,74.65
8624,2026-05-27,Amsterdam,sale,114.65
8625,2026-05-27,Amsterdam,sale,68.93
8626,2026-05-27,Amsterdam,sale,134.56
8627,2026-05-27,Amsterdam,sale,18.67
8628,2026-05-27,Amsterdam,sale,84.34
8629,2026-05-27,Amsterdam,sale,177.53
8630,2026-05-27,Amsterdam,sale,113.54
8631,2026-05-27,Amsterdam,sale,122.69
8632,2026-05-27,Amsterdam,sale,64.3
8633,2026-05-27,Amsterdam,sale,24.85
8634,2026-05-27,Amsterdam,sale,98.65
8635,2026-05-27,Amsterdam,sale,90.13
8636,2026-05-27,Berlin,sale,124.22
8637,2026-05-27,Berlin,sale,125.2
8638,2026-05-27,Berlin,sale,70.14
8639,2026-05-27,Berlin,sale,55.83
8640,2026-05-27,Berlin,sale,36.61
8641,2026-05-27,Berlin,sale,21.41
8642,2026-05-27,Berlin,sale,36.36
8643,2026-05-27,Berlin,sale,139.69
8644,2026-05-27,Berlin,sale,174.35
8645,2026-05-27,Berlin,sale,28.26
8646,2026-05-27,Berlin,sale,97.73
8647,2026-05-27,Berlin,sale,113.49
8648,2026-05-27,Berlin,sale,130.7
8649,2026-05-27,Berlin,sale,136.61
8650,2026-05-27,Berlin,sale,37.06
8651,2026-05-27,Berlin,sale,6.77
8652,2026-05-27,Berlin,sale,7.2
8653,2026-05-27,Berlin,sale,78.68
8654,2026-05-27,Berlin,sale,15.55
8655,2026-05-27,Berlin,sale,126.58
8656,2026-05-27,Berlin,sale,9.92
8657,2026-05-27,Berlin,sale,141.24
8658,2026-05-27,Berlin,sale,84.38
8659,2026-05-27,Berlin,sale,114.97
8660,2026-05-27,Berlin,sale,121.16
8661,2026-05-27,Berlin,sale,153.66
8662,2026-05-27,Berlin,sale,169.12
8663,2026-05-27,Berlin,sale,135.16
8664,2026-05-27,Berlin,sale,32.29
8665,2026-05-27,Berlin,sale,138.31
8666,2026-05-27,Berlin,sale,158.03
8667,2026-05-27,Berlin,sale,110.11
8668,2026-05-27,Berlin,sale,56.81
8669,2026-05-27,Berlin,sale,57.88
8670,2026-05-27,Berlin,sale,63.32
8671,2026-05-27,Berlin,sale,171.25
8672,2026-05-27,Berlin,sale,125.43
8673,2026-05-27,Berlin,sale,9.72
8674,2026-05-27,Berlin,sale,176.46
8675,2026-05-27,Berlin,sale,70.95
8676,2026-05-27,Berlin,sale,72.75
8677,2026-05-27,Berlin,sale,152.23
8678,2026-05-27,Berlin,sale,97.24
8679,2026-05-27,Berlin,sale,43.08
8680,2026-05-27,Berlin,sale,167.38
8681,2026-05-27,Berlin,sale,135.67
8682,2026-05-27,Berlin,sale,176.83
8683,2026-05-27,Berlin,sale,61.61
8684,2026-05-27,Copenhagen,sale,117.75
8685,2026-05-27,Copenhagen,sale,61.96
8686,2026-05-27,Copenhagen,sale,63.14
8687,2026-05-27,Copenhagen,sale,70.5
8688,2026-05-27,Copenhagen,sale,65.5
8689,2026-05-27,Copenhagen,sale,56.45
8690,2026-05-27,Copenhagen,sale,73.62
8691,2026-05-27,Copenhagen,sale,130.54
8692,2026-05-27,Copenhagen,sale,174.69
8693,2026-05-27,Copenhagen,sale,56.87
8694,2026-05-27,Copenhagen,sale,99.08
8695,2026-05-27,Copenhagen,sale,153.9
8696,2026-05-27,Copenhagen,sale,89.29
8697,2026-05-27,Copenhagen,sale,162.82
8698,2026-05-27,Copenhagen,sale,14.26
8699,2026-05-27,Copenhagen,sale,51.63
8700,2026-05-27,Dublin,sale,77.47
8701,2026-05-27,Dublin,sale,105.66
8702,2026-05-27,Dublin,sale,97.08
8703,2026-05-27,Dublin,sale,10.82
8704,2026-05-27,Dublin,sale,155.31
8705,2026-05-27,Dublin,sale,103.28
8706,2026-05-27,Dublin,sale,94.77
8707,2026-05-27,Dublin,sale,113.42
8708,2026-05-27,Dublin,sale,21.97
8709,2026-05-27,Dublin,sale,118.22
8710,2026-05-27,Dublin,sale,158.15
8711,2026-05-27,Dublin,sale,95.48
8712,2026-05-27,Dublin,sale,106.12
8713,2026-05-27,Dublin,sale,77.97
8714,2026-05-27,Dublin,sale,113.02
8715,2026-05-27,Dublin,sale,56.28
8716,2026-05-27,Dublin,sale,168.04
8717,2026-05-27,Dublin,sale,8.96
8718,2026-05-27,Dublin,sale,98.94
8719,2026-05-27,Dublin,sale,38.98
8720,2026-05-27,Dublin,sale,169.0
8721,2026-05-27,Dublin,sale,145.86
8722,2026-05-27,Dublin,sale,87.01
8723,2026-05-27,Dublin,sale,17.13
8724,2026-05-27,Dublin,refund,-52.46
8725,2026-05-27,Edinburgh,sale,95.09
8726,2026-05-27,Edinburgh,sale,135.26
8727,2026-05-27,Edinburgh,sale,178.67
8728,2026-05-27,Edinburgh,sale,17.36
8729,2026-05-27,Edinburgh,sale,55.88
8730,2026-05-27,Edinburgh,sale,81.12
8731,2026-05-27,Edinburgh,sale,154.02
8732,2026-05-27,Edinburgh,sale,83.59
8733,2026-05-27,Edinburgh,sale,147.69
8734,2026-05-27,Edinburgh,sale,178.99
8735,2026-05-27,Edinburgh,sale,165.92
8736,2026-05-27,Edinburgh,sale,116.0
8737,2026-05-27,Edinburgh,sale,51.94
8738,2026-05-27,Florence,sale,73.12
8739,2026-05-27,Florence,sale,121.17
8740,2026-05-27,Florence,sale,92.89
8741,2026-05-27,Florence,sale,21.29
8742,2026-05-27,Florence,sale,66.48
8743,2026-05-27,Florence,sale,90.23
8744,2026-05-27,Florence,sale,170.23
8745,2026-05-27,Florence,sale,101.73
8746,2026-05-27,Florence,sale,165.64
8747,2026-05-27,Florence,sale,38.69
8748,2026-05-27,Florence,sale,8.5
8749,2026-05-27,Florence,sale,8.91
8750,2026-05-27,Florence,sale,163.31
8751,2026-05-27,Florence,sale,134.64
8752,2026-05-27,Florence,sale,37.61
8753,2026-05-27,Florence,sale,27.23
8754,2026-05-27,Florence,sale,59.04
8755,2026-05-27,Florence,sale,24.14
8756,2026-05-27,Florence,sale,11.17
8757,2026-05-27,Florence,sale,177.29
8758,2026-05-28,Amsterdam,sale,175.51
8759,2026-05-28,Amsterdam,sale,65.69
8760,2026-05-28,Amsterdam,sale,159.08
8761,2026-05-28,Amsterdam,refund,-156.72
8762,2026-05-28,Amsterdam,sale,111.52
8763,2026-05-28,Amsterdam,sale,84.64
8764,2026-05-28,Amsterdam,sale,129.45
8765,2026-05-28,Amsterdam,sale,82.41
8766,2026-05-28,Amsterdam,sale,131.52
8767,2026-05-28,Amsterdam,sale,55.73
8768,2026-05-28,Amsterdam,sale,13.79
8769,2026-05-28,Amsterdam,sale,103.66
8770,2026-05-28,Amsterdam,sale,68.72
8771,2026-05-28,Amsterdam,sale,116.39
8772,2026-05-28,Amsterdam,sale,118.24
8773,2026-05-28,Amsterdam,refund,-73.92
8774,2026-05-28,Amsterdam,sale,153.56
8775,2026-05-28,Amsterdam,sale,125.24
8776,2026-05-28,Amsterdam,sale,22.32
8777,2026-05-28,Amsterdam,sale,34.58
8778,2026-05-28,Amsterdam,sale,133.3
8779,2026-05-28,Amsterdam,sale,6.15
8780,2026-05-28,Amsterdam,sale,123.49
8781,2026-05-28,Amsterdam,sale,178.52
8782,2026-05-28,Amsterdam,sale,81.63
8783,2026-05-28,Berlin,sale,129.11
8784,2026-05-28,Berlin,sale,178.0
8785,2026-05-28,Berlin,sale,15.54
8786,2026-05-28,Berlin,sale,63.23
8787,2026-05-28,Berlin,sale,166.79
8788,2026-05-28,Berlin,sale,165.55
8789,2026-05-28,Berlin,sale,95.95
8790,2026-05-28,Berlin,sale,112.42
8791,2026-05-28,Berlin,sale,122.65
8792,2026-05-28,Berlin,sale,165.28
8793,2026-05-28,Berlin,sale,21.93
8794,2026-05-28,Berlin,sale,11.02
8795,2026-05-28,Berlin,sale,89.44
8796,2026-05-28,Berlin,sale,130.47
8797,2026-05-28,Berlin,sale,123.02
8798,2026-05-28,Berlin,sale,163.51
8799,2026-05-28,Berlin,sale,141.15
8800,2026-05-28,Berlin,sale,157.56
8801,2026-05-28,Berlin,sale,40.41
8802,2026-05-28,Berlin,sale,104.34
8803,2026-05-28,Berlin,sale,14.17
8804,2026-05-28,Berlin,sale,151.01
8805,2026-05-28,Berlin,sale,80.45
8806,2026-05-28,Berlin,sale,10.1
8807,2026-05-28,Berlin,sale,144.31
8808,2026-05-28,Berlin,sale,87.75
8809,2026-05-28,Berlin,sale,32.56
8810,2026-05-28,Berlin,sale,122.79
8811,2026-05-28,Berlin,sale,35.66
8812,2026-05-28,Berlin,sale,29.91
8813,2026-05-28,Berlin,sale,159.56
8814,2026-05-28,Berlin,sale,141.25
8815,2026-05-28,Berlin,sale,165.27
8816,2026-05-28,Berlin,sale,53.22
8817,2026-05-28,Berlin,sale,87.21
8818,2026-05-28,Berlin,sale,153.38
8819,2026-05-28,Berlin,sale,28.83
8820,2026-05-28,Berlin,sale,56.54
8821,2026-05-28,Berlin,sale,123.85
8822,2026-05-28,Berlin,sale,111.96
8823,2026-05-28,Berlin,sale,169.71
8824,2026-05-28,Berlin,sale,114.5
8825,2026-05-28,Berlin,sale,52.89
8826,2026-05-28,Copenhagen,sale,15.79
8827,2026-05-28,Copenhagen,sale,121.23
8828,2026-05-28,Copenhagen,sale,51.98
8829,2026-05-28,Copenhagen,refund,-110.23
8830,2026-05-28,Copenhagen,sale,70.82
8831,2026-05-28,Copenhagen,sale,10.04
8832,2026-05-28,Copenhagen,sale,34.45
8833,2026-05-28,Dublin,sale,56.37
8834,2026-05-28,Dublin,sale,144.49
8835,2026-05-28,Dublin,sale,106.97
8836,2026-05-28,Dublin,sale,118.52
8837,2026-05-28,Dublin,sale,53.03
8838,2026-05-28,Dublin,sale,95.23
8839,2026-05-28,Dublin,sale,14.15
8840,2026-05-28,Dublin,sale,51.64
8841,2026-05-28,Dublin,sale,125.92
8842,2026-05-28,Dublin,sale,78.85
8843,2026-05-28,Dublin,refund,-165.88
8844,2026-05-28,Dublin,sale,172.69
8845,2026-05-28,Dublin,refund,-127.13
8846,2026-05-28,Dublin,sale,174.37
8847,2026-05-28,Dublin,sale,98.69
8848,2026-05-28,Dublin,sale,134.78
8849,2026-05-28,Dublin,sale,135.67
8850,2026-05-28,Dublin,sale,154.26
8851,2026-05-28,Dublin,sale,129.64
8852,2026-05-28,Dublin,sale,123.39
8853,2026-05-28,Dublin,sale,135.03
8854,2026-05-28,Dublin,sale,78.89
8855,2026-05-28,Dublin,sale,80.57
8856,2026-05-28,Dublin,sale,109.2
8857,2026-05-28,Dublin,sale,164.1
8858,2026-05-28,Dublin,sale,91.84
8859,2026-05-28,Dublin,sale,58.39
8860,2026-05-28,Dublin,sale,43.1
8861,2026-05-28,Edinburgh,sale,104.15
8862,2026-05-28,Edinburgh,sale,170.04
8863,2026-05-28,Edinburgh,sale,150.87
8864,2026-05-28,Edinburgh,sale,49.21
8865,2026-05-28,Edinburgh,sale,20.11
8866,2026-05-28,Edinburgh,sale,140.16
8867,2026-05-28,Edinburgh,sale,150.33
8868,2026-05-28,Edinburgh,sale,74.96
8869,2026-05-28,Edinburgh,sale,115.15
8870,2026-05-28,Edinburgh,sale,167.44
8871,2026-05-28,Edinburgh,sale,64.78
8872,2026-05-28,Edinburgh,sale,80.2
8873,2026-05-28,Edinburgh,sale,159.07
8874,2026-05-28,Edinburgh,sale,175.82
8875,2026-05-28,Edinburgh,sale,101.37
8876,2026-05-28,Edinburgh,sale,113.66
8877,2026-05-28,Edinburgh,sale,145.98
8878,2026-05-28,Florence,sale,83.14
8879,2026-05-28,Florence,refund,-135.67
8880,2026-05-28,Florence,sale,64.73
8881,2026-05-28,Florence,sale,142.97
8882,2026-05-28,Florence,sale,128.71
8883,2026-05-28,Florence,sale,127.41
8884,2026-05-28,Florence,sale,56.51
8885,2026-05-28,Florence,sale,81.55
8886,2026-05-28,Florence,sale,65.59
8887,2026-05-28,Florence,sale,43.42
8888,2026-05-28,Florence,sale,132.3
8889,2026-05-28,Florence,sale,52.99
8890,2026-05-28,Florence,sale,80.65
8891,2026-05-28,Florence,sale,160.09
8892,2026-05-28,Florence,sale,79.88
8893,2026-05-28,Florence,sale,14.56
8894,2026-05-28,Florence,sale,88.77
8895,2026-05-29,Amsterdam,sale,33.85
8896,2026-05-29,Amsterdam,sale,105.6
8897,2026-05-29,Amsterdam,sale,114.98
8898,2026-05-29,Amsterdam,sale,30.29
8899,2026-05-29,Amsterdam,sale,91.65
8900,2026-05-29,Amsterdam,sale,167.88
8901,2026-05-29,Amsterdam,sale,173.59
8902,2026-05-29,Amsterdam,sale,28.83
8903,2026-05-29,Amsterdam,sale,108.94
8904,2026-05-29,Amsterdam,sale,94.63
8905,2026-05-29,Amsterdam,sale,110.38
8906,2026-05-29,Amsterdam,sale,156.29
8907,2026-05-29,Amsterdam,sale,128.41
8908,2026-05-29,Amsterdam,sale,14.91
8909,2026-05-29,Amsterdam,sale,138.52
8910,2026-05-29,Amsterdam,sale,90.74
8911,2026-05-29,Amsterdam,sale,12.73
8912,2026-05-29,Amsterdam,sale,66.35
8913,2026-05-29,Amsterdam,sale,143.55
8914,2026-05-29,Amsterdam,sale,15.8
8915,2026-05-29,Amsterdam,sale,72.05
8916,2026-05-29,Amsterdam,sale,105.54
8917,2026-05-29,Amsterdam,sale,136.56
8918,2026-05-29,Amsterdam,sale,147.36
8919,2026-05-29,Amsterdam,sale,41.27
8920,2026-05-29,Berlin,sale,129.5
8921,2026-05-29,Berlin,sale,133.15
8922,2026-05-29,Berlin,refund,-12.4
8923,2026-05-29,Berlin,refund,-82.45
8924,2026-05-29,Berlin,sale,83.28
8925,2026-05-29,Berlin,sale,23.23
8926,2026-05-29,Berlin,sale,85.09
8927,2026-05-29,Berlin,sale,147.27
8928,2026-05-29,Berlin,sale,179.72
8929,2026-05-29,Berlin,sale,29.52
8930,2026-05-29,Berlin,sale,25.76
8931,2026-05-29,Berlin,sale,168.92
8932,2026-05-29,Berlin,sale,13.44
8933,2026-05-29,Berlin,sale,145.78
8934,2026-05-29,Berlin,sale,114.92
8935,2026-05-29,Berlin,sale,85.81
8936,2026-05-29,Berlin,sale,111.46
8937,2026-05-29,Berlin,sale,149.84
8938,2026-05-29,Berlin,sale,128.76
8939,2026-05-29,Berlin,refund,-20.84
8940,2026-05-29,Berlin,sale,115.73
8941,2026-05-29,Berlin,sale,144.39
8942,2026-05-29,Berlin,sale,84.55
8943,2026-05-29,Berlin,sale,53.38
8944,2026-05-29,Berlin,sale,85.47
8945,2026-05-29,Berlin,sale,82.3
8946,2026-05-29,Berlin,sale,148.42
8947,2026-05-29,Berlin,sale,96.38
8948,2026-05-29,Berlin,sale,121.43
8949,2026-05-29,Berlin,sale,177.17
8950,2026-05-29,Berlin,sale,139.77
8951,2026-05-29,Berlin,sale,82.06
8952,2026-05-29,Berlin,sale,67.7
8953,2026-05-29,Berlin,sale,170.66
8954,2026-05-29,Berlin,sale,165.11
8955,2026-05-29,Berlin,sale,82.08
8956,2026-05-29,Berlin,sale,62.31
8957,2026-05-29,Berlin,sale,56.28
8958,2026-05-29,Berlin,sale,162.95
8959,2026-05-29,Berlin,sale,153.98
8960,2026-05-29,Copenhagen,sale,98.92
8961,2026-05-29,Copenhagen,sale,72.47
8962,2026-05-29,Copenhagen,sale,77.75
8963,2026-05-29,Copenhagen,sale,54.08
8964,2026-05-29,Copenhagen,sale,175.34
8965,2026-05-29,Copenhagen,sale,133.97
8966,2026-05-29,Copenhagen,refund,-31.48
8967,2026-05-29,Copenhagen,sale,139.02
8968,2026-05-29,Copenhagen,refund,-153.02
8969,2026-05-29,Copenhagen,sale,145.96
8970,2026-05-29,Dublin,sale,38.7
8971,2026-05-29,Dublin,sale,8.49
8972,2026-05-29,Dublin,sale,175.67
8973,2026-05-29,Dublin,sale,178.9
8974,2026-05-29,Dublin,sale,32.73
8975,2026-05-29,Dublin,sale,64.73
8976,2026-05-29,Dublin,sale,141.99
8977,2026-05-29,Dublin,sale,89.15
8978,2026-05-29,Dublin,sale,18.82
8979,2026-05-29,Dublin,sale,128.72
8980,2026-05-29,Dublin,sale,123.4
8981,2026-05-29,Dublin,sale,30.63
8982,2026-05-29,Dublin,sale,150.3
8983,2026-05-29,Dublin,sale,164.18
8984,2026-05-29,Dublin,sale,148.47
8985,2026-05-29,Dublin,sale,28.01
8986,2026-05-29,Dublin,sale,21.56
8987,2026-05-29,Dublin,sale,28.06
8988,2026-05-29,Dublin,sale,133.34
8989,2026-05-29,Dublin,sale,129.9
8990,2026-05-29,Dublin,sale,35.68
8991,2026-05-29,Dublin,sale,37.1
8992,2026-05-29,Dublin,sale,170.2
8993,2026-05-29,Dublin,sale,22.94
8994,2026-05-29,Dublin,sale,90.25
8995,2026-05-29,Dublin,sale,53.11
8996,2026-05-29,Dublin,sale,86.72
8997,2026-05-29,Dublin,sale,55.84
8998,2026-05-29,Dublin,sale,166.03
8999,2026-05-29,Edinburgh,sale,82.84
9000,2026-05-29,Edinburgh,sale,43.8
9001,2026-05-29,Edinburgh,sale,53.83
9002,2026-05-29,Edinburgh,sale,40.16
9003,2026-05-29,Edinburgh,sale,93.9
9004,2026-05-29,Edinburgh,sale,19.44
9005,2026-05-29,Edinburgh,sale,120.65
9006,2026-05-29,Edinburgh,sale,114.04
9007,2026-05-29,Edinburgh,sale,53.45
9008,2026-05-29,Edinburgh,refund,-109.22
9009,2026-05-29,Edinburgh,sale,152.04
9010,2026-05-29,Edinburgh,sale,68.74
9011,2026-05-29,Edinburgh,sale,145.23
9012,2026-05-29,Edinburgh,sale,58.51
9013,2026-05-29,Edinburgh,sale,25.23
9014,2026-05-29,Florence,sale,108.92
9015,2026-05-29,Florence,sale,105.56
9016,2026-05-29,Florence,sale,102.31
9017,2026-05-29,Florence,sale,12.05
9018,2026-05-29,Florence,sale,125.91
9019,2026-05-29,Florence,sale,106.6
9020,2026-05-29,Florence,sale,63.51
9021,2026-05-29,Florence,sale,100.37
9022,2026-05-29,Florence,sale,72.72
9023,2026-05-29,Florence,sale,119.7
9024,2026-05-29,Florence,sale,154.19
9025,2026-05-29,Florence,sale,96.51
9026,2026-05-29,Florence,sale,62.97
9027,2026-05-29,Florence,sale,133.5
9028,2026-05-29,Florence,sale,10.69
9029,2026-05-29,Florence,sale,109.34
9030,2026-05-29,Florence,sale,10.54
9031,2026-05-29,Florence,sale,45.4
9032,2026-05-29,Florence,sale,65.65
9033,2026-05-30,Amsterdam,sale,169.33
9034,2026-05-30,Amsterdam,sale,75.14
9035,2026-05-30,Amsterdam,sale,57.45
9036,2026-05-30,Amsterdam,sale,75.72
9037,2026-05-30,Amsterdam,sale,81.52
9038,2026-05-30,Amsterdam,sale,100.5
9039,2026-05-30,Amsterdam,sale,30.2
9040,2026-05-30,Amsterdam,sale,19.29
9041,2026-05-30,Amsterdam,sale,157.71
9042,2026-05-30,Amsterdam,sale,17.08
9043,2026-05-30,Amsterdam,sale,132.15
9044,2026-05-30,Amsterdam,sale,91.84
9045,2026-05-30,Amsterdam,sale,75.9
9046,2026-05-30,Amsterdam,sale,162.41
9047,2026-05-30,Amsterdam,sale,21.11
9048,2026-05-30,Amsterdam,sale,147.1
9049,2026-05-30,Amsterdam,sale,139.38
9050,2026-05-30,Amsterdam,sale,112.8
9051,2026-05-30,Amsterdam,sale,72.31
9052,2026-05-30,Amsterdam,sale,167.31
9053,2026-05-30,Amsterdam,sale,166.77
9054,2026-05-30,Amsterdam,sale,164.35
9055,2026-05-30,Amsterdam,sale,133.72
9056,2026-05-30,Amsterdam,sale,10.37
9057,2026-05-30,Amsterdam,sale,82.03
9058,2026-05-30,Amsterdam,sale,64.47
9059,2026-05-30,Amsterdam,sale,97.54
9060,2026-05-30,Amsterdam,sale,111.24
9061,2026-05-30,Amsterdam,sale,167.85
9062,2026-05-30,Amsterdam,sale,130.72
9063,2026-05-30,Amsterdam,sale,171.67
9064,2026-05-30,Amsterdam,sale,168.63
9065,2026-05-30,Amsterdam,sale,76.02
9066,2026-05-30,Berlin,sale,89.31
9067,2026-05-30,Berlin,sale,12.51
9068,2026-05-30,Berlin,sale,31.83
9069,2026-05-30,Berlin,sale,133.74
9070,2026-05-30,Berlin,sale,140.63
9071,2026-05-30,Berlin,sale,130.84
9072,2026-05-30,Berlin,sale,125.42
9073,2026-05-30,Berlin,sale,167.46
9074,2026-05-30,Berlin,sale,10.64
9075,2026-05-30,Berlin,sale,44.61
9076,2026-05-30,Berlin,sale,69.03
9077,2026-05-30,Berlin,sale,22.95
9078,2026-05-30,Berlin,sale,60.34
9079,2026-05-30,Berlin,sale,92.44
9080,2026-05-30,Berlin,sale,167.42
9081,2026-05-30,Berlin,sale,45.29
9082,2026-05-30,Berlin,sale,118.08
9083,2026-05-30,Berlin,sale,160.1
9084,2026-05-30,Berlin,sale,80.9
9085,2026-05-30,Berlin,sale,63.15
9086,2026-05-30,Berlin,sale,106.35
9087,2026-05-30,Berlin,sale,59.01
9088,2026-05-30,Berlin,sale,12.04
9089,2026-05-30,Berlin,sale,174.08
9090,2026-05-30,Berlin,sale,59.08
9091,2026-05-30,Berlin,sale,134.63
9092,2026-05-30,Berlin,sale,58.4
9093,2026-05-30,Berlin,sale,19.57
9094,2026-05-30,Berlin,sale,143.91
9095,2026-05-30,Berlin,sale,101.21
9096,2026-05-30,Berlin,sale,157.05
9097,2026-05-30,Berlin,sale,50.27
9098,2026-05-30,Berlin,sale,33.47
9099,2026-05-30,Berlin,sale,9.7
9100,2026-05-30,Berlin,sale,68.5
9101,2026-05-30,Berlin,sale,136.77
9102,2026-05-30,Berlin,sale,69.32
9103,2026-05-30,Berlin,refund,-44.53
9104,2026-05-30,Berlin,sale,137.27
9105,2026-05-30,Berlin,sale,140.59
9106,2026-05-30,Berlin,sale,80.05
9107,2026-05-30,Berlin,sale,83.23
9108,2026-05-30,Berlin,sale,149.26
9109,2026-05-30,Berlin,sale,27.14
9110,2026-05-30,Copenhagen,sale,79.2
9111,2026-05-30,Copenhagen,sale,155.71
9112,2026-05-30,Copenhagen,sale,176.8
9113,2026-05-30,Copenhagen,sale,22.01
9114,2026-05-30,Copenhagen,sale,65.19
9115,2026-05-30,Copenhagen,refund,-172.54
9116,2026-05-30,Copenhagen,refund,-174.02
9117,2026-05-30,Copenhagen,sale,128.44
9118,2026-05-30,Copenhagen,sale,148.06
9119,2026-05-30,Copenhagen,refund,-79.82
9120,2026-05-30,Dublin,sale,31.64
9121,2026-05-30,Dublin,sale,105.82
9122,2026-05-30,Dublin,sale,120.13
9123,2026-05-30,Dublin,sale,55.1
9124,2026-05-30,Dublin,sale,64.48
9125,2026-05-30,Dublin,sale,17.62
9126,2026-05-30,Dublin,sale,161.73
9127,2026-05-30,Dublin,sale,178.88
9128,2026-05-30,Dublin,sale,68.77
9129,2026-05-30,Dublin,sale,127.56
9130,2026-05-30,Dublin,sale,77.37
9131,2026-05-30,Dublin,sale,43.31
9132,2026-05-30,Dublin,sale,135.66
9133,2026-05-30,Dublin,sale,154.9
9134,2026-05-30,Dublin,sale,139.39
9135,2026-05-30,Dublin,sale,69.69
9136,2026-05-30,Dublin,sale,114.8
9137,2026-05-30,Dublin,sale,5.53
9138,2026-05-30,Dublin,refund,-139.93
9139,2026-05-30,Dublin,sale,86.79
9140,2026-05-30,Dublin,sale,19.58
9141,2026-05-30,Dublin,sale,41.8
9142,2026-05-30,Edinburgh,sale,165.72
9143,2026-05-30,Edinburgh,refund,-19.16
9144,2026-05-30,Edinburgh,sale,21.7
9145,2026-05-30,Edinburgh,sale,77.18
9146,2026-05-30,Edinburgh,sale,74.75
9147,2026-05-30,Edinburgh,sale,149.87
9148,2026-05-30,Edinburgh,sale,33.42
9149,2026-05-30,Edinburgh,sale,178.74
9150,2026-05-30,Edinburgh,sale,115.41
9151,2026-05-30,Edinburgh,sale,27.24
9152,2026-05-30,Edinburgh,sale,167.43
9153,2026-05-30,Edinburgh,sale,60.56
9154,2026-05-30,Edinburgh,sale,114.76
9155,2026-05-30,Edinburgh,sale,118.89
9156,2026-05-30,Edinburgh,sale,100.29
9157,2026-05-30,Edinburgh,sale,72.1
9158,2026-05-30,Edinburgh,sale,166.79
9159,2026-05-30,Edinburgh,sale,125.91
9160,2026-05-30,Edinburgh,sale,61.23
9161,2026-05-30,Edinburgh,sale,31.26
9162,2026-05-30,Edinburgh,sale,78.38
9163,2026-05-30,Edinburgh,sale,32.97
9164,2026-05-30,Edinburgh,sale,35.61
9165,2026-05-30,Florence,sale,167.92
9166,2026-05-30,Florence,sale,36.99
9167,2026-05-30,Florence,sale,73.88
9168,2026-05-30,Florence,sale,43.63
9169,2026-05-30,Florence,sale,49.37
9170,2026-05-30,Florence,sale,107.34
9171,2026-05-30,Florence,sale,125.69
9172,2026-05-30,Florence,sale,68.81
9173,2026-05-30,Florence,sale,164.83
9174,2026-05-30,Florence,sale,112.08
9175,2026-05-30,Florence,sale,103.03
9176,2026-05-30,Florence,sale,117.54
9177,2026-05-30,Florence,sale,32.72
9178,2026-05-30,Florence,sale,52.97
9179,2026-05-30,Florence,sale,116.54
9180,2026-05-30,Florence,sale,27.51
9181,2026-05-30,Florence,sale,112.75
9182,2026-05-30,Florence,sale,92.62
9183,2026-05-31,Amsterdam,sale,5.13
9184,2026-05-31,Amsterdam,sale,125.14
9185,2026-05-31,Amsterdam,sale,140.6
9186,2026-05-31,Amsterdam,sale,98.63
9187,2026-05-31,Amsterdam,sale,89.32
9188,2026-05-31,Amsterdam,sale,117.76
9189,2026-05-31,Amsterdam,sale,54.86
9190,2026-05-31,Amsterdam,sale,72.04
9191,2026-05-31,Amsterdam,sale,64.0
9192,2026-05-31,Amsterdam,sale,5.27
9193,2026-05-31,Amsterdam,sale,132.94
9194,2026-05-31,Amsterdam,sale,15.23
9195,2026-05-31,Amsterdam,sale,175.8
9196,2026-05-31,Amsterdam,sale,113.22
9197,2026-05-31,Amsterdam,sale,87.75
9198,2026-05-31,Amsterdam,sale,81.22
9199,2026-05-31,Amsterdam,sale,5.11
9200,2026-05-31,Amsterdam,sale,109.22
9201,2026-05-31,Amsterdam,sale,11.95
9202,2026-05-31,Amsterdam,sale,157.27
9203,2026-05-31,Amsterdam,sale,155.67
9204,2026-05-31,Amsterdam,sale,178.29
9205,2026-05-31,Amsterdam,sale,50.96
9206,2026-05-31,Amsterdam,sale,150.07
9207,2026-05-31,Amsterdam,sale,95.64
9208,2026-05-31,Amsterdam,sale,58.12
9209,2026-05-31,Amsterdam,sale,70.27
9210,2026-05-31,Amsterdam,refund,-106.41
9211,2026-05-31,Amsterdam,sale,131.35
9212,2026-05-31,Berlin,sale,25.11
9213,2026-05-31,Berlin,sale,67.87
9214,2026-05-31,Berlin,sale,172.69
9215,2026-05-31,Berlin,sale,73.09
9216,2026-05-31,Berlin,sale,14.5
9217,2026-05-31,Berlin,sale,15.91
9218,2026-05-31,Berlin,sale,74.21
9219,2026-05-31,Berlin,sale,69.94
9220,2026-05-31,Berlin,sale,65.65
9221,2026-05-31,Berlin,sale,178.02
9222,2026-05-31,Berlin,sale,19.33
9223,2026-05-31,Berlin,sale,154.57
9224,2026-05-31,Berlin,sale,162.05
9225,2026-05-31,Berlin,sale,57.2
9226,2026-05-31,Berlin,sale,171.66
9227,2026-05-31,Berlin,sale,122.02
9228,2026-05-31,Berlin,sale,139.1
9229,2026-05-31,Berlin,sale,171.63
9230,2026-05-31,Berlin,sale,95.67
9231,2026-05-31,Berlin,sale,23.55
9232,2026-05-31,Berlin,sale,153.64
9233,2026-05-31,Berlin,sale,154.81
9234,2026-05-31,Berlin,sale,48.15
9235,2026-05-31,Berlin,sale,73.32
9236,2026-05-31,Berlin,sale,58.48
9237,2026-05-31,Berlin,sale,59.66
9238,2026-05-31,Berlin,sale,11.64
9239,2026-05-31,Berlin,sale,43.21
9240,2026-05-31,Berlin,sale,174.74
9241,2026-05-31,Berlin,sale,27.18
9242,2026-05-31,Berlin,sale,69.77
9243,2026-05-31,Berlin,sale,152.55
9244,2026-05-31,Berlin,sale,154.33
9245,2026-05-31,Berlin,sale,111.46
9246,2026-05-31,Berlin,sale,117.56
9247,2026-05-31,Berlin,sale,178.37
9248,2026-05-31,Berlin,sale,124.9
9249,2026-05-31,Berlin,sale,14.53
9250,2026-05-31,Berlin,sale,40.07
9251,2026-05-31,Berlin,sale,47.48
9252,2026-05-31,Berlin,sale,177.9
9253,2026-05-31,Berlin,sale,57.54
9254,2026-05-31,Berlin,sale,55.0
9255,2026-05-31,Berlin,sale,58.93
9256,2026-05-31,Berlin,sale,68.45
9257,2026-05-31,Copenhagen,refund,-84.0
9258,2026-05-31,Copenhagen,sale,69.53
9259,2026-05-31,Copenhagen,sale,142.25
9260,2026-05-31,Copenhagen,sale,171.72
9261,2026-05-31,Copenhagen,sale,52.56
9262,2026-05-31,Copenhagen,sale,123.89
9263,2026-05-31,Copenhagen,sale,107.8
9264,2026-05-31,Copenhagen,sale,87.76
9265,2026-05-31,Copenhagen,sale,51.19
9266,2026-05-31,Copenhagen,sale,120.06
9267,2026-05-31,Copenhagen,sale,65.18
9268,2026-05-31,Dublin,sale,159.87
9269,2026-05-31,Dublin,sale,163.86
9270,2026-05-31,Dublin,sale,119.48
9271,2026-05-31,Dublin,sale,28.31
9272,2026-05-31,Dublin,sale,47.55
9273,2026-05-31,Dublin,sale,116.44
9274,2026-05-31,Dublin,sale,140.61
9275,2026-05-31,Dublin,sale,106.0
9276,2026-05-31,Dublin,sale,34.92
9277,2026-05-31,Dublin,sale,171.81
9278,2026-05-31,Dublin,sale,124.57
9279,2026-05-31,Dublin,sale,82.52
9280,2026-05-31,Dublin,sale,153.07
9281,2026-05-31,Dublin,sale,157.06
9282,2026-05-31,Dublin,sale,63.13
9283,2026-05-31,Dublin,sale,112.47
9284,2026-05-31,Dublin,sale,76.53
9285,2026-05-31,Dublin,sale,76.19
9286,2026-05-31,Dublin,sale,81.3
9287,2026-05-31,Dublin,sale,164.38
9288,2026-05-31,Dublin,sale,106.71
9289,2026-05-31,Dublin,sale,45.86
9290,2026-05-31,Dublin,sale,101.14
9291,2026-05-31,Dublin,sale,159.6
9292,2026-05-31,Dublin,sale,140.64
9293,2026-05-31,Dublin,sale,93.12
9294,2026-05-31,Dublin,sale,83.57
9295,2026-05-31,Dublin,sale,141.46
9296,2026-05-31,Dublin,sale,81.45
9297,2026-05-31,Dublin,sale,20.01
9298,2026-05-31,Edinburgh,refund,-93.65
9299,2026-05-31,Edinburgh,sale,177.04
9300,2026-05-31,Edinburgh,sale,36.6
9301,2026-05-31,Edinburgh,sale,97.59
9302,2026-05-31,Edinburgh,sale,176.33
9303,2026-05-31,Edinburgh,sale,60.83
9304,2026-05-31,Edinburgh,sale,122.58
9305,2026-05-31,Edinburgh,sale,173.52
9306,2026-05-31,Edinburgh,sale,139.69
9307,2026-05-31,Edinburgh,sale,179.87
9308,2026-05-31,Edinburgh,sale,66.06
9309,2026-05-31,Edinburgh,sale,105.34
9310,2026-05-31,Edinburgh,sale,26.08
9311,2026-05-31,Edinburgh,sale,109.21
9312,2026-05-31,Edinburgh,sale,31.3
9313,2026-05-31,Edinburgh,sale,93.84
9314,2026-05-31,Edinburgh,sale,148.93
9315,2026-05-31,Florence,sale,91.32
9316,2026-05-31,Florence,sale,73.45
9317,2026-05-31,Florence,sale,148.14
9318,2026-05-31,Florence,sale,103.84
9319,2026-05-31,Florence,sale,164.34
9320,2026-05-31,Florence,sale,158.49
9321,2026-05-31,Florence,sale,67.62
9322,2026-05-31,Florence,sale,105.57
9323,2026-05-31,Florence,sale,16.12
9324,2026-05-31,Florence,sale,74.23
9325,2026-05-31,Florence,sale,72.53
9326,2026-05-31,Florence,sale,13.37
9327,2026-05-31,Florence,sale,9.52
9328,2026-05-31,Florence,sale,15.6
9329,2026-05-31,Florence,sale,105.6
9330,2026-05-31,Florence,sale,62.52
9331,2026-05-31,Florence,sale,124.02
9332,2026-05-31,Florence,sale,125.18
9333,2026-05-31,Florence,sale,76.5
9334,2026-05-31,Florence,sale,130.57
9335,2026-05-31,Florence,sale,156.38
9336,2026-05-31,Florence,sale,154.35
9337,2026-05-31,Florence,sale,123.06
9338,2026-05-31,Florence,sale,130.66
9339,2026-06-01,Amsterdam,sale,75.24
9340,2026-06-01,Amsterdam,sale,145.24
9341,2026-06-01,Amsterdam,sale,8.68
9342,2026-06-01,Amsterdam,sale,59.51
9343,2026-06-01,Amsterdam,sale,43.11
9344,2026-06-01,Amsterdam,sale,176.67
9345,2026-06-01,Amsterdam,refund,-104.42
9346,2026-06-01,Amsterdam,sale,71.68
9347,2026-06-01,Amsterdam,sale,160.6
9348,2026-06-01,Amsterdam,sale,20.33
9349,2026-06-01,Amsterdam,sale,42.49
9350,2026-06-01,Amsterdam,sale,112.28
9351,2026-06-01,Amsterdam,sale,10.27
9352,2026-06-01,Amsterdam,sale,43.46
9353,2026-06-01,Amsterdam,sale,110.73
9354,2026-06-01,Amsterdam,sale,166.24
9355,2026-06-01,Amsterdam,sale,55.66
9356,2026-06-01,Amsterdam,sale,122.72
9357,2026-06-01,Amsterdam,sale,113.39
9358,2026-06-01,Amsterdam,sale,73.73
9359,2026-06-01,Amsterdam,sale,69.73
9360,2026-06-01,Amsterdam,sale,91.38
9361,2026-06-01,Amsterdam,refund,-34.49
9362,2026-06-01,Amsterdam,sale,168.95
9363,2026-06-01,Amsterdam,sale,13.66
9364,2026-06-01,Amsterdam,sale,18.95
9365,2026-06-01,Amsterdam,sale,162.46
9366,2026-06-01,Amsterdam,sale,46.92
9367,2026-06-01,Amsterdam,sale,31.9
9368,2026-06-01,Amsterdam,sale,98.57
9369,2026-06-01,Amsterdam,sale,105.9
9370,2026-06-01,Amsterdam,sale,174.51
9371,2026-06-01,Amsterdam,sale,149.53
9372,2026-06-01,Amsterdam,sale,90.0
9373,2026-06-01,Amsterdam,sale,109.12
9374,2026-06-01,Berlin,sale,91.85
9375,2026-06-01,Berlin,sale,14.26
9376,2026-06-01,Berlin,sale,147.31
9377,2026-06-01,Berlin,sale,166.6
9378,2026-06-01,Berlin,sale,175.95
9379,2026-06-01,Berlin,sale,6.5
9380,2026-06-01,Berlin,sale,59.0
9381,2026-06-01,Berlin,sale,56.6
9382,2026-06-01,Berlin,sale,47.03
9383,2026-06-01,Berlin,sale,169.05
9384,2026-06-01,Berlin,sale,73.09
9385,2026-06-01,Berlin,sale,99.89
9386,2026-06-01,Berlin,sale,146.38
9387,2026-06-01,Berlin,sale,114.39
9388,2026-06-01,Berlin,sale,152.52
9389,2026-06-01,Berlin,sale,149.7
9390,2026-06-01,Berlin,sale,14.29
9391,2026-06-01,Berlin,sale,23.15
9392,2026-06-01,Berlin,sale,34.75
9393,2026-06-01,Berlin,sale,159.93
9394,2026-06-01,Berlin,sale,65.12
9395,2026-06-01,Berlin,sale,131.25
9396,2026-06-01,Berlin,sale,86.81
9397,2026-06-01,Berlin,sale,120.47
9398,2026-06-01,Berlin,sale,39.64
9399,2026-06-01,Berlin,sale,144.49
9400,2026-06-01,Berlin,sale,33.39
9401,2026-06-01,Berlin,sale,139.83
9402,2026-06-01,Berlin,sale,58.6
9403,2026-06-01,Berlin,sale,100.44
9404,2026-06-01,Berlin,sale,53.38
9405,2026-06-01,Berlin,sale,15.66
9406,2026-06-01,Berlin,sale,43.74
9407,2026-06-01,Berlin,sale,169.55
9408,2026-06-01,Berlin,sale,124.74
9409,2026-06-01,Berlin,sale,150.88
9410,2026-06-01,Berlin,sale,26.1
9411,2026-06-01,Berlin,sale,44.44
9412,2026-06-01,Berlin,sale,154.98
9413,2026-06-01,Berlin,sale,29.6
9414,2026-06-01,Berlin,sale,48.35
9415,2026-06-01,Berlin,sale,20.5
9416,2026-06-01,Berlin,sale,42.7
9417,2026-06-01,Copenhagen,sale,158.37
9418,2026-06-01,Copenhagen,refund,-139.01
9419,2026-06-01,Copenhagen,sale,156.54
9420,2026-06-01,Copenhagen,sale,114.65
9421,2026-06-01,Copenhagen,refund,-132.97
9422,2026-06-01,Copenhagen,refund,-32.79
9423,2026-06-01,Copenhagen,sale,124.41
9424,2026-06-01,Copenhagen,refund,-149.3
9425,2026-06-01,Copenhagen,sale,64.21
9426,2026-06-01,Copenhagen,sale,81.87
9427,2026-06-01,Copenhagen,sale,10.45
9428,2026-06-01,Copenhagen,sale,165.25
9429,2026-06-01,Copenhagen,sale,29.6
9430,2026-06-01,Copenhagen,sale,174.81
9431,2026-06-01,Dublin,sale,119.89
9432,2026-06-01,Dublin,sale,152.97
9433,2026-06-01,Dublin,sale,126.42
9434,2026-06-01,Dublin,sale,49.79
9435,2026-06-01,Dublin,sale,56.76
9436,2026-06-01,Dublin,sale,119.65
9437,2026-06-01,Dublin,sale,158.17
9438,2026-06-01,Dublin,sale,27.4
9439,2026-06-01,Dublin,sale,123.11
9440,2026-06-01,Dublin,sale,175.86
9441,2026-06-01,Dublin,sale,146.63
9442,2026-06-01,Dublin,sale,84.27
9443,2026-06-01,Dublin,sale,60.21
9444,2026-06-01,Dublin,sale,69.17
9445,2026-06-01,Dublin,sale,49.68
9446,2026-06-01,Dublin,sale,23.8
9447,2026-06-01,Dublin,refund,-75.94
9448,2026-06-01,Dublin,sale,159.79
9449,2026-06-01,Dublin,sale,121.41
9450,2026-06-01,Dublin,sale,159.1
9451,2026-06-01,Dublin,sale,18.5
9452,2026-06-01,Dublin,sale,8.2
9453,2026-06-01,Dublin,sale,90.69
9454,2026-06-01,Dublin,sale,62.03
9455,2026-06-01,Dublin,sale,147.4
9456,2026-06-01,Dublin,sale,35.37
9457,2026-06-01,Dublin,sale,27.86
9458,2026-06-01,Dublin,sale,78.2
9459,2026-06-01,Edinburgh,sale,142.26
9460,2026-06-01,Edinburgh,sale,117.11
9461,2026-06-01,Edinburgh,sale,67.99
9462,2026-06-01,Edinburgh,sale,10.5
9463,2026-06-01,Edinburgh,sale,102.09
9464,2026-06-01,Edinburgh,sale,86.07
9465,2026-06-01,Edinburgh,sale,25.58
9466,2026-06-01,Edinburgh,sale,156.81
9467,2026-06-01,Edinburgh,sale,162.53
9468,2026-06-01,Edinburgh,sale,83.26
9469,2026-06-01,Edinburgh,sale,94.66
9470,2026-06-01,Edinburgh,sale,66.2
9471,2026-06-01,Edinburgh,sale,129.66
9472,2026-06-01,Edinburgh,sale,134.9
9473,2026-06-01,Florence,sale,23.64
9474,2026-06-01,Florence,sale,51.73
9475,2026-06-01,Florence,sale,106.75
9476,2026-06-01,Florence,sale,92.36
9477,2026-06-01,Florence,sale,179.87
9478,2026-06-01,Florence,sale,129.55
9479,2026-06-01,Florence,sale,13.9
9480,2026-06-01,Florence,sale,10.96
9481,2026-06-01,Florence,sale,117.59
9482,2026-06-01,Florence,refund,-163.1
9483,2026-06-01,Florence,sale,38.49
9484,2026-06-01,Florence,sale,70.68
9485,2026-06-01,Florence,sale,33.53
9486,2026-06-01,Florence,sale,54.87
9487,2026-06-01,Florence,sale,97.39
9488,2026-06-01,Florence,sale,66.58
9489,2026-06-01,Florence,sale,54.55
9490,2026-06-01,Florence,sale,63.33
9491,2026-06-01,Florence,sale,45.09
9492,2026-06-01,Florence,sale,170.06
9493,2026-06-01,Florence,sale,174.16
9494,2026-06-01,Florence,sale,110.59
9495,2026-06-01,Florence,sale,16.85
9496,2026-06-01,Florence,sale,78.35
9497,2026-06-02,Amsterdam,refund,-63.9
9498,2026-06-02,Amsterdam,sale,8.8
9499,2026-06-02,Amsterdam,sale,121.17
9500,2026-06-02,Amsterdam,sale,74.89
9501,2026-06-02,Amsterdam,sale,34.46
9502,2026-06-02,Amsterdam,sale,20.94
9503,2026-06-02,Amsterdam,sale,80.83
9504,2026-06-02,Amsterdam,sale,37.84
9505,2026-06-02,Amsterdam,sale,95.62
9506,2026-06-02,Amsterdam,sale,108.99
9507,2026-06-02,Amsterdam,sale,148.42
9508,2026-06-02,Amsterdam,sale,164.33
9509,2026-06-02,Amsterdam,sale,42.93
9510,2026-06-02,Amsterdam,sale,92.59
9511,2026-06-02,Amsterdam,sale,150.97
9512,2026-06-02,Amsterdam,sale,116.32
9513,2026-06-02,Amsterdam,sale,69.18
9514,2026-06-02,Amsterdam,sale,106.16
9515,2026-06-02,Amsterdam,sale,142.64
9516,2026-06-02,Amsterdam,sale,65.4
9517,2026-06-02,Amsterdam,sale,81.35
9518,2026-06-02,Amsterdam,sale,61.92
9519,2026-06-02,Amsterdam,sale,179.75
9520,2026-06-02,Amsterdam,sale,98.55
9521,2026-06-02,Amsterdam,sale,83.37
9522,2026-06-02,Amsterdam,sale,35.05
9523,2026-06-02,Amsterdam,sale,26.33
9524,2026-06-02,Amsterdam,sale,129.86
9525,2026-06-02,Amsterdam,sale,164.41
9526,2026-06-02,Amsterdam,sale,54.4
9527,2026-06-02,Berlin,sale,134.81
9528,2026-06-02,Berlin,sale,139.26
9529,2026-06-02,Berlin,sale,134.49
9530,2026-06-02,Berlin,sale,144.72
9531,2026-06-02,Berlin,sale,122.28
9532,2026-06-02,Berlin,sale,168.51
9533,2026-06-02,Berlin,sale,63.52
9534,2026-06-02,Berlin,sale,96.32
9535,2026-06-02,Berlin,sale,130.84
9536,2026-06-02,Berlin,sale,24.25
9537,2026-06-02,Berlin,sale,29.97
9538,2026-06-02,Berlin,sale,43.53
9539,2026-06-02,Berlin,sale,87.96
9540,2026-06-02,Berlin,sale,122.37
9541,2026-06-02,Berlin,sale,114.13
9542,2026-06-02,Berlin,sale,67.16
9543,2026-06-02,Berlin,sale,84.91
9544,2026-06-02,Berlin,sale,6.73
9545,2026-06-02,Berlin,sale,121.05
9546,2026-06-02,Berlin,sale,52.16
9547,2026-06-02,Berlin,sale,61.4
9548,2026-06-02,Berlin,sale,111.23
9549,2026-06-02,Berlin,sale,46.3
9550,2026-06-02,Berlin,sale,163.0
9551,2026-06-02,Berlin,sale,47.48
9552,2026-06-02,Berlin,sale,143.18
9553,2026-06-02,Berlin,refund,-93.99
9554,2026-06-02,Berlin,sale,148.93
9555,2026-06-02,Berlin,sale,159.13
9556,2026-06-02,Berlin,sale,28.49
9557,2026-06-02,Berlin,sale,107.51
9558,2026-06-02,Berlin,sale,159.11
9559,2026-06-02,Berlin,sale,122.72
9560,2026-06-02,Berlin,sale,93.98
9561,2026-06-02,Berlin,sale,99.04
9562,2026-06-02,Berlin,sale,156.89
9563,2026-06-02,Berlin,sale,87.1
9564,2026-06-02,Berlin,sale,35.44
9565,2026-06-02,Berlin,sale,32.97
9566,2026-06-02,Berlin,sale,44.03
9567,2026-06-02,Berlin,sale,137.61
9568,2026-06-02,Berlin,sale,132.51
9569,2026-06-02,Berlin,sale,136.36
9570,2026-06-02,Berlin,sale,145.38
9571,2026-06-02,Berlin,sale,16.91
9572,2026-06-02,Berlin,sale,117.17
9573,2026-06-02,Berlin,sale,59.45
9574,2026-06-02,Berlin,sale,155.71
9575,2026-06-02,Copenhagen,sale,10.02
9576,2026-06-02,Copenhagen,sale,133.55
9577,2026-06-02,Copenhagen,refund,-38.93
9578,2026-06-02,Copenhagen,refund,-88.57
9579,2026-06-02,Copenhagen,sale,10.35
9580,2026-06-02,Copenhagen,sale,152.06
9581,2026-06-02,Copenhagen,sale,102.25
9582,2026-06-02,Copenhagen,sale,76.57
9583,2026-06-02,Copenhagen,sale,171.75
9584,2026-06-02,Copenhagen,sale,59.08
9585,2026-06-02,Copenhagen,sale,68.99
9586,2026-06-02,Copenhagen,sale,164.94
9587,2026-06-02,Copenhagen,refund,-122.35
9588,2026-06-02,Copenhagen,sale,155.12
9589,2026-06-02,Dublin,sale,143.46
9590,2026-06-02,Dublin,sale,156.99
9591,2026-06-02,Dublin,refund,-147.23
9592,2026-06-02,Dublin,sale,111.86
9593,2026-06-02,Dublin,sale,26.2
9594,2026-06-02,Dublin,sale,68.88
9595,2026-06-02,Dublin,sale,77.39
9596,2026-06-02,Dublin,sale,31.79
9597,2026-06-02,Dublin,sale,168.26
9598,2026-06-02,Dublin,sale,6.69
9599,2026-06-02,Dublin,sale,134.21
9600,2026-06-02,Dublin,sale,150.05
9601,2026-06-02,Dublin,sale,37.55
9602,2026-06-02,Dublin,sale,58.86
9603,2026-06-02,Dublin,sale,66.13
9604,2026-06-02,Dublin,refund,-104.01
9605,2026-06-02,Dublin,sale,162.58
9606,2026-06-02,Dublin,sale,33.93
9607,2026-06-02,Dublin,refund,-177.65
9608,2026-06-02,Dublin,sale,92.54
9609,2026-06-02,Dublin,sale,117.72
9610,2026-06-02,Dublin,sale,59.35
9611,2026-06-02,Dublin,sale,25.62
9612,2026-06-02,Dublin,sale,116.65
9613,2026-06-02,Dublin,sale,52.66
9614,2026-06-02,Dublin,refund,-112.0
9615,2026-06-02,Dublin,sale,123.58
9616,2026-06-02,Dublin,sale,141.52
9617,2026-06-02,Dublin,sale,162.59
9618,2026-06-02,Dublin,sale,77.91
9619,2026-06-02,Edinburgh,sale,27.14
9620,2026-06-02,Edinburgh,sale,111.44
9621,2026-06-02,Edinburgh,sale,67.43
9622,2026-06-02,Edinburgh,sale,66.68
9623,2026-06-02,Edinburgh,sale,123.89
9624,2026-06-02,Edinburgh,sale,177.08
9625,2026-06-02,Edinburgh,sale,170.6
9626,2026-06-02,Edinburgh,sale,108.64
9627,2026-06-02,Edinburgh,sale,175.1
9628,2026-06-02,Edinburgh,sale,164.89
9629,2026-06-02,Edinburgh,sale,120.34
9630,2026-06-02,Edinburgh,sale,173.21
9631,2026-06-02,Edinburgh,sale,7.32
9632,2026-06-02,Florence,sale,19.85
9633,2026-06-02,Florence,sale,134.07
9634,2026-06-02,Florence,sale,156.41
9635,2026-06-02,Florence,sale,102.65
9636,2026-06-02,Florence,sale,9.79
9637,2026-06-02,Florence,sale,8.37
9638,2026-06-02,Florence,sale,173.79
9639,2026-06-02,Florence,sale,87.63
9640,2026-06-02,Florence,sale,112.63
9641,2026-06-02,Florence,sale,96.09
9642,2026-06-02,Florence,sale,138.37
9643,2026-06-02,Florence,sale,148.93
9644,2026-06-02,Florence,sale,18.62
9645,2026-06-02,Florence,sale,51.87
9646,2026-06-02,Florence,sale,164.32
9647,2026-06-02,Florence,sale,160.41
9648,2026-06-02,Florence,sale,111.83
9649,2026-06-02,Florence,sale,50.04
9650,2026-06-03,Amsterdam,sale,72.58
9651,2026-06-03,Amsterdam,sale,174.29
9652,2026-06-03,Amsterdam,sale,110.94
9653,2026-06-03,Amsterdam,sale,83.3
9654,2026-06-03,Amsterdam,sale,67.99
9655,2026-06-03,Amsterdam,sale,12.56
9656,2026-06-03,Amsterdam,sale,53.45
9657,2026-06-03,Amsterdam,sale,59.41
9658,2026-06-03,Amsterdam,sale,6.54
9659,2026-06-03,Amsterdam,sale,72.27
9660,2026-06-03,Amsterdam,refund,-17.45
9661,2026-06-03,Amsterdam,sale,79.94
9662,2026-06-03,Amsterdam,sale,70.05
9663,2026-06-03,Amsterdam,sale,55.66
9664,2026-06-03,Amsterdam,sale,121.44
9665,2026-06-03,Amsterdam,sale,109.05
9666,2026-06-03,Amsterdam,sale,90.77
9667,2026-06-03,Amsterdam,sale,126.58
9668,2026-06-03,Amsterdam,sale,31.27
9669,2026-06-03,Amsterdam,sale,125.85
9670,2026-06-03,Amsterdam,sale,147.15
9671,2026-06-03,Amsterdam,sale,30.41
9672,2026-06-03,Amsterdam,sale,167.12
9673,2026-06-03,Amsterdam,sale,160.82
9674,2026-06-03,Amsterdam,sale,10.86
9675,2026-06-03,Amsterdam,sale,98.39
9676,2026-06-03,Amsterdam,sale,109.04
9677,2026-06-03,Amsterdam,sale,157.24
9678,2026-06-03,Berlin,sale,34.79
9679,2026-06-03,Berlin,sale,93.84
9680,2026-06-03,Berlin,sale,110.92
9681,2026-06-03,Berlin,refund,-31.39
9682,2026-06-03,Berlin,sale,115.48
9683,2026-06-03,Berlin,sale,156.69
9684,2026-06-03,Berlin,sale,64.42
9685,2026-06-03,Berlin,sale,130.87
9686,2026-06-03,Berlin,sale,33.74
9687,2026-06-03,Berlin,sale,68.39
9688,2026-06-03,Berlin,sale,126.72
9689,2026-06-03,Berlin,sale,141.1
9690,2026-06-03,Berlin,sale,8.52
9691,2026-06-03,Berlin,sale,139.16
9692,2026-06-03,Berlin,sale,101.75
9693,2026-06-03,Berlin,sale,110.46
9694,2026-06-03,Berlin,sale,122.45
9695,2026-06-03,Berlin,sale,87.2
9696,2026-06-03,Berlin,sale,167.23
9697,2026-06-03,Berlin,sale,153.54
9698,2026-06-03,Berlin,sale,101.78
9699,2026-06-03,Berlin,sale,127.87
9700,2026-06-03,Berlin,sale,37.84
9701,2026-06-03,Berlin,sale,48.29
9702,2026-06-03,Berlin,sale,53.51
9703,2026-06-03,Berlin,sale,87.56
9704,2026-06-03,Berlin,sale,165.85
9705,2026-06-03,Berlin,sale,113.4
9706,2026-06-03,Berlin,sale,153.14
9707,2026-06-03,Berlin,sale,128.46
9708,2026-06-03,Berlin,sale,159.94
9709,2026-06-03,Berlin,sale,164.96
9710,2026-06-03,Berlin,sale,175.52
9711,2026-06-03,Berlin,sale,93.99
9712,2026-06-03,Berlin,sale,144.13
9713,2026-06-03,Berlin,sale,111.51
9714,2026-06-03,Berlin,sale,127.49
9715,2026-06-03,Berlin,sale,113.31
9716,2026-06-03,Berlin,sale,140.77
9717,2026-06-03,Berlin,sale,86.2
9718,2026-06-03,Berlin,sale,148.35
9719,2026-06-03,Berlin,sale,112.63
9720,2026-06-03,Berlin,sale,8.17
9721,2026-06-03,Berlin,sale,82.63
9722,2026-06-03,Berlin,sale,165.03
9723,2026-06-03,Copenhagen,sale,53.36
9724,2026-06-03,Copenhagen,refund,-14.98
9725,2026-06-03,Copenhagen,sale,177.86
9726,2026-06-03,Copenhagen,sale,174.64
9727,2026-06-03,Copenhagen,sale,173.46
9728,2026-06-03,Copenhagen,sale,30.75
9729,2026-06-03,Copenhagen,sale,45.18
9730,2026-06-03,Copenhagen,sale,11.48
9731,2026-06-03,Copenhagen,sale,51.15
9732,2026-06-03,Copenhagen,sale,157.9
9733,2026-06-03,Copenhagen,sale,41.04
9734,2026-06-03,Copenhagen,sale,106.27
9735,2026-06-03,Dublin,sale,165.9
9736,2026-06-03,Dublin,sale,103.65
9737,2026-06-03,Dublin,sale,82.98
9738,2026-06-03,Dublin,sale,169.64
9739,2026-06-03,Dublin,sale,78.7
9740,2026-06-03,Dublin,sale,62.15
9741,2026-06-03,Dublin,sale,106.33
9742,2026-06-03,Dublin,sale,166.9
9743,2026-06-03,Dublin,sale,40.23
9744,2026-06-03,Dublin,sale,27.23
9745,2026-06-03,Dublin,sale,41.78
9746,2026-06-03,Dublin,sale,95.9
9747,2026-06-03,Dublin,sale,46.52
9748,2026-06-03,Dublin,sale,154.67
9749,2026-06-03,Dublin,sale,27.64
9750,2026-06-03,Dublin,sale,42.17
9751,2026-06-03,Dublin,sale,5.06
9752,2026-06-03,Dublin,sale,114.31
9753,2026-06-03,Dublin,sale,103.8
9754,2026-06-03,Dublin,sale,114.07
9755,2026-06-03,Dublin,sale,123.2
9756,2026-06-03,Dublin,sale,61.63
9757,2026-06-03,Edinburgh,sale,87.67
9758,2026-06-03,Edinburgh,sale,6.18
9759,2026-06-03,Edinburgh,sale,97.02
9760,2026-06-03,Edinburgh,sale,147.36
9761,2026-06-03,Edinburgh,sale,160.49
9762,2026-06-03,Edinburgh,sale,13.14
9763,2026-06-03,Edinburgh,sale,158.06
9764,2026-06-03,Edinburgh,sale,141.08
9765,2026-06-03,Edinburgh,sale,125.27
9766,2026-06-03,Edinburgh,sale,103.49
9767,2026-06-03,Edinburgh,sale,112.57
9768,2026-06-03,Edinburgh,sale,33.05
9769,2026-06-03,Edinburgh,refund,-81.7
9770,2026-06-03,Edinburgh,sale,136.37
9771,2026-06-03,Edinburgh,sale,123.02
9772,2026-06-03,Edinburgh,sale,160.59
9773,2026-06-03,Florence,sale,68.51
9774,2026-06-03,Florence,sale,127.16
9775,2026-06-03,Florence,sale,177.09
9776,2026-06-03,Florence,sale,172.28
9777,2026-06-03,Florence,sale,155.81
9778,2026-06-03,Florence,sale,111.67
9779,2026-06-03,Florence,sale,100.91
9780,2026-06-03,Florence,sale,96.45
9781,2026-06-03,Florence,sale,40.39
9782,2026-06-03,Florence,sale,60.74
9783,2026-06-03,Florence,sale,116.62
9784,2026-06-03,Florence,sale,117.99
9785,2026-06-03,Florence,sale,21.71
9786,2026-06-03,Florence,sale,62.83
9787,2026-06-03,Florence,sale,158.47
9788,2026-06-03,Florence,sale,148.66
9789,2026-06-03,Florence,sale,133.11
9790,2026-06-03,Florence,sale,129.77
9791,2026-06-03,Florence,sale,89.04
9792,2026-06-03,Florence,sale,159.51
9793,2026-06-03,Florence,sale,10.05
9794,2026-06-04,Amsterdam,sale,144.35
9795,2026-06-04,Amsterdam,refund,-126.26
9796,2026-06-04,Amsterdam,sale,156.12
9797,2026-06-04,Amsterdam,sale,28.06
9798,2026-06-04,Amsterdam,sale,176.07
9799,2026-06-04,Amsterdam,sale,115.37
9800,2026-06-04,Amsterdam,sale,20.61
9801,2026-06-04,Amsterdam,sale,151.84
9802,2026-06-04,Amsterdam,sale,174.19
9803,2026-06-04,Amsterdam,sale,76.79
9804,2026-06-04,Amsterdam,sale,133.22
9805,2026-06-04,Amsterdam,sale,84.75
9806,2026-06-04,Amsterdam,sale,95.05
9807,2026-06-04,Amsterdam,sale,87.6
9808,2026-06-04,Amsterdam,sale,145.99
9809,2026-06-04,Amsterdam,sale,134.78
9810,2026-06-04,Amsterdam,sale,74.72
9811,2026-06-04,Amsterdam,sale,179.12
9812,2026-06-04,Amsterdam,sale,74.41
9813,2026-06-04,Amsterdam,sale,21.55
9814,2026-06-04,Amsterdam,sale,121.56
9815,2026-06-04,Amsterdam,sale,90.16
9816,2026-06-04,Amsterdam,sale,123.07
9817,2026-06-04,Amsterdam,sale,48.66
9818,2026-06-04,Amsterdam,sale,133.26
9819,2026-06-04,Amsterdam,sale,149.4
9820,2026-06-04,Berlin,refund,-78.34
9821,2026-06-04,Berlin,sale,107.04
9822,2026-06-04,Berlin,sale,24.36
9823,2026-06-04,Berlin,refund,-98.34
9824,2026-06-04,Berlin,sale,100.69
9825,2026-06-04,Berlin,sale,41.99
9826,2026-06-04,Berlin,sale,157.9
9827,2026-06-04,Berlin,sale,25.43
9828,2026-06-04,Berlin,sale,48.26
9829,2026-06-04,Berlin,sale,15.4
9830,2026-06-04,Berlin,sale,50.72
9831,2026-06-04,Berlin,sale,6.76
9832,2026-06-04,Berlin,sale,33.38
9833,2026-06-04,Berlin,sale,163.53
9834,2026-06-04,Berlin,sale,59.99
9835,2026-06-04,Berlin,sale,131.17
9836,2026-06-04,Berlin,sale,18.61
9837,2026-06-04,Berlin,sale,134.25
9838,2026-06-04,Berlin,refund,-82.59
9839,2026-06-04,Berlin,sale,106.21
9840,2026-06-04,Berlin,sale,120.97
9841,2026-06-04,Berlin,sale,77.2
9842,2026-06-04,Berlin,sale,17.88
9843,2026-06-04,Berlin,sale,86.66
9844,2026-06-04,Berlin,sale,150.47
9845,2026-06-04,Berlin,sale,77.77
9846,2026-06-04,Berlin,sale,24.49
9847,2026-06-04,Berlin,sale,150.66
9848,2026-06-04,Berlin,sale,22.08
9849,2026-06-04,Berlin,sale,19.23
9850,2026-06-04,Berlin,sale,23.29
9851,2026-06-04,Berlin,sale,75.57
9852,2026-06-04,Berlin,sale,71.8
9853,2026-06-04,Berlin,sale,43.96
9854,2026-06-04,Berlin,sale,142.39
9855,2026-06-04,Berlin,sale,137.53
9856,2026-06-04,Berlin,sale,21.31
9857,2026-06-04,Berlin,sale,72.45
9858,2026-06-04,Berlin,sale,15.14
9859,2026-06-04,Berlin,sale,97.94
9860,2026-06-04,Berlin,sale,13.97
9861,2026-06-04,Berlin,sale,21.58
9862,2026-06-04,Berlin,sale,78.21
9863,2026-06-04,Berlin,sale,96.73
9864,2026-06-04,Berlin,sale,9.32
9865,2026-06-04,Berlin,sale,122.87
9866,2026-06-04,Berlin,sale,63.21
9867,2026-06-04,Berlin,sale,95.39
9868,2026-06-04,Copenhagen,sale,106.22
9869,2026-06-04,Copenhagen,sale,66.49
9870,2026-06-04,Copenhagen,sale,107.79
9871,2026-06-04,Copenhagen,sale,150.21
9872,2026-06-04,Copenhagen,sale,113.16
9873,2026-06-04,Copenhagen,sale,39.34
9874,2026-06-04,Copenhagen,sale,59.42
9875,2026-06-04,Copenhagen,sale,105.23
9876,2026-06-04,Copenhagen,sale,92.63
9877,2026-06-04,Copenhagen,sale,84.58
9878,2026-06-04,Copenhagen,sale,14.94
9879,2026-06-04,Copenhagen,sale,134.17
9880,2026-06-04,Copenhagen,sale,171.7
9881,2026-06-04,Copenhagen,sale,123.25
9882,2026-06-04,Dublin,sale,35.03
9883,2026-06-04,Dublin,sale,49.7
9884,2026-06-04,Dublin,sale,129.3
9885,2026-06-04,Dublin,sale,37.92
9886,2026-06-04,Dublin,sale,14.83
9887,2026-06-04,Dublin,sale,102.79
9888,2026-06-04,Dublin,sale,174.87
9889,2026-06-04,Dublin,sale,5.21
9890,2026-06-04,Dublin,sale,28.29
9891,2026-06-04,Dublin,sale,59.17
9892,2026-06-04,Dublin,sale,20.84
9893,2026-06-04,Dublin,sale,156.01
9894,2026-06-04,Dublin,sale,36.58
9895,2026-06-04,Dublin,sale,101.63
9896,2026-06-04,Dublin,sale,108.42
9897,2026-06-04,Dublin,sale,140.13
9898,2026-06-04,Dublin,sale,48.57
9899,2026-06-04,Dublin,sale,115.58
9900,2026-06-04,Dublin,sale,147.57
9901,2026-06-04,Dublin,sale,89.66
9902,2026-06-04,Dublin,sale,28.93
9903,2026-06-04,Dublin,sale,58.32
9904,2026-06-04,Dublin,sale,167.82
9905,2026-06-04,Dublin,sale,53.54
9906,2026-06-04,Dublin,sale,90.8
9907,2026-06-04,Dublin,sale,93.9
9908,2026-06-04,Dublin,sale,67.55
9909,2026-06-04,Dublin,sale,40.44
9910,2026-06-04,Dublin,sale,74.8
9911,2026-06-04,Edinburgh,sale,105.39
9912,2026-06-04,Edinburgh,sale,179.04
9913,2026-06-04,Edinburgh,sale,85.11
9914,2026-06-04,Edinburgh,sale,74.37
9915,2026-06-04,Edinburgh,sale,8.4
9916,2026-06-04,Edinburgh,sale,42.18
9917,2026-06-04,Edinburgh,sale,6.38
9918,2026-06-04,Edinburgh,sale,165.63
9919,2026-06-04,Edinburgh,sale,17.02
9920,2026-06-04,Edinburgh,sale,38.66
9921,2026-06-04,Edinburgh,sale,86.23
9922,2026-06-04,Edinburgh,sale,77.49
9923,2026-06-04,Edinburgh,sale,68.39
9924,2026-06-04,Florence,sale,82.38
9925,2026-06-04,Florence,sale,17.46
9926,2026-06-04,Florence,sale,32.49
9927,2026-06-04,Florence,sale,134.58
9928,2026-06-04,Florence,sale,103.48
9929,2026-06-04,Florence,sale,37.75
9930,2026-06-04,Florence,sale,52.57
9931,2026-06-04,Florence,sale,93.26
9932,2026-06-04,Florence,sale,105.52
9933,2026-06-04,Florence,sale,142.76
9934,2026-06-04,Florence,sale,71.55
9935,2026-06-04,Florence,refund,-31.17
9936,2026-06-04,Florence,sale,23.55
9937,2026-06-04,Florence,refund,-101.7
9938,2026-06-04,Florence,sale,98.99
9939,2026-06-04,Florence,sale,94.96
9940,2026-06-04,Florence,sale,166.47
9941,2026-06-04,Florence,sale,26.34
9942,2026-06-04,Florence,sale,119.36
9943,2026-06-04,Florence,sale,33.74
9944,2026-06-05,Amsterdam,sale,53.14
9945,2026-06-05,Amsterdam,sale,156.01
9946,2026-06-05,Amsterdam,sale,105.26
9947,2026-06-05,Amsterdam,sale,126.95
9948,2026-06-05,Amsterdam,sale,99.79
9949,2026-06-05,Amsterdam,sale,26.43
9950,2026-06-05,Amsterdam,sale,127.36
9951,2026-06-05,Amsterdam,sale,15.87
9952,2026-06-05,Amsterdam,sale,107.47
9953,2026-06-05,Amsterdam,sale,89.23
9954,2026-06-05,Amsterdam,sale,86.87
9955,2026-06-05,Amsterdam,sale,5.91
9956,2026-06-05,Amsterdam,sale,141.95
9957,2026-06-05,Amsterdam,sale,43.74
9958,2026-06-05,Amsterdam,sale,53.66
9959,2026-06-05,Amsterdam,sale,176.96
9960,2026-06-05,Amsterdam,sale,25.41
9961,2026-06-05,Amsterdam,sale,167.41
9962,2026-06-05,Amsterdam,sale,60.87
9963,2026-06-05,Amsterdam,sale,18.81
9964,2026-06-05,Amsterdam,sale,100.44
9965,2026-06-05,Amsterdam,sale,82.17
9966,2026-06-05,Amsterdam,sale,153.19
9967,2026-06-05,Amsterdam,sale,76.5
9968,2026-06-05,Amsterdam,sale,29.69
9969,2026-06-05,Amsterdam,sale,152.36
9970,2026-06-05,Amsterdam,sale,53.86
9971,2026-06-05,Amsterdam,sale,113.46
9972,2026-06-05,Amsterdam,sale,23.06
9973,2026-06-05,Amsterdam,sale,101.38
9974,2026-06-05,Amsterdam,sale,62.06
9975,2026-06-05,Amsterdam,sale,153.0
9976,2026-06-05,Amsterdam,sale,58.16
9977,2026-06-05,Amsterdam,sale,89.34
9978,2026-06-05,Berlin,sale,98.5
9979,2026-06-05,Berlin,sale,46.14
9980,2026-06-05,Berlin,sale,171.93
9981,2026-06-05,Berlin,sale,162.64
9982,2026-06-05,Berlin,sale,173.81
9983,2026-06-05,Berlin,sale,22.18
9984,2026-06-05,Berlin,sale,62.14
9985,2026-06-05,Berlin,sale,11.01
9986,2026-06-05,Berlin,sale,70.18
9987,2026-06-05,Berlin,sale,147.52
9988,2026-06-05,Berlin,sale,11.65
9989,2026-06-05,Berlin,sale,28.44
9990,2026-06-05,Berlin,sale,77.87
9991,2026-06-05,Berlin,sale,160.93
9992,2026-06-05,Berlin,refund,-145.78
9993,2026-06-05,Berlin,sale,44.81
9994,2026-06-05,Berlin,sale,18.11
9995,2026-06-05,Berlin,sale,122.2
9996,2026-06-05,Berlin,sale,167.34
9997,2026-06-05,Berlin,sale,117.12
9998,2026-06-05,Berlin,sale,40.28
9999,2026-06-05,Berlin,sale,14.74
10000,2026-06-05,Berlin,sale,124.25
10001,2026-06-05,Berlin,sale,59.23
10002,2026-06-05,Berlin,sale,37.56
10003,2026-06-05,Berlin,sale,94.69
10004,2026-06-05,Berlin,sale,23.23
10005,2026-06-05,Berlin,sale,166.32
10006,2026-06-05,Berlin,sale,175.25
10007,2026-06-05,Berlin,sale,8.07
10008,2026-06-05,Berlin,sale,106.52
10009,2026-06-05,Berlin,sale,145.09
10010,2026-06-05,Berlin,sale,160.07
10011,2026-06-05,Berlin,sale,114.32
10012,2026-06-05,Berlin,sale,165.64
10013,2026-06-05,Berlin,sale,97.88
10014,2026-06-05,Berlin,sale,36.24
10015,2026-06-05,Berlin,sale,68.42
10016,2026-06-05,Berlin,sale,130.16
10017,2026-06-05,Berlin,sale,79.47
10018,2026-06-05,Copenhagen,sale,131.43
10019,2026-06-05,Copenhagen,sale,34.02
10020,2026-06-05,Copenhagen,sale,74.66
10021,2026-06-05,Copenhagen,sale,131.5
10022,2026-06-05,Copenhagen,sale,155.16
10023,2026-06-05,Copenhagen,sale,8.05
10024,2026-06-05,Copenhagen,refund,-20.63
10025,2026-06-05,Copenhagen,sale,12.16
10026,2026-06-05,Copenhagen,sale,130.67
10027,2026-06-05,Copenhagen,sale,143.12
10028,2026-06-05,Copenhagen,sale,178.7
10029,2026-06-05,Copenhagen,sale,11.14
10030,2026-06-05,Dublin,sale,161.85
10031,2026-06-05,Dublin,sale,110.33
10032,2026-06-05,Dublin,sale,34.29
10033,2026-06-05,Dublin,sale,83.14
10034,2026-06-05,Dublin,sale,137.67
10035,2026-06-05,Dublin,sale,41.79
10036,2026-06-05,Dublin,sale,144.63
10037,2026-06-05,Dublin,sale,53.53
10038,2026-06-05,Dublin,sale,57.91
10039,2026-06-05,Dublin,sale,124.51
10040,2026-06-05,Dublin,sale,73.49
10041,2026-06-05,Dublin,sale,177.59
10042,2026-06-05,Dublin,sale,65.53
10043,2026-06-05,Dublin,sale,99.18
10044,2026-06-05,Dublin,sale,90.82
10045,2026-06-05,Dublin,sale,49.15
10046,2026-06-05,Dublin,sale,152.47
10047,2026-06-05,Dublin,sale,12.5
10048,2026-06-05,Dublin,sale,78.39
10049,2026-06-05,Dublin,sale,10.2
10050,2026-06-05,Dublin,refund,-143.44
10051,2026-06-05,Dublin,sale,117.29
10052,2026-06-05,Edinburgh,sale,155.79
10053,2026-06-05,Edinburgh,sale,152.16
10054,2026-06-05,Edinburgh,sale,143.24
10055,2026-06-05,Edinburgh,sale,56.2
10056,2026-06-05,Edinburgh,sale,170.3
10057,2026-06-05,Edinburgh,sale,47.12
10058,2026-06-05,Edinburgh,sale,61.59
10059,2026-06-05,Edinburgh,sale,56.51
10060,2026-06-05,Edinburgh,sale,167.74
10061,2026-06-05,Edinburgh,sale,163.15
10062,2026-06-05,Edinburgh,sale,8.53
10063,2026-06-05,Edinburgh,sale,68.78
10064,2026-06-05,Edinburgh,sale,49.14
10065,2026-06-05,Edinburgh,sale,48.66
10066,2026-06-05,Edinburgh,sale,168.57
10067,2026-06-05,Florence,sale,115.44
10068,2026-06-05,Florence,sale,171.14
10069,2026-06-05,Florence,sale,137.97
10070,2026-06-05,Florence,sale,143.74
10071,2026-06-05,Florence,sale,57.75
10072,2026-06-05,Florence,sale,174.78
10073,2026-06-05,Florence,sale,109.6
10074,2026-06-05,Florence,sale,44.31
10075,2026-06-05,Florence,sale,67.41
10076,2026-06-05,Florence,sale,63.28
10077,2026-06-05,Florence,sale,89.4
10078,2026-06-05,Florence,sale,47.05
10079,2026-06-05,Florence,sale,66.24
10080,2026-06-05,Florence,sale,130.36
10081,2026-06-05,Florence,sale,42.42
10082,2026-06-05,Florence,sale,108.46
10083,2026-06-05,Florence,refund,-90.71
10084,2026-06-05,Florence,sale,168.49
10085,2026-06-06,Amsterdam,sale,134.07
10086,2026-06-06,Amsterdam,sale,68.75
10087,2026-06-06,Amsterdam,sale,170.65
10088,2026-06-06,Amsterdam,sale,145.32
10089,2026-06-06,Amsterdam,sale,83.81
10090,2026-06-06,Amsterdam,sale,96.21
10091,2026-06-06,Amsterdam,sale,9.96
10092,2026-06-06,Amsterdam,sale,165.29
10093,2026-06-06,Amsterdam,refund,-56.23
10094,2026-06-06,Amsterdam,sale,132.5
10095,2026-06-06,Amsterdam,sale,178.1
10096,2026-06-06,Amsterdam,sale,83.58
10097,2026-06-06,Amsterdam,sale,131.74
10098,2026-06-06,Amsterdam,sale,140.13
10099,2026-06-06,Amsterdam,sale,58.49
10100,2026-06-06,Amsterdam,sale,47.8
10101,2026-06-06,Amsterdam,sale,123.53
10102,2026-06-06,Amsterdam,sale,142.71
10103,2026-06-06,Amsterdam,sale,23.48
10104,2026-06-06,Amsterdam,sale,48.5
10105,2026-06-06,Amsterdam,sale,132.85
10106,2026-06-06,Amsterdam,sale,34.25
10107,2026-06-06,Amsterdam,sale,123.5
10108,2026-06-06,Amsterdam,sale,105.21
10109,2026-06-06,Amsterdam,sale,175.75
10110,2026-06-06,Amsterdam,sale,110.83
10111,2026-06-06,Amsterdam,sale,107.07
10112,2026-06-06,Amsterdam,sale,134.67
10113,2026-06-06,Amsterdam,sale,164.01
10114,2026-06-06,Amsterdam,sale,120.48
10115,2026-06-06,Amsterdam,sale,118.21
10116,2026-06-06,Amsterdam,sale,76.27
10117,2026-06-06,Amsterdam,sale,170.15
10118,2026-06-06,Berlin,sale,67.04
10119,2026-06-06,Berlin,sale,106.32
10120,2026-06-06,Berlin,sale,92.23
10121,2026-06-06,Berlin,sale,57.83
10122,2026-06-06,Berlin,sale,46.59
10123,2026-06-06,Berlin,sale,178.92
10124,2026-06-06,Berlin,sale,47.72
10125,2026-06-06,Berlin,sale,146.59
10126,2026-06-06,Berlin,sale,99.31
10127,2026-06-06,Berlin,sale,20.29
10128,2026-06-06,Berlin,sale,146.87
10129,2026-06-06,Berlin,sale,158.57
10130,2026-06-06,Berlin,sale,11.79
10131,2026-06-06,Berlin,sale,85.75
10132,2026-06-06,Berlin,sale,75.2
10133,2026-06-06,Berlin,sale,125.37
10134,2026-06-06,Berlin,sale,48.31
10135,2026-06-06,Berlin,sale,56.17
10136,2026-06-06,Berlin,sale,109.02
10137,2026-06-06,Berlin,sale,74.33
10138,2026-06-06,Berlin,sale,159.42
10139,2026-06-06,Berlin,sale,144.87
10140,2026-06-06,Berlin,sale,84.4
10141,2026-06-06,Berlin,sale,69.48
10142,2026-06-06,Berlin,sale,28.19
10143,2026-06-06,Berlin,sale,46.59
10144,2026-06-06,Berlin,sale,61.12
10145,2026-06-06,Berlin,sale,109.14
10146,2026-06-06,Berlin,sale,123.28
10147,2026-06-06,Berlin,sale,109.23
10148,2026-06-06,Berlin,sale,7.45
10149,2026-06-06,Berlin,sale,89.45
10150,2026-06-06,Berlin,sale,144.76
10151,2026-06-06,Berlin,sale,61.08
10152,2026-06-06,Berlin,sale,44.54
10153,2026-06-06,Berlin,sale,163.27
10154,2026-06-06,Berlin,sale,132.92
10155,2026-06-06,Berlin,sale,50.19
10156,2026-06-06,Berlin,sale,25.55
10157,2026-06-06,Berlin,refund,-177.99
10158,2026-06-06,Berlin,sale,5.96
10159,2026-06-06,Berlin,sale,141.91
10160,2026-06-06,Berlin,sale,83.16
10161,2026-06-06,Berlin,refund,-66.69
10162,2026-06-06,Copenhagen,sale,117.75
10163,2026-06-06,Copenhagen,sale,139.72
10164,2026-06-06,Copenhagen,sale,77.37
10165,2026-06-06,Copenhagen,sale,139.71
10166,2026-06-06,Copenhagen,refund,-122.21
10167,2026-06-06,Copenhagen,sale,141.65
10168,2026-06-06,Copenhagen,sale,49.64
10169,2026-06-06,Copenhagen,sale,28.54
10170,2026-06-06,Copenhagen,refund,-41.47
10171,2026-06-06,Copenhagen,sale,98.54
10172,2026-06-06,Copenhagen,sale,75.6
10173,2026-06-06,Copenhagen,sale,127.9
10174,2026-06-06,Copenhagen,sale,23.36
10175,2026-06-06,Copenhagen,sale,85.1
10176,2026-06-06,Copenhagen,sale,16.36
10177,2026-06-06,Copenhagen,refund,-176.91
10178,2026-06-06,Copenhagen,sale,18.66
10179,2026-06-06,Dublin,sale,91.52
10180,2026-06-06,Dublin,sale,176.59
10181,2026-06-06,Dublin,sale,118.79
10182,2026-06-06,Dublin,sale,132.98
10183,2026-06-06,Dublin,sale,136.75
10184,2026-06-06,Dublin,sale,162.52
10185,2026-06-06,Dublin,sale,26.67
10186,2026-06-06,Dublin,sale,97.58
10187,2026-06-06,Dublin,sale,139.86
10188,2026-06-06,Dublin,sale,113.48
10189,2026-06-06,Dublin,sale,171.3
10190,2026-06-06,Dublin,sale,118.38
10191,2026-06-06,Dublin,sale,59.64
10192,2026-06-06,Dublin,sale,41.26
10193,2026-06-06,Dublin,sale,101.83
10194,2026-06-06,Dublin,sale,128.31
10195,2026-06-06,Dublin,sale,48.46
10196,2026-06-06,Dublin,sale,90.93
10197,2026-06-06,Dublin,sale,33.37
10198,2026-06-06,Dublin,sale,21.01
10199,2026-06-06,Dublin,sale,158.98
10200,2026-06-06,Dublin,sale,144.43
10201,2026-06-06,Dublin,sale,167.34
10202,2026-06-06,Dublin,sale,112.06
10203,2026-06-06,Dublin,sale,73.9
10204,2026-06-06,Dublin,sale,165.66
10205,2026-06-06,Dublin,sale,77.78
10206,2026-06-06,Dublin,sale,5.5
10207,2026-06-06,Edinburgh,sale,132.06
10208,2026-06-06,Edinburgh,sale,145.65
10209,2026-06-06,Edinburgh,sale,67.72
10210,2026-06-06,Edinburgh,sale,117.73
10211,2026-06-06,Edinburgh,sale,135.52
10212,2026-06-06,Edinburgh,sale,56.64
10213,2026-06-06,Edinburgh,sale,102.24
10214,2026-06-06,Edinburgh,sale,52.65
10215,2026-06-06,Edinburgh,sale,24.43
10216,2026-06-06,Edinburgh,sale,175.43
10217,2026-06-06,Edinburgh,sale,12.27
10218,2026-06-06,Edinburgh,sale,20.32
10219,2026-06-06,Edinburgh,sale,172.35
10220,2026-06-06,Florence,sale,19.36
10221,2026-06-06,Florence,sale,78.25
10222,2026-06-06,Florence,sale,17.56
10223,2026-06-06,Florence,sale,81.92
10224,2026-06-06,Florence,sale,162.0
10225,2026-06-06,Florence,sale,179.92
10226,2026-06-06,Florence,sale,10.8
10227,2026-06-06,Florence,sale,45.87
10228,2026-06-06,Florence,sale,79.43
10229,2026-06-06,Florence,sale,63.68
10230,2026-06-06,Florence,sale,91.39
10231,2026-06-06,Florence,sale,102.95
10232,2026-06-06,Florence,sale,137.59
10233,2026-06-06,Florence,sale,12.61
10234,2026-06-06,Florence,sale,46.09
10235,2026-06-06,Florence,sale,157.56
10236,2026-06-06,Florence,sale,155.91
10237,2026-06-06,Florence,sale,121.04
10238,2026-06-06,Florence,sale,170.59
10239,2026-06-06,Florence,refund,-30.55
10240,2026-06-06,Florence,sale,22.12
10241,2026-06-06,Florence,sale,100.03
10242,2026-06-06,Florence,sale,102.76
10243,2026-06-06,Florence,sale,110.73
10244,2026-06-06,Florence,sale,139.6
10245,2026-06-06,Florence,sale,88.84
10246,2026-06-07,Amsterdam,sale,123.33
10247,2026-06-07,Amsterdam,sale,120.84
10248,2026-06-07,Amsterdam,sale,80.37
10249,2026-06-07,Amsterdam,sale,114.45
10250,2026-06-07,Amsterdam,sale,132.31
10251,2026-06-07,Amsterdam,sale,15.84
10252,2026-06-07,Amsterdam,sale,61.62
10253,2026-06-07,Amsterdam,sale,91.38
10254,2026-06-07,Amsterdam,sale,174.9
10255,2026-06-07,Amsterdam,sale,58.74
10256,2026-06-07,Amsterdam,sale,152.5
10257,2026-06-07,Amsterdam,sale,140.19
10258,2026-06-07,Amsterdam,refund,-71.89
10259,2026-06-07,Amsterdam,sale,62.03
10260,2026-06-07,Amsterdam,sale,175.67
10261,2026-06-07,Amsterdam,sale,176.52
10262,2026-06-07,Amsterdam,sale,137.65
10263,2026-06-07,Amsterdam,sale,122.12
10264,2026-06-07,Amsterdam,sale,106.89
10265,2026-06-07,Amsterdam,refund,-66.38
10266,2026-06-07,Amsterdam,sale,7.46
10267,2026-06-07,Amsterdam,sale,154.86
10268,2026-06-07,Amsterdam,sale,87.08
10269,2026-06-07,Amsterdam,sale,136.1
10270,2026-06-07,Amsterdam,sale,80.06
10271,2026-06-07,Amsterdam,sale,96.79
10272,2026-06-07,Amsterdam,sale,117.39
10273,2026-06-07,Amsterdam,sale,171.45
10274,2026-06-07,Amsterdam,sale,6.79
10275,2026-06-07,Amsterdam,sale,93.23
10276,2026-06-07,Berlin,sale,84.92
10277,2026-06-07,Berlin,sale,36.84
10278,2026-06-07,Berlin,sale,159.52
10279,2026-06-07,Berlin,sale,100.24
10280,2026-06-07,Berlin,sale,39.39
10281,2026-06-07,Berlin,sale,79.77
10282,2026-06-07,Berlin,sale,33.32
10283,2026-06-07,Berlin,sale,13.23
10284,2026-06-07,Berlin,sale,129.78
10285,2026-06-07,Berlin,sale,88.53
10286,2026-06-07,Berlin,sale,67.34
10287,2026-06-07,Berlin,sale,25.81
10288,2026-06-07,Berlin,sale,96.21
10289,2026-06-07,Berlin,sale,43.09
10290,2026-06-07,Berlin,sale,17.46
10291,2026-06-07,Berlin,sale,11.23
10292,2026-06-07,Berlin,sale,25.28
10293,2026-06-07,Berlin,sale,77.13
10294,2026-06-07,Berlin,sale,105.66
10295,2026-06-07,Berlin,sale,124.83
10296,2026-06-07,Berlin,sale,173.1
10297,2026-06-07,Berlin,sale,149.65
10298,2026-06-07,Berlin,sale,20.44
10299,2026-06-07,Berlin,sale,154.03
10300,2026-06-07,Berlin,sale,71.39
10301,2026-06-07,Berlin,sale,155.8
10302,2026-06-07,Berlin,sale,72.25
10303,2026-06-07,Berlin,sale,123.95
10304,2026-06-07,Berlin,sale,106.9
10305,2026-06-07,Berlin,sale,61.16
10306,2026-06-07,Berlin,sale,50.67
10307,2026-06-07,Berlin,sale,119.52
10308,2026-06-07,Berlin,sale,55.23
10309,2026-06-07,Berlin,sale,127.39
10310,2026-06-07,Berlin,sale,104.03
10311,2026-06-07,Berlin,sale,108.27
10312,2026-06-07,Berlin,sale,138.23
10313,2026-06-07,Berlin,sale,141.78
10314,2026-06-07,Berlin,sale,176.15
10315,2026-06-07,Berlin,refund,-50.73
10316,2026-06-07,Berlin,sale,26.0
10317,2026-06-07,Berlin,refund,-29.55
10318,2026-06-07,Berlin,sale,174.35
10319,2026-06-07,Berlin,sale,66.56
10320,2026-06-07,Berlin,sale,129.69
10321,2026-06-07,Berlin,sale,36.71
10322,2026-06-07,Berlin,sale,151.5
10323,2026-06-07,Berlin,sale,153.75
10324,2026-06-07,Berlin,sale,13.32
10325,2026-06-07,Copenhagen,sale,135.99
10326,2026-06-07,Copenhagen,sale,166.58
10327,2026-06-07,Copenhagen,sale,96.63
10328,2026-06-07,Copenhagen,sale,116.79
10329,2026-06-07,Copenhagen,sale,165.11
10330,2026-06-07,Copenhagen,sale,38.71
10331,2026-06-07,Copenhagen,refund,-129.31
10332,2026-06-07,Copenhagen,sale,131.43
10333,2026-06-07,Dublin,sale,86.49
10334,2026-06-07,Dublin,sale,173.12
10335,2026-06-07,Dublin,sale,9.3
10336,2026-06-07,Dublin,sale,41.58
10337,2026-06-07,Dublin,sale,100.21
10338,2026-06-07,Dublin,sale,87.84
10339,2026-06-07,Dublin,sale,16.92
10340,2026-06-07,Dublin,sale,72.12
10341,2026-06-07,Dublin,sale,123.57
10342,2026-06-07,Dublin,sale,31.39
10343,2026-06-07,Dublin,sale,105.75
10344,2026-06-07,Dublin,sale,7.33
10345,2026-06-07,Dublin,sale,117.02
10346,2026-06-07,Dublin,sale,38.85
10347,2026-06-07,Dublin,sale,21.06
10348,2026-06-07,Dublin,sale,153.54
10349,2026-06-07,Dublin,sale,163.8
10350,2026-06-07,Dublin,sale,122.73
10351,2026-06-07,Dublin,sale,154.8
10352,2026-06-07,Dublin,sale,51.83
10353,2026-06-07,Dublin,sale,133.2
10354,2026-06-07,Dublin,sale,12.67
10355,2026-06-07,Dublin,sale,8.33
10356,2026-06-07,Dublin,sale,59.66
10357,2026-06-07,Dublin,sale,24.34
10358,2026-06-07,Dublin,sale,130.65
10359,2026-06-07,Dublin,sale,48.16
10360,2026-06-07,Dublin,sale,12.45
10361,2026-06-07,Edinburgh,sale,130.67
10362,2026-06-07,Edinburgh,sale,86.4
10363,2026-06-07,Edinburgh,sale,141.86
10364,2026-06-07,Edinburgh,sale,124.65
10365,2026-06-07,Edinburgh,sale,172.65
10366,2026-06-07,Edinburgh,sale,103.41
10367,2026-06-07,Edinburgh,sale,133.18
10368,2026-06-07,Edinburgh,sale,41.27
10369,2026-06-07,Edinburgh,sale,143.69
10370,2026-06-07,Edinburgh,sale,68.69
10371,2026-06-07,Edinburgh,sale,11.74
10372,2026-06-07,Edinburgh,sale,74.92
10373,2026-06-07,Edinburgh,sale,47.72
10374,2026-06-07,Edinburgh,sale,47.52
10375,2026-06-07,Edinburgh,sale,113.26
10376,2026-06-07,Edinburgh,sale,94.18
10377,2026-06-07,Edinburgh,sale,98.58
10378,2026-06-07,Edinburgh,sale,83.72
10379,2026-06-07,Edinburgh,sale,35.22
10380,2026-06-07,Florence,sale,108.48
10381,2026-06-07,Florence,sale,145.44
10382,2026-06-07,Florence,sale,55.45
10383,2026-06-07,Florence,sale,149.93
10384,2026-06-07,Florence,sale,147.24
10385,2026-06-07,Florence,sale,60.02
10386,2026-06-07,Florence,sale,104.89
10387,2026-06-07,Florence,sale,165.79
10388,2026-06-07,Florence,sale,70.54
10389,2026-06-07,Florence,sale,73.64
10390,2026-06-07,Florence,sale,108.74
10391,2026-06-07,Florence,sale,118.26
10392,2026-06-07,Florence,sale,178.61
10393,2026-06-07,Florence,sale,6.34
10394,2026-06-07,Florence,sale,34.86
10395,2026-06-07,Florence,sale,176.18
10396,2026-06-07,Florence,sale,104.61
10397,2026-06-07,Florence,sale,60.91
10398,2026-06-07,Florence,sale,134.57
10399,2026-06-07,Florence,sale,109.85
10400,2026-06-07,Florence,sale,88.02
10401,2026-06-07,Florence,sale,127.5
10402,2026-06-07,Florence,sale,142.56
10403,2026-06-07,Florence,sale,150.78
10404,2026-06-07,Florence,sale,146.02
10405,2026-06-07,Florence,sale,123.56
10406,2026-06-08,Amsterdam,sale,159.37
10407,2026-06-08,Amsterdam,sale,86.75
10408,2026-06-08,Amsterdam,sale,38.98
10409,2026-06-08,Amsterdam,sale,123.15
10410,2026-06-08,Amsterdam,sale,128.81
10411,2026-06-08,Amsterdam,sale,97.91
10412,2026-06-08,Amsterdam,sale,179.42
10413,2026-06-08,Amsterdam,sale,15.73
10414,2026-06-08,Amsterdam,sale,105.3
10415,2026-06-08,Amsterdam,sale,78.66
10416,2026-06-08,Amsterdam,sale,101.51
10417,2026-06-08,Amsterdam,sale,47.86
10418,2026-06-08,Amsterdam,sale,9.6
10419,2026-06-08,Amsterdam,sale,11.57
10420,2026-06-08,Amsterdam,sale,132.41
10421,2026-06-08,Amsterdam,sale,133.03
10422,2026-06-08,Amsterdam,sale,54.6
10423,2026-06-08,Amsterdam,sale,91.96
10424,2026-06-08,Amsterdam,sale,81.99
10425,2026-06-08,Amsterdam,sale,53.5
10426,2026-06-08,Amsterdam,sale,144.1
10427,2026-06-08,Amsterdam,sale,136.37
10428,2026-06-08,Amsterdam,sale,103.16
10429,2026-06-08,Amsterdam,sale,94.79
10430,2026-06-08,Amsterdam,sale,82.8
10431,2026-06-08,Amsterdam,sale,35.43
10432,2026-06-08,Amsterdam,sale,118.75
10433,2026-06-08,Amsterdam,sale,8.44
10434,2026-06-08,Amsterdam,sale,20.14
10435,2026-06-08,Amsterdam,sale,27.56
10436,2026-06-08,Amsterdam,sale,24.38
10437,2026-06-08,Amsterdam,sale,46.09
10438,2026-06-08,Amsterdam,sale,119.37
10439,2026-06-08,Amsterdam,sale,134.04
10440,2026-06-08,Berlin,sale,117.47
10441,2026-06-08,Berlin,sale,116.29
10442,2026-06-08,Berlin,sale,19.6
10443,2026-06-08,Berlin,sale,5.51
10444,2026-06-08,Berlin,sale,110.35
10445,2026-06-08,Berlin,sale,89.74
10446,2026-06-08,Berlin,sale,106.71
10447,2026-06-08,Berlin,sale,112.11
10448,2026-06-08,Berlin,sale,147.86
10449,2026-06-08,Berlin,sale,88.93
10450,2026-06-08,Berlin,sale,173.1
10451,2026-06-08,Berlin,sale,137.36
10452,2026-06-08,Berlin,sale,109.52
10453,2026-06-08,Berlin,sale,18.31
10454,2026-06-08,Berlin,sale,164.91
10455,2026-06-08,Berlin,sale,123.95
10456,2026-06-08,Berlin,sale,37.96
10457,2026-06-08,Berlin,sale,16.36
10458,2026-06-08,Berlin,sale,114.11
10459,2026-06-08,Berlin,sale,33.28
10460,2026-06-08,Berlin,sale,8.4
10461,2026-06-08,Berlin,sale,49.35
10462,2026-06-08,Berlin,sale,131.55
10463,2026-06-08,Berlin,sale,35.21
10464,2026-06-08,Berlin,sale,76.59
10465,2026-06-08,Berlin,sale,160.35
10466,2026-06-08,Berlin,sale,22.01
10467,2026-06-08,Berlin,sale,129.31
10468,2026-06-08,Berlin,sale,151.66
10469,2026-06-08,Berlin,sale,79.94
10470,2026-06-08,Berlin,sale,80.11
10471,2026-06-08,Berlin,sale,33.22
10472,2026-06-08,Berlin,sale,26.1
10473,2026-06-08,Berlin,refund,-107.55
10474,2026-06-08,Berlin,sale,148.49
10475,2026-06-08,Berlin,sale,131.54
10476,2026-06-08,Berlin,sale,159.53
10477,2026-06-08,Berlin,sale,115.34
10478,2026-06-08,Berlin,refund,-53.09
10479,2026-06-08,Berlin,sale,119.0
10480,2026-06-08,Berlin,sale,14.64
10481,2026-06-08,Berlin,sale,28.6
10482,2026-06-08,Berlin,sale,169.6
10483,2026-06-08,Berlin,sale,37.96
10484,2026-06-08,Berlin,sale,100.18
10485,2026-06-08,Copenhagen,sale,30.45
10486,2026-06-08,Copenhagen,sale,101.0
10487,2026-06-08,Copenhagen,sale,173.18
10488,2026-06-08,Copenhagen,sale,179.52
10489,2026-06-08,Copenhagen,sale,166.8
10490,2026-06-08,Copenhagen,sale,42.35
10491,2026-06-08,Copenhagen,sale,94.11
10492,2026-06-08,Copenhagen,sale,43.02
10493,2026-06-08,Copenhagen,sale,16.83
10494,2026-06-08,Copenhagen,sale,175.83
10495,2026-06-08,Copenhagen,sale,68.89
10496,2026-06-08,Copenhagen,sale,104.21
10497,2026-06-08,Copenhagen,sale,97.01
10498,2026-06-08,Dublin,refund,-70.13
10499,2026-06-08,Dublin,sale,148.36
10500,2026-06-08,Dublin,sale,121.71
10501,2026-06-08,Dublin,sale,112.21
10502,2026-06-08,Dublin,sale,74.7
10503,2026-06-08,Dublin,sale,132.77
10504,2026-06-08,Dublin,sale,164.49
10505,2026-06-08,Dublin,sale,117.13
10506,2026-06-08,Dublin,sale,5.67
10507,2026-06-08,Dublin,sale,142.69
10508,2026-06-08,Dublin,sale,22.47
10509,2026-06-08,Dublin,refund,-131.99
10510,2026-06-08,Dublin,sale,81.96
10511,2026-06-08,Dublin,sale,88.8
10512,2026-06-08,Dublin,sale,41.13
10513,2026-06-08,Dublin,refund,-134.04
10514,2026-06-08,Dublin,sale,157.02
10515,2026-06-08,Dublin,sale,86.01
10516,2026-06-08,Dublin,sale,174.3
10517,2026-06-08,Dublin,sale,47.56
10518,2026-06-08,Dublin,sale,117.85
10519,2026-06-08,Dublin,sale,137.29
10520,2026-06-08,Edinburgh,sale,113.49
10521,2026-06-08,Edinburgh,sale,40.39
10522,2026-06-08,Edinburgh,sale,25.79
10523,2026-06-08,Edinburgh,sale,39.0
10524,2026-06-08,Edinburgh,sale,154.83
10525,2026-06-08,Edinburgh,sale,29.61
10526,2026-06-08,Edinburgh,sale,167.77
10527,2026-06-08,Edinburgh,sale,52.47
10528,2026-06-08,Edinburgh,sale,34.81
10529,2026-06-08,Edinburgh,sale,106.08
10530,2026-06-08,Edinburgh,sale,100.25
10531,2026-06-08,Edinburgh,sale,159.67
10532,2026-06-08,Edinburgh,sale,76.22
10533,2026-06-08,Edinburgh,sale,69.05
10534,2026-06-08,Florence,sale,172.56
10535,2026-06-08,Florence,sale,11.31
10536,2026-06-08,Florence,sale,168.11
10537,2026-06-08,Florence,sale,137.74
10538,2026-06-08,Florence,sale,64.47
10539,2026-06-08,Florence,sale,53.51
10540,2026-06-08,Florence,sale,30.88
10541,2026-06-08,Florence,sale,152.49
10542,2026-06-08,Florence,sale,151.82
10543,2026-06-08,Florence,sale,107.69
10544,2026-06-08,Florence,sale,31.14
10545,2026-06-08,Florence,sale,170.08
10546,2026-06-08,Florence,sale,33.35
10547,2026-06-08,Florence,sale,157.79
10548,2026-06-08,Florence,sale,129.54
10549,2026-06-08,Florence,refund,-91.07
10550,2026-06-08,Florence,sale,82.98
10551,2026-06-08,Florence,sale,139.98
10552,2026-06-08,Florence,sale,52.46
10553,2026-06-08,Florence,sale,121.7
10554,2026-06-08,Florence,sale,178.54
10555,2026-06-08,Florence,sale,30.51
10556,2026-06-08,Florence,sale,167.83
10557,2026-06-08,Florence,sale,112.52
10558,2026-06-08,Florence,sale,142.67
10559,2026-06-09,Amsterdam,sale,171.34
10560,2026-06-09,Amsterdam,sale,42.52
10561,2026-06-09,Amsterdam,sale,96.47
10562,2026-06-09,Amsterdam,sale,154.7
10563,2026-06-09,Amsterdam,sale,77.92
10564,2026-06-09,Amsterdam,sale,81.84
10565,2026-06-09,Amsterdam,sale,61.36
10566,2026-06-09,Amsterdam,sale,110.65
10567,2026-06-09,Amsterdam,sale,56.88
10568,2026-06-09,Amsterdam,sale,6.91
10569,2026-06-09,Amsterdam,sale,99.81
10570,2026-06-09,Amsterdam,sale,170.71
10571,2026-06-09,Amsterdam,sale,51.48
10572,2026-06-09,Amsterdam,sale,90.85
10573,2026-06-09,Amsterdam,sale,162.01
10574,2026-06-09,Amsterdam,sale,120.65
10575,2026-06-09,Amsterdam,sale,147.17
10576,2026-06-09,Amsterdam,sale,19.17
10577,2026-06-09,Amsterdam,sale,157.95
10578,2026-06-09,Amsterdam,sale,37.14
10579,2026-06-09,Amsterdam,sale,132.43
10580,2026-06-09,Amsterdam,sale,110.75
10581,2026-06-09,Amsterdam,sale,26.66
10582,2026-06-09,Amsterdam,sale,102.02
10583,2026-06-09,Amsterdam,sale,53.36
10584,2026-06-09,Berlin,sale,68.71
10585,2026-06-09,Berlin,sale,31.95
10586,2026-06-09,Berlin,sale,39.53
10587,2026-06-09,Berlin,sale,155.75
10588,2026-06-09,Berlin,sale,82.51
10589,2026-06-09,Berlin,sale,15.78
10590,2026-06-09,Berlin,sale,6.54
10591,2026-06-09,Berlin,sale,100.66
10592,2026-06-09,Berlin,sale,79.95
10593,2026-06-09,Berlin,sale,84.22
10594,2026-06-09,Berlin,sale,9.67
10595,2026-06-09,Berlin,sale,65.2
10596,2026-06-09,Berlin,sale,69.85
10597,2026-06-09,Berlin,sale,45.71
10598,2026-06-09,Berlin,sale,110.3
10599,2026-06-09,Berlin,sale,179.39
10600,2026-06-09,Berlin,sale,37.47
10601,2026-06-09,Berlin,sale,106.94
10602,2026-06-09,Berlin,sale,76.44
10603,2026-06-09,Berlin,sale,86.19
10604,2026-06-09,Berlin,sale,38.2
10605,2026-06-09,Berlin,sale,53.05
10606,2026-06-09,Berlin,sale,151.21
10607,2026-06-09,Berlin,sale,51.3
10608,2026-06-09,Berlin,sale,33.71
10609,2026-06-09,Berlin,sale,10.71
10610,2026-06-09,Berlin,sale,116.6
10611,2026-06-09,Berlin,sale,92.94
10612,2026-06-09,Berlin,sale,100.98
10613,2026-06-09,Berlin,sale,62.15
10614,2026-06-09,Berlin,sale,40.22
10615,2026-06-09,Berlin,sale,57.37
10616,2026-06-09,Berlin,sale,46.65
10617,2026-06-09,Berlin,sale,113.89
10618,2026-06-09,Berlin,sale,38.85
10619,2026-06-09,Berlin,sale,90.23
10620,2026-06-09,Berlin,sale,38.23
10621,2026-06-09,Berlin,sale,139.67
10622,2026-06-09,Berlin,sale,105.49
10623,2026-06-09,Berlin,sale,106.25
10624,2026-06-09,Berlin,sale,98.3
10625,2026-06-09,Berlin,sale,137.01
10626,2026-06-09,Copenhagen,sale,82.52
10627,2026-06-09,Copenhagen,sale,133.29
10628,2026-06-09,Copenhagen,sale,38.59
10629,2026-06-09,Copenhagen,sale,41.31
10630,2026-06-09,Copenhagen,sale,105.1
10631,2026-06-09,Copenhagen,sale,130.48
10632,2026-06-09,Copenhagen,refund,-153.82
10633,2026-06-09,Copenhagen,sale,40.51
10634,2026-06-09,Copenhagen,sale,171.12
10635,2026-06-09,Copenhagen,sale,102.81
10636,2026-06-09,Copenhagen,sale,61.21
10637,2026-06-09,Copenhagen,sale,173.04
10638,2026-06-09,Dublin,sale,160.59
10639,2026-06-09,Dublin,sale,113.93
10640,2026-06-09,Dublin,sale,36.95
10641,2026-06-09,Dublin,sale,74.71
10642,2026-06-09,Dublin,sale,15.08
10643,2026-06-09,Dublin,sale,90.17
10644,2026-06-09,Dublin,sale,118.12
10645,2026-06-09,Dublin,sale,114.44
10646,2026-06-09,Dublin,sale,24.63
10647,2026-06-09,Dublin,sale,17.06
10648,2026-06-09,Dublin,sale,11.39
10649,2026-06-09,Dublin,sale,125.34
10650,2026-06-09,Dublin,sale,51.12
10651,2026-06-09,Dublin,sale,28.2
10652,2026-06-09,Dublin,sale,65.29
10653,2026-06-09,Dublin,sale,78.26
10654,2026-06-09,Dublin,sale,120.17
10655,2026-06-09,Dublin,sale,77.26
10656,2026-06-09,Dublin,sale,48.05
10657,2026-06-09,Dublin,sale,119.12
10658,2026-06-09,Dublin,sale,83.18
10659,2026-06-09,Dublin,sale,12.76
10660,2026-06-09,Dublin,sale,137.51
10661,2026-06-09,Dublin,sale,21.63
10662,2026-06-09,Dublin,sale,11.55
10663,2026-06-09,Dublin,sale,57.59
10664,2026-06-09,Dublin,sale,90.85
10665,2026-06-09,Dublin,sale,50.92
10666,2026-06-09,Dublin,sale,24.3
10667,2026-06-09,Edinburgh,sale,129.82
10668,2026-06-09,Edinburgh,sale,173.05
10669,2026-06-09,Edinburgh,sale,101.65
10670,2026-06-09,Edinburgh,sale,65.1
10671,2026-06-09,Edinburgh,sale,74.71
10672,2026-06-09,Edinburgh,sale,161.74
10673,2026-06-09,Edinburgh,sale,52.32
10674,2026-06-09,Edinburgh,sale,77.67
10675,2026-06-09,Edinburgh,refund,-119.86
10676,2026-06-09,Edinburgh,sale,54.57
10677,2026-06-09,Edinburgh,sale,68.44
10678,2026-06-09,Edinburgh,sale,144.42
10679,2026-06-09,Edinburgh,sale,157.97
10680,2026-06-09,Edinburgh,sale,57.94
10681,2026-06-09,Edinburgh,sale,87.39
10682,2026-06-09,Edinburgh,sale,119.35
10683,2026-06-09,Edinburgh,sale,8.13
10684,2026-06-09,Florence,sale,137.02
10685,2026-06-09,Florence,refund,-109.45
10686,2026-06-09,Florence,sale,83.72
10687,2026-06-09,Florence,sale,78.84
10688,2026-06-09,Florence,sale,56.5
10689,2026-06-09,Florence,sale,32.61
10690,2026-06-09,Florence,sale,162.96
10691,2026-06-09,Florence,sale,111.78
10692,2026-06-09,Florence,sale,128.87
10693,2026-06-09,Florence,sale,31.56
10694,2026-06-09,Florence,sale,23.25
10695,2026-06-09,Florence,sale,103.8
10696,2026-06-09,Florence,sale,32.58
10697,2026-06-09,Florence,sale,96.69
10698,2026-06-09,Florence,sale,115.65
10699,2026-06-09,Florence,sale,175.67
10700,2026-06-09,Florence,sale,162.66
10701,2026-06-09,Florence,sale,167.12
10702,2026-06-09,Florence,sale,114.99
10703,2026-06-09,Florence,sale,84.36
10704,2026-06-09,Florence,sale,24.32
10705,2026-06-10,Amsterdam,sale,65.91
10706,2026-06-10,Amsterdam,sale,27.19
10707,2026-06-10,Amsterdam,sale,120.21
10708,2026-06-10,Amsterdam,sale,21.14
10709,2026-06-10,Amsterdam,refund,-126.01
10710,2026-06-10,Amsterdam,sale,45.96
10711,2026-06-10,Amsterdam,sale,44.46
10712,2026-06-10,Amsterdam,sale,157.67
10713,2026-06-10,Amsterdam,sale,10.22
10714,2026-06-10,Amsterdam,sale,54.39
10715,2026-06-10,Amsterdam,sale,135.81
10716,2026-06-10,Amsterdam,sale,33.14
10717,2026-06-10,Amsterdam,sale,57.6
10718,2026-06-10,Amsterdam,sale,89.6
10719,2026-06-10,Amsterdam,sale,149.22
10720,2026-06-10,Amsterdam,sale,162.29
10721,2026-06-10,Amsterdam,refund,-159.51
10722,2026-06-10,Amsterdam,sale,178.71
10723,2026-06-10,Amsterdam,sale,40.94
10724,2026-06-10,Amsterdam,sale,93.39
10725,2026-06-10,Amsterdam,sale,173.42
10726,2026-06-10,Amsterdam,sale,42.75
10727,2026-06-10,Amsterdam,sale,57.8
10728,2026-06-10,Amsterdam,sale,163.53
10729,2026-06-10,Amsterdam,sale,94.63
10730,2026-06-10,Amsterdam,sale,163.22
10731,2026-06-10,Amsterdam,sale,133.89
10732,2026-06-10,Amsterdam,sale,52.01
10733,2026-06-10,Amsterdam,sale,67.77
10734,2026-06-10,Amsterdam,sale,78.13
10735,2026-06-10,Amsterdam,sale,62.14
10736,2026-06-10,Berlin,sale,91.21
10737,2026-06-10,Berlin,sale,115.14
10738,2026-06-10,Berlin,sale,35.31
10739,2026-06-10,Berlin,sale,154.37
10740,2026-06-10,Berlin,sale,6.18
10741,2026-06-10,Berlin,sale,92.41
10742,2026-06-10,Berlin,sale,134.24
10743,2026-06-10,Berlin,sale,153.4
10744,2026-06-10,Berlin,sale,142.84
10745,2026-06-10,Berlin,sale,125.01
10746,2026-06-10,Berlin,sale,160.86
10747,2026-06-10,Berlin,sale,95.24
10748,2026-06-10,Berlin,sale,73.09
10749,2026-06-10,Berlin,sale,121.42
10750,2026-06-10,Berlin,sale,62.76
10751,2026-06-10,Berlin,sale,19.89
10752,2026-06-10,Berlin,sale,101.47
10753,2026-06-10,Berlin,sale,38.38
10754,2026-06-10,Berlin,sale,101.18
10755,2026-06-10,Berlin,sale,147.65
10756,2026-06-10,Berlin,refund,-24.35
10757,2026-06-10,Berlin,sale,85.75
10758,2026-06-10,Berlin,sale,159.08
10759,2026-06-10,Berlin,sale,167.57
10760,2026-06-10,Berlin,sale,23.85
10761,2026-06-10,Berlin,sale,119.24
10762,2026-06-10,Berlin,sale,96.54
10763,2026-06-10,Berlin,sale,59.32
10764,2026-06-10,Berlin,sale,9.89
10765,2026-06-10,Berlin,sale,158.62
10766,2026-06-10,Berlin,sale,26.74
10767,2026-06-10,Berlin,refund,-77.77
10768,2026-06-10,Berlin,sale,14.36
10769,2026-06-10,Berlin,sale,48.85
10770,2026-06-10,Berlin,sale,168.11
10771,2026-06-10,Berlin,sale,84.6
10772,2026-06-10,Berlin,sale,43.44
10773,2026-06-10,Berlin,sale,163.51
10774,2026-06-10,Berlin,sale,108.72
10775,2026-06-10,Berlin,sale,95.79
10776,2026-06-10,Berlin,sale,69.55
10777,2026-06-10,Berlin,sale,103.37
10778,2026-06-10,Berlin,sale,38.99
10779,2026-06-10,Berlin,sale,149.25
10780,2026-06-10,Berlin,sale,29.16
10781,2026-06-10,Berlin,sale,38.45
10782,2026-06-10,Berlin,sale,112.93
10783,2026-06-10,Berlin,sale,133.69
10784,2026-06-10,Berlin,sale,124.73
10785,2026-06-10,Berlin,sale,9.7
10786,2026-06-10,Copenhagen,sale,60.33
10787,2026-06-10,Copenhagen,sale,176.88
10788,2026-06-10,Copenhagen,sale,37.25
10789,2026-06-10,Copenhagen,sale,163.5
10790,2026-06-10,Copenhagen,sale,133.85
10791,2026-06-10,Copenhagen,refund,-70.6
10792,2026-06-10,Copenhagen,sale,166.01
10793,2026-06-10,Copenhagen,sale,107.18
10794,2026-06-10,Copenhagen,sale,164.27
10795,2026-06-10,Copenhagen,sale,132.09
10796,2026-06-10,Copenhagen,sale,152.57
10797,2026-06-10,Copenhagen,sale,144.97
10798,2026-06-10,Copenhagen,sale,107.13
10799,2026-06-10,Copenhagen,sale,128.48
10800,2026-06-10,Copenhagen,sale,43.3
10801,2026-06-10,Dublin,sale,125.3
10802,2026-06-10,Dublin,sale,113.25
10803,2026-06-10,Dublin,sale,61.66
10804,2026-06-10,Dublin,sale,90.92
10805,2026-06-10,Dublin,sale,9.83
10806,2026-06-10,Dublin,sale,45.46
10807,2026-06-10,Dublin,sale,102.39
10808,2026-06-10,Dublin,sale,56.04
10809,2026-06-10,Dublin,sale,142.03
10810,2026-06-10,Dublin,sale,75.18
10811,2026-06-10,Dublin,sale,60.25
10812,2026-06-10,Dublin,sale,160.8
10813,2026-06-10,Dublin,sale,82.02
10814,2026-06-10,Dublin,sale,140.33
10815,2026-06-10,Dublin,sale,51.56
10816,2026-06-10,Dublin,sale,110.42
10817,2026-06-10,Dublin,sale,93.68
10818,2026-06-10,Dublin,sale,64.33
10819,2026-06-10,Dublin,sale,66.85
10820,2026-06-10,Dublin,sale,71.88
10821,2026-06-10,Dublin,sale,177.58
10822,2026-06-10,Dublin,sale,149.29
10823,2026-06-10,Dublin,sale,62.44
10824,2026-06-10,Edinburgh,sale,84.22
10825,2026-06-10,Edinburgh,sale,13.7
10826,2026-06-10,Edinburgh,sale,26.46
10827,2026-06-10,Edinburgh,sale,96.71
10828,2026-06-10,Edinburgh,sale,118.35
10829,2026-06-10,Edinburgh,sale,28.82
10830,2026-06-10,Edinburgh,sale,89.54
10831,2026-06-10,Edinburgh,sale,92.8
10832,2026-06-10,Edinburgh,sale,179.23
10833,2026-06-10,Edinburgh,sale,160.28
10834,2026-06-10,Edinburgh,sale,77.02
10835,2026-06-10,Edinburgh,sale,60.26
10836,2026-06-10,Edinburgh,sale,122.55
10837,2026-06-10,Edinburgh,sale,84.68
10838,2026-06-10,Edinburgh,sale,103.12
10839,2026-06-10,Edinburgh,sale,46.44
10840,2026-06-10,Edinburgh,sale,99.02
10841,2026-06-10,Edinburgh,sale,67.17
10842,2026-06-10,Florence,sale,161.79
10843,2026-06-10,Florence,sale,165.81
10844,2026-06-10,Florence,sale,170.7
10845,2026-06-10,Florence,sale,64.85
10846,2026-06-10,Florence,refund,-42.38
10847,2026-06-10,Florence,sale,23.01
10848,2026-06-10,Florence,sale,139.76
10849,2026-06-10,Florence,sale,31.58
10850,2026-06-10,Florence,sale,65.06
10851,2026-06-10,Florence,sale,97.01
10852,2026-06-10,Florence,sale,26.93
10853,2026-06-10,Florence,sale,113.33
10854,2026-06-10,Florence,sale,93.67
10855,2026-06-10,Florence,sale,72.3
10856,2026-06-10,Florence,sale,144.77
10857,2026-06-10,Florence,sale,175.74
10858,2026-06-10,Florence,sale,27.56
10859,2026-06-10,Florence,sale,107.58
10860,2026-06-10,Florence,sale,157.03
10861,2026-06-10,Florence,sale,67.23
10862,2026-06-10,Florence,sale,147.67
10863,2026-06-10,Florence,sale,43.82
10864,2026-06-10,Florence,refund,-90.19
10865,2026-06-10,Florence,sale,30.3
10866,2026-06-10,Florence,sale,93.78
10867,2026-06-10,Florence,sale,175.41
10868,2026-06-10,Florence,sale,24.98
10869,2026-06-11,Amsterdam,sale,53.12
10870,2026-06-11,Amsterdam,sale,66.73
10871,2026-06-11,Amsterdam,sale,63.15
10872,2026-06-11,Amsterdam,sale,110.52
10873,2026-06-11,Amsterdam,refund,-148.02
10874,2026-06-11,Amsterdam,sale,34.19
10875,2026-06-11,Amsterdam,sale,142.39
10876,2026-06-11,Amsterdam,sale,71.66
10877,2026-06-11,Amsterdam,sale,167.6
10878,2026-06-11,Amsterdam,sale,6.59
10879,2026-06-11,Amsterdam,sale,150.92
10880,2026-06-11,Amsterdam,sale,43.16
10881,2026-06-11,Amsterdam,sale,119.04
10882,2026-06-11,Amsterdam,sale,77.87
10883,2026-06-11,Amsterdam,sale,82.55
10884,2026-06-11,Amsterdam,sale,142.66
10885,2026-06-11,Amsterdam,sale,137.28
10886,2026-06-11,Amsterdam,sale,91.0
10887,2026-06-11,Amsterdam,sale,25.54
10888,2026-06-11,Amsterdam,sale,112.11
10889,2026-06-11,Amsterdam,sale,171.43
10890,2026-06-11,Amsterdam,sale,20.63
10891,2026-06-11,Amsterdam,refund,-162.12
10892,2026-06-11,Amsterdam,sale,131.85
10893,2026-06-11,Amsterdam,sale,17.19
10894,2026-06-11,Berlin,sale,77.37
10895,2026-06-11,Berlin,sale,87.06
10896,2026-06-11,Berlin,sale,169.3
10897,2026-06-11,Berlin,sale,91.29
10898,2026-06-11,Berlin,sale,139.82
10899,2026-06-11,Berlin,sale,163.41
10900,2026-06-11,Berlin,sale,82.75
10901,2026-06-11,Berlin,sale,138.81
10902,2026-06-11,Berlin,sale,150.58
10903,2026-06-11,Berlin,sale,76.76
10904,2026-06-11,Berlin,sale,120.75
10905,2026-06-11,Berlin,sale,26.72
10906,2026-06-11,Berlin,sale,12.51
10907,2026-06-11,Berlin,sale,171.72
10908,2026-06-11,Berlin,sale,121.96
10909,2026-06-11,Berlin,refund,-161.6
10910,2026-06-11,Berlin,sale,92.28
10911,2026-06-11,Berlin,sale,74.4
10912,2026-06-11,Berlin,sale,6.25
10913,2026-06-11,Berlin,sale,56.61
10914,2026-06-11,Berlin,sale,103.82
10915,2026-06-11,Berlin,sale,38.27
10916,2026-06-11,Berlin,sale,125.04
10917,2026-06-11,Berlin,sale,166.13
10918,2026-06-11,Berlin,sale,79.16
10919,2026-06-11,Berlin,refund,-127.9
10920,2026-06-11,Berlin,sale,30.73
10921,2026-06-11,Berlin,sale,117.48
10922,2026-06-11,Berlin,sale,51.81
10923,2026-06-11,Berlin,sale,101.33
10924,2026-06-11,Berlin,sale,103.14
10925,2026-06-11,Berlin,sale,22.84
10926,2026-06-11,Berlin,sale,128.44
10927,2026-06-11,Berlin,sale,146.27
10928,2026-06-11,Berlin,sale,146.66
10929,2026-06-11,Berlin,sale,99.93
10930,2026-06-11,Berlin,sale,144.7
10931,2026-06-11,Berlin,sale,39.45
10932,2026-06-11,Berlin,refund,-45.92
10933,2026-06-11,Berlin,sale,142.98
10934,2026-06-11,Berlin,sale,36.98
10935,2026-06-11,Berlin,sale,109.19
10936,2026-06-11,Berlin,refund,-18.44
10937,2026-06-11,Berlin,refund,-76.51
10938,2026-06-11,Berlin,sale,27.99
10939,2026-06-11,Berlin,sale,120.74
10940,2026-06-11,Berlin,sale,114.34
10941,2026-06-11,Berlin,sale,69.3
10942,2026-06-11,Berlin,sale,94.31
10943,2026-06-11,Copenhagen,sale,80.82
10944,2026-06-11,Copenhagen,refund,-172.48
10945,2026-06-11,Copenhagen,sale,38.16
10946,2026-06-11,Copenhagen,sale,149.41
10947,2026-06-11,Copenhagen,refund,-81.19
10948,2026-06-11,Copenhagen,sale,179.01
10949,2026-06-11,Copenhagen,sale,166.1
10950,2026-06-11,Copenhagen,sale,81.96
10951,2026-06-11,Copenhagen,sale,67.33
10952,2026-06-11,Copenhagen,sale,37.04
10953,2026-06-11,Copenhagen,sale,84.03
10954,2026-06-11,Copenhagen,sale,126.84
10955,2026-06-11,Copenhagen,sale,163.07
10956,2026-06-11,Copenhagen,sale,151.77
10957,2026-06-11,Dublin,sale,40.97
10958,2026-06-11,Dublin,sale,62.53
10959,2026-06-11,Dublin,sale,173.21
10960,2026-06-11,Dublin,sale,31.32
10961,2026-06-11,Dublin,sale,97.14
10962,2026-06-11,Dublin,refund,-48.18
10963,2026-06-11,Dublin,sale,46.31
10964,2026-06-11,Dublin,sale,109.2
10965,2026-06-11,Dublin,sale,117.17
10966,2026-06-11,Dublin,sale,103.83
10967,2026-06-11,Dublin,sale,67.24
10968,2026-06-11,Dublin,sale,168.38
10969,2026-06-11,Dublin,sale,105.74
10970,2026-06-11,Dublin,sale,7.83
10971,2026-06-11,Dublin,sale,176.42
10972,2026-06-11,Dublin,sale,127.83
10973,2026-06-11,Dublin,sale,123.49
10974,2026-06-11,Dublin,sale,42.49
10975,2026-06-11,Dublin,sale,36.48
10976,2026-06-11,Dublin,sale,71.11
10977,2026-06-11,Dublin,sale,99.73
10978,2026-06-11,Dublin,sale,52.8
10979,2026-06-11,Dublin,sale,61.6
10980,2026-06-11,Dublin,refund,-58.53
10981,2026-06-11,Dublin,sale,117.58
10982,2026-06-11,Dublin,sale,8.02
10983,2026-06-11,Dublin,sale,157.21
10984,2026-06-11,Dublin,sale,139.07
10985,2026-06-11,Dublin,sale,52.35
10986,2026-06-11,Dublin,sale,151.88
10987,2026-06-11,Edinburgh,sale,89.93
10988,2026-06-11,Edinburgh,sale,127.79
10989,2026-06-11,Edinburgh,sale,179.96
10990,2026-06-11,Edinburgh,sale,109.9
10991,2026-06-11,Edinburgh,sale,94.35
10992,2026-06-11,Edinburgh,sale,64.16
10993,2026-06-11,Edinburgh,sale,44.52
10994,2026-06-11,Edinburgh,sale,35.55
10995,2026-06-11,Edinburgh,sale,42.7
10996,2026-06-11,Edinburgh,sale,95.33
10997,2026-06-11,Edinburgh,sale,18.52
10998,2026-06-11,Edinburgh,sale,102.86
10999,2026-06-11,Edinburgh,sale,101.15
11000,2026-06-11,Edinburgh,sale,104.49
11001,2026-06-11,Edinburgh,sale,140.42
11002,2026-06-11,Florence,sale,32.74
11003,2026-06-11,Florence,sale,43.64
11004,2026-06-11,Florence,sale,170.16
11005,2026-06-11,Florence,sale,92.88
11006,2026-06-11,Florence,sale,129.71
11007,2026-06-11,Florence,sale,13.88
11008,2026-06-11,Florence,refund,-130.02
11009,2026-06-11,Florence,sale,115.28
11010,2026-06-11,Florence,sale,32.16
11011,2026-06-11,Florence,sale,8.16
11012,2026-06-11,Florence,sale,95.78
11013,2026-06-11,Florence,sale,37.89
11014,2026-06-11,Florence,sale,7.06
11015,2026-06-11,Florence,sale,35.2
11016,2026-06-11,Florence,sale,85.24
11017,2026-06-11,Florence,sale,30.08
11018,2026-06-11,Florence,sale,158.82
11019,2026-06-11,Florence,sale,27.26
11020,2026-06-11,Florence,sale,179.28
11021,2026-06-11,Florence,sale,114.69
11022,2026-06-11,Florence,refund,-173.74
11023,2026-06-12,Amsterdam,sale,130.93
11024,2026-06-12,Amsterdam,sale,99.25
11025,2026-06-12,Amsterdam,sale,71.49
11026,2026-06-12,Amsterdam,sale,92.04
11027,2026-06-12,Amsterdam,sale,131.92
11028,2026-06-12,Amsterdam,sale,23.91
11029,2026-06-12,Amsterdam,sale,150.74
11030,2026-06-12,Amsterdam,sale,58.78
11031,2026-06-12,Amsterdam,sale,99.47
11032,2026-06-12,Amsterdam,sale,166.45
11033,2026-06-12,Amsterdam,sale,159.19
11034,2026-06-12,Amsterdam,sale,79.63
11035,2026-06-12,Amsterdam,sale,116.22
11036,2026-06-12,Amsterdam,sale,116.88
11037,2026-06-12,Amsterdam,sale,135.02
11038,2026-06-12,Amsterdam,sale,90.25
11039,2026-06-12,Amsterdam,sale,160.36
11040,2026-06-12,Amsterdam,sale,127.5
11041,2026-06-12,Amsterdam,sale,173.5
11042,2026-06-12,Amsterdam,sale,76.18
11043,2026-06-12,Amsterdam,sale,16.16
11044,2026-06-12,Amsterdam,sale,17.66
11045,2026-06-12,Amsterdam,sale,62.55
11046,2026-06-12,Amsterdam,sale,48.8
11047,2026-06-12,Amsterdam,sale,22.76
11048,2026-06-12,Amsterdam,sale,118.38
11049,2026-06-12,Amsterdam,sale,127.66
11050,2026-06-12,Amsterdam,sale,131.55
11051,2026-06-12,Amsterdam,sale,114.59
11052,2026-06-12,Amsterdam,sale,20.52
11053,2026-06-12,Berlin,sale,46.92
11054,2026-06-12,Berlin,sale,73.33
11055,2026-06-12,Berlin,sale,48.85
11056,2026-06-12,Berlin,sale,12.16
11057,2026-06-12,Berlin,sale,82.92
11058,2026-06-12,Berlin,sale,42.73
11059,2026-06-12,Berlin,sale,61.62
11060,2026-06-12,Berlin,sale,168.19
11061,2026-06-12,Berlin,refund,-89.88
11062,2026-06-12,Berlin,sale,64.26
11063,2026-06-12,Berlin,sale,170.42
11064,2026-06-12,Berlin,sale,140.76
11065,2026-06-12,Berlin,sale,59.49
11066,2026-06-12,Berlin,sale,99.63
11067,2026-06-12,Berlin,sale,73.51
11068,2026-06-12,Berlin,sale,159.0
11069,2026-06-12,Berlin,sale,148.86
11070,2026-06-12,Berlin,sale,140.55
11071,2026-06-12,Berlin,sale,177.79
11072,2026-06-12,Berlin,sale,40.59
11073,2026-06-12,Berlin,sale,50.92
11074,2026-06-12,Berlin,sale,38.41
11075,2026-06-12,Berlin,sale,168.04
11076,2026-06-12,Berlin,sale,105.14
11077,2026-06-12,Berlin,sale,131.26
11078,2026-06-12,Berlin,sale,10.39
11079,2026-06-12,Berlin,sale,120.66
11080,2026-06-12,Berlin,sale,53.89
11081,2026-06-12,Berlin,sale,78.8
11082,2026-06-12,Berlin,sale,25.57
11083,2026-06-12,Berlin,refund,-103.94
11084,2026-06-12,Berlin,sale,92.13
11085,2026-06-12,Berlin,sale,88.49
11086,2026-06-12,Berlin,sale,160.58
11087,2026-06-12,Berlin,sale,81.27
11088,2026-06-12,Berlin,sale,99.05
11089,2026-06-12,Berlin,sale,160.53
11090,2026-06-12,Berlin,sale,40.51
11091,2026-06-12,Berlin,sale,62.56
11092,2026-06-12,Berlin,sale,23.21
11093,2026-06-12,Berlin,sale,90.83
11094,2026-06-12,Berlin,sale,177.53
11095,2026-06-12,Berlin,sale,151.06
11096,2026-06-12,Berlin,sale,58.7
11097,2026-06-12,Copenhagen,sale,68.21
11098,2026-06-12,Copenhagen,sale,77.42
11099,2026-06-12,Copenhagen,sale,74.35
11100,2026-06-12,Copenhagen,sale,32.2
11101,2026-06-12,Copenhagen,sale,125.04
11102,2026-06-12,Copenhagen,sale,33.67
11103,2026-06-12,Copenhagen,sale,97.71
11104,2026-06-12,Copenhagen,sale,118.5
11105,2026-06-12,Copenhagen,refund,-46.98
11106,2026-06-12,Copenhagen,sale,58.44
11107,2026-06-12,Dublin,sale,178.79
11108,2026-06-12,Dublin,sale,105.62
11109,2026-06-12,Dublin,sale,179.04
11110,2026-06-12,Dublin,sale,177.21
11111,2026-06-12,Dublin,sale,15.98
11112,2026-06-12,Dublin,sale,33.05
11113,2026-06-12,Dublin,sale,5.18
11114,2026-06-12,Dublin,sale,89.31
11115,2026-06-12,Dublin,sale,72.14
11116,2026-06-12,Dublin,sale,135.51
11117,2026-06-12,Dublin,sale,153.71
11118,2026-06-12,Dublin,sale,172.87
11119,2026-06-12,Dublin,sale,90.03
11120,2026-06-12,Dublin,sale,116.14
11121,2026-06-12,Dublin,sale,56.81
11122,2026-06-12,Dublin,sale,45.42
11123,2026-06-12,Dublin,sale,174.57
11124,2026-06-12,Dublin,sale,100.27
11125,2026-06-12,Dublin,sale,177.47
11126,2026-06-12,Dublin,sale,131.26
11127,2026-06-12,Dublin,sale,145.12
11128,2026-06-12,Dublin,sale,69.75
11129,2026-06-12,Dublin,sale,75.88
11130,2026-06-12,Dublin,sale,172.08
11131,2026-06-12,Dublin,sale,174.64
11132,2026-06-12,Dublin,sale,81.02
11133,2026-06-12,Edinburgh,sale,83.57
11134,2026-06-12,Edinburgh,sale,163.94
11135,2026-06-12,Edinburgh,sale,10.94
11136,2026-06-12,Edinburgh,sale,95.49
11137,2026-06-12,Edinburgh,sale,28.29
11138,2026-06-12,Edinburgh,sale,137.74
11139,2026-06-12,Edinburgh,sale,160.37
11140,2026-06-12,Edinburgh,sale,27.99
11141,2026-06-12,Edinburgh,sale,15.65
11142,2026-06-12,Edinburgh,sale,28.78
11143,2026-06-12,Edinburgh,sale,82.79
11144,2026-06-12,Edinburgh,sale,118.84
11145,2026-06-12,Edinburgh,sale,9.1
11146,2026-06-12,Edinburgh,sale,10.26
11147,2026-06-12,Edinburgh,sale,138.36
11148,2026-06-12,Edinburgh,sale,165.51
11149,2026-06-12,Edinburgh,sale,140.29
11150,2026-06-12,Edinburgh,sale,90.25
11151,2026-06-12,Florence,sale,94.1
11152,2026-06-12,Florence,sale,10.67
11153,2026-06-12,Florence,sale,35.64
11154,2026-06-12,Florence,sale,46.69
11155,2026-06-12,Florence,sale,77.41
11156,2026-06-12,Florence,sale,173.04
11157,2026-06-12,Florence,sale,89.6
11158,2026-06-12,Florence,sale,116.73
11159,2026-06-12,Florence,sale,12.8
11160,2026-06-12,Florence,sale,154.21
11161,2026-06-12,Florence,sale,21.81
11162,2026-06-12,Florence,sale,87.25
11163,2026-06-12,Florence,sale,95.56
11164,2026-06-12,Florence,sale,49.86
11165,2026-06-12,Florence,sale,38.65
11166,2026-06-12,Florence,sale,87.72
11167,2026-06-12,Florence,sale,148.8
11168,2026-06-12,Florence,sale,126.69
11169,2026-06-12,Florence,sale,179.0
11170,2026-06-13,Amsterdam,sale,32.5
11171,2026-06-13,Amsterdam,sale,76.39
11172,2026-06-13,Amsterdam,sale,65.02
11173,2026-06-13,Amsterdam,sale,98.89
11174,2026-06-13,Amsterdam,sale,148.89
11175,2026-06-13,Amsterdam,sale,133.0
11176,2026-06-13,Amsterdam,sale,141.01
11177,2026-06-13,Amsterdam,sale,114.97
11178,2026-06-13,Amsterdam,sale,37.67
11179,2026-06-13,Amsterdam,sale,21.77
11180,2026-06-13,Amsterdam,sale,55.74
11181,2026-06-13,Amsterdam,refund,-7.58
11182,2026-06-13,Amsterdam,sale,114.49
11183,2026-06-13,Amsterdam,sale,129.1
11184,2026-06-13,Amsterdam,sale,6.28
11185,2026-06-13,Amsterdam,sale,72.35
11186,2026-06-13,Amsterdam,refund,-65.38
11187,2026-06-13,Amsterdam,sale,43.67
11188,2026-06-13,Amsterdam,sale,5.89
11189,2026-06-13,Amsterdam,sale,129.48
11190,2026-06-13,Amsterdam,sale,31.9
11191,2026-06-13,Amsterdam,sale,86.87
11192,2026-06-13,Amsterdam,sale,157.06
11193,2026-06-13,Amsterdam,sale,156.86
11194,2026-06-13,Amsterdam,sale,22.15
11195,2026-06-13,Amsterdam,sale,68.25
11196,2026-06-13,Amsterdam,sale,97.45
11197,2026-06-13,Amsterdam,sale,63.78
11198,2026-06-13,Amsterdam,sale,63.04
11199,2026-06-13,Amsterdam,sale,144.57
11200,2026-06-13,Amsterdam,sale,148.14
11201,2026-06-13,Amsterdam,sale,24.11
11202,2026-06-13,Amsterdam,sale,77.45
11203,2026-06-13,Amsterdam,sale,95.49
11204,2026-06-13,Amsterdam,sale,91.07
11205,2026-06-13,Berlin,sale,60.42
11206,2026-06-13,Berlin,sale,67.63
11207,2026-06-13,Berlin,sale,143.87
11208,2026-06-13,Berlin,sale,67.33
11209,2026-06-13,Berlin,sale,150.2
11210,2026-06-13,Berlin,sale,121.87
11211,2026-06-13,Berlin,sale,162.06
11212,2026-06-13,Berlin,sale,50.5
11213,2026-06-13,Berlin,sale,30.85
11214,2026-06-13,Berlin,sale,151.71
11215,2026-06-13,Berlin,sale,9.99
11216,2026-06-13,Berlin,refund,-122.75
11217,2026-06-13,Berlin,sale,84.35
11218,2026-06-13,Berlin,sale,133.82
11219,2026-06-13,Berlin,sale,45.71
11220,2026-06-13,Berlin,sale,105.82
11221,2026-06-13,Berlin,sale,153.27
11222,2026-06-13,Berlin,sale,30.89
11223,2026-06-13,Berlin,sale,173.97
11224,2026-06-13,Berlin,sale,148.88
11225,2026-06-13,Berlin,sale,176.96
11226,2026-06-13,Berlin,refund,-107.95
11227,2026-06-13,Berlin,sale,171.41
11228,2026-06-13,Berlin,sale,174.82
11229,2026-06-13,Berlin,sale,155.92
11230,2026-06-13,Berlin,sale,112.6
11231,2026-06-13,Berlin,sale,48.01
11232,2026-06-13,Berlin,sale,158.94
11233,2026-06-13,Berlin,sale,130.61
11234,2026-06-13,Berlin,sale,105.79
11235,2026-06-13,Berlin,sale,46.26
11236,2026-06-13,Berlin,sale,74.7
11237,2026-06-13,Berlin,sale,73.54
11238,2026-06-13,Berlin,sale,164.78
11239,2026-06-13,Berlin,sale,148.06
11240,2026-06-13,Berlin,sale,68.62
11241,2026-06-13,Berlin,sale,125.64
11242,2026-06-13,Berlin,sale,78.27
11243,2026-06-13,Berlin,sale,27.38
11244,2026-06-13,Berlin,sale,124.63
11245,2026-06-13,Berlin,refund,-53.52
11246,2026-06-13,Berlin,sale,123.72
11247,2026-06-13,Berlin,sale,149.58
11248,2026-06-13,Berlin,sale,92.96
11249,2026-06-13,Berlin,sale,114.54
11250,2026-06-13,Berlin,sale,164.03
11251,2026-06-13,Berlin,sale,20.48
11252,2026-06-13,Copenhagen,sale,132.14
11253,2026-06-13,Copenhagen,sale,122.98
11254,2026-06-13,Copenhagen,sale,138.07
11255,2026-06-13,Copenhagen,sale,127.22
11256,2026-06-13,Copenhagen,sale,119.63
11257,2026-06-13,Copenhagen,sale,94.07
11258,2026-06-13,Copenhagen,sale,22.74
11259,2026-06-13,Copenhagen,sale,32.42
11260,2026-06-13,Copenhagen,sale,129.92
11261,2026-06-13,Copenhagen,sale,157.4
11262,2026-06-13,Copenhagen,sale,105.37
11263,2026-06-13,Copenhagen,sale,76.51
11264,2026-06-13,Copenhagen,sale,113.79
11265,2026-06-13,Dublin,sale,126.58
11266,2026-06-13,Dublin,sale,6.25
11267,2026-06-13,Dublin,sale,129.47
11268,2026-06-13,Dublin,sale,32.01
11269,2026-06-13,Dublin,sale,73.67
11270,2026-06-13,Dublin,sale,71.1
11271,2026-06-13,Dublin,sale,150.85
11272,2026-06-13,Dublin,sale,9.29
11273,2026-06-13,Dublin,sale,163.9
11274,2026-06-13,Dublin,sale,122.31
11275,2026-06-13,Dublin,sale,31.8
11276,2026-06-13,Dublin,sale,162.52
11277,2026-06-13,Dublin,sale,82.04
11278,2026-06-13,Dublin,sale,17.74
11279,2026-06-13,Dublin,sale,97.17
11280,2026-06-13,Dublin,refund,-14.47
11281,2026-06-13,Dublin,sale,15.01
11282,2026-06-13,Dublin,sale,113.08
11283,2026-06-13,Dublin,sale,102.38
11284,2026-06-13,Dublin,sale,126.08
11285,2026-06-13,Dublin,sale,46.76
11286,2026-06-13,Dublin,sale,120.95
11287,2026-06-13,Edinburgh,sale,80.15
11288,2026-06-13,Edinburgh,sale,90.36
11289,2026-06-13,Edinburgh,sale,52.14
11290,2026-06-13,Edinburgh,sale,123.19
11291,2026-06-13,Edinburgh,sale,35.64
11292,2026-06-13,Edinburgh,sale,16.25
11293,2026-06-13,Edinburgh,sale,103.37
11294,2026-06-13,Edinburgh,sale,98.67
11295,2026-06-13,Edinburgh,sale,178.37
11296,2026-06-13,Edinburgh,sale,81.42
11297,2026-06-13,Edinburgh,sale,27.53
11298,2026-06-13,Edinburgh,sale,5.65
11299,2026-06-13,Edinburgh,sale,75.21
11300,2026-06-13,Edinburgh,sale,177.99
11301,2026-06-13,Edinburgh,sale,80.18
11302,2026-06-13,Edinburgh,sale,116.54
11303,2026-06-13,Edinburgh,sale,138.28
11304,2026-06-13,Edinburgh,sale,141.72
11305,2026-06-13,Edinburgh,sale,57.19
11306,2026-06-13,Edinburgh,sale,116.19
11307,2026-06-13,Edinburgh,sale,178.32
11308,2026-06-13,Florence,sale,102.3
11309,2026-06-13,Florence,sale,85.95
11310,2026-06-13,Florence,sale,125.11
11311,2026-06-13,Florence,refund,-101.17
11312,2026-06-13,Florence,sale,77.73
11313,2026-06-13,Florence,sale,84.62
11314,2026-06-13,Florence,sale,105.08
11315,2026-06-13,Florence,sale,178.47
11316,2026-06-13,Florence,sale,165.88
11317,2026-06-13,Florence,sale,83.54
11318,2026-06-13,Florence,sale,136.24
11319,2026-06-13,Florence,sale,99.53
11320,2026-06-13,Florence,sale,145.69
11321,2026-06-13,Florence,sale,78.12
11322,2026-06-13,Florence,sale,129.07
11323,2026-06-13,Florence,sale,178.77
11324,2026-06-13,Florence,sale,11.22
11325,2026-06-13,Florence,sale,82.92
11326,2026-06-14,Amsterdam,sale,31.63
11327,2026-06-14,Amsterdam,sale,15.55
11328,2026-06-14,Amsterdam,sale,148.92
11329,2026-06-14,Amsterdam,sale,100.16
11330,2026-06-14,Amsterdam,sale,72.17
11331,2026-06-14,Amsterdam,sale,51.32
11332,2026-06-14,Amsterdam,sale,84.09
11333,2026-06-14,Amsterdam,sale,76.23
11334,2026-06-14,Amsterdam,sale,80.54
11335,2026-06-14,Amsterdam,sale,155.86
11336,2026-06-14,Amsterdam,sale,17.28
11337,2026-06-14,Amsterdam,sale,133.95
11338,2026-06-14,Amsterdam,sale,90.13
11339,2026-06-14,Amsterdam,sale,177.59
11340,2026-06-14,Amsterdam,refund,-147.38
11341,2026-06-14,Amsterdam,sale,18.08
11342,2026-06-14,Amsterdam,sale,52.18
11343,2026-06-14,Amsterdam,sale,76.67
11344,2026-06-14,Amsterdam,sale,107.24
11345,2026-06-14,Amsterdam,sale,163.03
11346,2026-06-14,Amsterdam,sale,63.45
11347,2026-06-14,Amsterdam,sale,57.99
11348,2026-06-14,Amsterdam,sale,63.96
11349,2026-06-14,Amsterdam,sale,17.61
11350,2026-06-14,Amsterdam,sale,166.36
11351,2026-06-14,Amsterdam,sale,85.62
11352,2026-06-14,Amsterdam,sale,160.54
11353,2026-06-14,Berlin,sale,145.46
11354,2026-06-14,Berlin,sale,48.87
11355,2026-06-14,Berlin,sale,176.17
11356,2026-06-14,Berlin,sale,54.29
11357,2026-06-14,Berlin,sale,136.55
11358,2026-06-14,Berlin,sale,176.13
11359,2026-06-14,Berlin,sale,74.16
11360,2026-06-14,Berlin,sale,169.41
11361,2026-06-14,Berlin,sale,145.02
11362,2026-06-14,Berlin,sale,178.33
11363,2026-06-14,Berlin,sale,55.61
11364,2026-06-14,Berlin,sale,59.1
11365,2026-06-14,Berlin,sale,19.23
11366,2026-06-14,Berlin,sale,137.93
11367,2026-06-14,Berlin,sale,138.26
11368,2026-06-14,Berlin,sale,175.68
11369,2026-06-14,Berlin,sale,94.75
11370,2026-06-14,Berlin,sale,176.57
11371,2026-06-14,Berlin,sale,77.98
11372,2026-06-14,Berlin,sale,173.56
11373,2026-06-14,Berlin,sale,73.25
11374,2026-06-14,Berlin,sale,157.52
11375,2026-06-14,Berlin,sale,125.08
11376,2026-06-14,Berlin,sale,82.35
11377,2026-06-14,Berlin,sale,145.42
11378,2026-06-14,Berlin,sale,21.88
11379,2026-06-14,Berlin,sale,146.93
11380,2026-06-14,Berlin,sale,105.69
11381,2026-06-14,Berlin,sale,106.55
11382,2026-06-14,Berlin,sale,129.33
11383,2026-06-14,Berlin,sale,71.97
11384,2026-06-14,Berlin,sale,89.56
11385,2026-06-14,Berlin,sale,78.35
11386,2026-06-14,Berlin,sale,44.26
11387,2026-06-14,Berlin,sale,16.24
11388,2026-06-14,Berlin,sale,20.0
11389,2026-06-14,Berlin,sale,35.49
11390,2026-06-14,Berlin,sale,63.57
11391,2026-06-14,Berlin,sale,80.36
11392,2026-06-14,Berlin,sale,161.32
11393,2026-06-14,Berlin,sale,94.16
11394,2026-06-14,Berlin,refund,-86.98
11395,2026-06-14,Berlin,sale,150.14
11396,2026-06-14,Berlin,sale,63.01
11397,2026-06-14,Berlin,sale,35.84
11398,2026-06-14,Berlin,sale,21.04
11399,2026-06-14,Copenhagen,sale,131.54
11400,2026-06-14,Copenhagen,refund,-96.41
11401,2026-06-14,Copenhagen,sale,156.86
11402,2026-06-14,Copenhagen,sale,104.69
11403,2026-06-14,Copenhagen,sale,29.57
11404,2026-06-14,Copenhagen,sale,113.49
11405,2026-06-14,Copenhagen,sale,179.59
11406,2026-06-14,Copenhagen,sale,89.73
11407,2026-06-14,Copenhagen,sale,17.14
11408,2026-06-14,Copenhagen,sale,58.37
11409,2026-06-14,Copenhagen,sale,167.44
11410,2026-06-14,Copenhagen,sale,53.63
11411,2026-06-14,Copenhagen,sale,152.17
11412,2026-06-14,Copenhagen,sale,141.61
11413,2026-06-14,Copenhagen,refund,-45.13
11414,2026-06-14,Dublin,sale,170.73
11415,2026-06-14,Dublin,sale,145.24
11416,2026-06-14,Dublin,sale,139.5
11417,2026-06-14,Dublin,sale,54.99
11418,2026-06-14,Dublin,sale,55.17
11419,2026-06-14,Dublin,sale,23.23
11420,2026-06-14,Dublin,sale,96.76
11421,2026-06-14,Dublin,refund,-31.67
11422,2026-06-14,Dublin,sale,9.84
11423,2026-06-14,Dublin,sale,61.44
11424,2026-06-14,Dublin,sale,64.66
11425,2026-06-14,Dublin,refund,-82.82
11426,2026-06-14,Dublin,sale,125.43
11427,2026-06-14,Dublin,sale,121.55
11428,2026-06-14,Dublin,sale,107.11
11429,2026-06-14,Dublin,sale,5.48
11430,2026-06-14,Dublin,sale,46.94
11431,2026-06-14,Dublin,sale,143.59
11432,2026-06-14,Dublin,sale,146.22
11433,2026-06-14,Dublin,sale,151.9
11434,2026-06-14,Dublin,sale,43.41
11435,2026-06-14,Dublin,sale,40.88
11436,2026-06-14,Dublin,sale,167.52
11437,2026-06-14,Dublin,sale,119.06
11438,2026-06-14,Dublin,sale,142.27
11439,2026-06-14,Edinburgh,sale,123.53
11440,2026-06-14,Edinburgh,sale,40.66
11441,2026-06-14,Edinburgh,sale,85.47
11442,2026-06-14,Edinburgh,sale,140.97
11443,2026-06-14,Edinburgh,sale,32.84
11444,2026-06-14,Edinburgh,sale,93.87
11445,2026-06-14,Edinburgh,sale,65.67
11446,2026-06-14,Edinburgh,sale,40.78
11447,2026-06-14,Edinburgh,sale,40.53
11448,2026-06-14,Edinburgh,sale,130.54
11449,2026-06-14,Edinburgh,sale,26.53
11450,2026-06-14,Edinburgh,sale,72.99
11451,2026-06-14,Edinburgh,sale,28.95
11452,2026-06-14,Florence,sale,66.49
11453,2026-06-14,Florence,sale,135.23
11454,2026-06-14,Florence,sale,130.83
11455,2026-06-14,Florence,sale,58.97
11456,2026-06-14,Florence,sale,47.24
11457,2026-06-14,Florence,sale,21.7
11458,2026-06-14,Florence,sale,150.82
11459,2026-06-14,Florence,sale,35.76
11460,2026-06-14,Florence,sale,134.87
11461,2026-06-14,Florence,sale,177.08
11462,2026-06-14,Florence,sale,148.29
11463,2026-06-14,Florence,sale,6.5
11464,2026-06-14,Florence,sale,138.66
11465,2026-06-14,Florence,sale,23.52
11466,2026-06-14,Florence,sale,157.73
11467,2026-06-14,Florence,sale,62.8
11468,2026-06-14,Florence,sale,165.97
11469,2026-06-15,Amsterdam,sale,123.22
11470,2026-06-15,Amsterdam,sale,77.42
11471,2026-06-15,Amsterdam,sale,92.53
11472,2026-06-15,Amsterdam,sale,64.59
11473,2026-06-15,Amsterdam,sale,112.81
11474,2026-06-15,Amsterdam,sale,96.29
11475,2026-06-15,Amsterdam,sale,148.8
11476,2026-06-15,Amsterdam,sale,97.22
11477,2026-06-15,Amsterdam,sale,61.81
11478,2026-06-15,Amsterdam,sale,87.08
11479,2026-06-15,Amsterdam,refund,-56.2
11480,2026-06-15,Amsterdam,sale,89.08
11481,2026-06-15,Amsterdam,sale,15.66
11482,2026-06-15,Amsterdam,refund,-146.57
11483,2026-06-15,Amsterdam,sale,52.52
11484,2026-06-15,Amsterdam,sale,169.4
11485,2026-06-15,Amsterdam,sale,14.27
11486,2026-06-15,Amsterdam,sale,150.73
11487,2026-06-15,Amsterdam,sale,151.54
11488,2026-06-15,Amsterdam,sale,142.06
11489,2026-06-15,Amsterdam,sale,163.29
11490,2026-06-15,Amsterdam,sale,44.8
11491,2026-06-15,Amsterdam,sale,18.33
11492,2026-06-15,Amsterdam,sale,158.57
11493,2026-06-15,Amsterdam,sale,90.56
11494,2026-06-15,Amsterdam,sale,70.74
11495,2026-06-15,Amsterdam,sale,98.17
11496,2026-06-15,Amsterdam,sale,102.06
11497,2026-06-15,Berlin,sale,63.61
11498,2026-06-15,Berlin,sale,97.06
11499,2026-06-15,Berlin,sale,123.55
11500,2026-06-15,Berlin,sale,26.7
11501,2026-06-15,Berlin,sale,54.24
11502,2026-06-15,Berlin,sale,38.36
11503,2026-06-15,Berlin,sale,98.97
11504,2026-06-15,Berlin,sale,8.5
11505,2026-06-15,Berlin,sale,98.66
11506,2026-06-15,Berlin,sale,19.63
11507,2026-06-15,Berlin,sale,25.61
11508,2026-06-15,Berlin,sale,126.87
11509,2026-06-15,Berlin,sale,81.04
11510,2026-06-15,Berlin,sale,105.62
11511,2026-06-15,Berlin,sale,143.94
11512,2026-06-15,Berlin,sale,115.52
11513,2026-06-15,Berlin,sale,147.5
11514,2026-06-15,Berlin,sale,174.92
11515,2026-06-15,Berlin,sale,119.14
11516,2026-06-15,Berlin,sale,171.14
11517,2026-06-15,Berlin,sale,123.06
11518,2026-06-15,Berlin,sale,126.64
11519,2026-06-15,Berlin,sale,111.23
11520,2026-06-15,Berlin,sale,160.05
11521,2026-06-15,Berlin,sale,172.45
11522,2026-06-15,Berlin,sale,123.34
11523,2026-06-15,Berlin,sale,80.3
11524,2026-06-15,Berlin,sale,97.61
11525,2026-06-15,Berlin,sale,171.09
11526,2026-06-15,Berlin,sale,49.19
11527,2026-06-15,Berlin,sale,105.63
11528,2026-06-15,Berlin,refund,-33.84
11529,2026-06-15,Berlin,refund,-102.08
11530,2026-06-15,Berlin,sale,79.37
11531,2026-06-15,Berlin,refund,-55.98
11532,2026-06-15,Berlin,sale,118.88
11533,2026-06-15,Berlin,sale,143.22
11534,2026-06-15,Berlin,sale,14.85
11535,2026-06-15,Berlin,sale,111.12
11536,2026-06-15,Berlin,sale,27.8
11537,2026-06-15,Berlin,sale,147.8
11538,2026-06-15,Berlin,sale,168.64
11539,2026-06-15,Berlin,sale,32.47
11540,2026-06-15,Berlin,sale,178.58
11541,2026-06-15,Berlin,sale,177.67
11542,2026-06-15,Berlin,sale,116.55
11543,2026-06-15,Berlin,sale,29.51
11544,2026-06-15,Berlin,sale,94.12
11545,2026-06-15,Berlin,sale,16.06
11546,2026-06-15,Berlin,sale,96.6
11547,2026-06-15,Copenhagen,sale,36.88
11548,2026-06-15,Copenhagen,sale,76.31
11549,2026-06-15,Copenhagen,sale,67.78
11550,2026-06-15,Copenhagen,sale,92.01
11551,2026-06-15,Copenhagen,sale,88.48
11552,2026-06-15,Copenhagen,sale,145.68
11553,2026-06-15,Copenhagen,sale,27.1
11554,2026-06-15,Copenhagen,sale,179.16
11555,2026-06-15,Copenhagen,sale,110.67
11556,2026-06-15,Copenhagen,sale,63.33
11557,2026-06-15,Copenhagen,sale,108.86
11558,2026-06-15,Copenhagen,refund,-24.83
11559,2026-06-15,Dublin,sale,27.48
11560,2026-06-15,Dublin,sale,82.06
11561,2026-06-15,Dublin,sale,142.24
11562,2026-06-15,Dublin,sale,66.24
11563,2026-06-15,Dublin,sale,36.01
11564,2026-06-15,Dublin,sale,118.39
11565,2026-06-15,Dublin,sale,77.05
11566,2026-06-15,Dublin,sale,111.23
11567,2026-06-15,Dublin,sale,16.22
11568,2026-06-15,Dublin,sale,155.92
11569,2026-06-15,Dublin,sale,26.35
11570,2026-06-15,Dublin,sale,24.1
11571,2026-06-15,Dublin,sale,81.51
11572,2026-06-15,Dublin,sale,37.23
11573,2026-06-15,Dublin,sale,110.41
11574,2026-06-15,Dublin,sale,172.85
11575,2026-06-15,Dublin,sale,10.5
11576,2026-06-15,Dublin,sale,98.24
11577,2026-06-15,Dublin,sale,146.06
11578,2026-06-15,Dublin,sale,71.18
11579,2026-06-15,Dublin,sale,74.91
11580,2026-06-15,Dublin,sale,15.42
11581,2026-06-15,Dublin,sale,126.24
11582,2026-06-15,Dublin,sale,34.19
11583,2026-06-15,Dublin,sale,44.74
11584,2026-06-15,Dublin,sale,78.81
11585,2026-06-15,Edinburgh,sale,98.76
11586,2026-06-15,Edinburgh,sale,10.75
11587,2026-06-15,Edinburgh,sale,166.45
11588,2026-06-15,Edinburgh,sale,100.26
11589,2026-06-15,Edinburgh,sale,42.74
11590,2026-06-15,Edinburgh,sale,177.91
11591,2026-06-15,Edinburgh,sale,54.46
11592,2026-06-15,Edinburgh,sale,26.91
11593,2026-06-15,Edinburgh,sale,172.11
11594,2026-06-15,Edinburgh,sale,172.19
11595,2026-06-15,Edinburgh,sale,52.79
11596,2026-06-15,Edinburgh,sale,157.38
11597,2026-06-15,Edinburgh,sale,32.74
11598,2026-06-15,Edinburgh,sale,127.1
11599,2026-06-15,Edinburgh,sale,147.76
11600,2026-06-15,Edinburgh,sale,107.97
11601,2026-06-15,Edinburgh,sale,172.86
11602,2026-06-15,Edinburgh,refund,-96.02
11603,2026-06-15,Florence,sale,163.64
11604,2026-06-15,Florence,sale,65.1
11605,2026-06-15,Florence,sale,81.98
11606,2026-06-15,Florence,sale,177.67
11607,2026-06-15,Florence,sale,46.12
11608,2026-06-15,Florence,sale,82.82
11609,2026-06-15,Florence,sale,61.76
11610,2026-06-15,Florence,sale,81.93
11611,2026-06-15,Florence,sale,40.31
11612,2026-06-15,Florence,sale,40.56
11613,2026-06-15,Florence,sale,32.19
11614,2026-06-15,Florence,sale,130.49
11615,2026-06-15,Florence,sale,89.13
11616,2026-06-15,Florence,sale,19.27
11617,2026-06-15,Florence,sale,92.06
11618,2026-06-15,Florence,sale,81.34
11619,2026-06-15,Florence,sale,48.66
11620,2026-06-15,Florence,sale,12.85
11621,2026-06-15,Florence,sale,50.54
11622,2026-06-15,Florence,sale,125.32
11623,2026-06-15,Florence,sale,160.63
11624,2026-06-15,Florence,sale,73.68
11625,2026-06-15,Florence,sale,131.1
11626,2026-06-15,Florence,sale,37.8
11627,2026-06-15,Florence,sale,123.89
11628,2026-06-15,Florence,sale,81.95
11629,2026-06-16,Amsterdam,sale,94.97
11630,2026-06-16,Amsterdam,sale,74.07
11631,2026-06-16,Amsterdam,sale,134.31
11632,2026-06-16,Amsterdam,sale,142.95
11633,2026-06-16,Amsterdam,sale,146.86
11634,2026-06-16,Amsterdam,sale,43.74
11635,2026-06-16,Amsterdam,sale,124.14
11636,2026-06-16,Amsterdam,sale,151.12
11637,2026-06-16,Amsterdam,sale,22.95
11638,2026-06-16,Amsterdam,sale,158.05
11639,2026-06-16,Amsterdam,sale,14.18
11640,2026-06-16,Amsterdam,sale,44.95
11641,2026-06-16,Amsterdam,sale,43.25
11642,2026-06-16,Amsterdam,sale,168.81
11643,2026-06-16,Amsterdam,sale,159.72
11644,2026-06-16,Amsterdam,sale,93.03
11645,2026-06-16,Amsterdam,sale,142.92
11646,2026-06-16,Amsterdam,sale,51.58
11647,2026-06-16,Amsterdam,sale,107.88
11648,2026-06-16,Amsterdam,sale,40.08
11649,2026-06-16,Amsterdam,sale,179.01
11650,2026-06-16,Amsterdam,sale,168.99
11651,2026-06-16,Amsterdam,refund,-173.51
11652,2026-06-16,Amsterdam,sale,15.51
11653,2026-06-16,Amsterdam,sale,98.97
11654,2026-06-16,Amsterdam,sale,65.85
11655,2026-06-16,Amsterdam,sale,157.29
11656,2026-06-16,Amsterdam,sale,79.55
11657,2026-06-16,Amsterdam,sale,109.21
11658,2026-06-16,Amsterdam,sale,96.06
11659,2026-06-16,Amsterdam,sale,17.37
11660,2026-06-16,Amsterdam,sale,91.51
11661,2026-06-16,Amsterdam,sale,61.24
11662,2026-06-16,Berlin,sale,98.46
11663,2026-06-16,Berlin,sale,169.83
11664,2026-06-16,Berlin,sale,164.29
11665,2026-06-16,Berlin,sale,179.06
11666,2026-06-16,Berlin,sale,68.37
11667,2026-06-16,Berlin,refund,-172.28
11668,2026-06-16,Berlin,sale,73.78
11669,2026-06-16,Berlin,sale,89.46
11670,2026-06-16,Berlin,sale,150.26
11671,2026-06-16,Berlin,sale,65.35
11672,2026-06-16,Berlin,sale,147.66
11673,2026-06-16,Berlin,sale,144.42
11674,2026-06-16,Berlin,sale,56.18
11675,2026-06-16,Berlin,sale,8.85
11676,2026-06-16,Berlin,sale,78.76
11677,2026-06-16,Berlin,refund,-13.2
11678,2026-06-16,Berlin,sale,163.15
11679,2026-06-16,Berlin,sale,148.11
11680,2026-06-16,Berlin,sale,98.08
11681,2026-06-16,Berlin,sale,146.51
11682,2026-06-16,Berlin,sale,75.12
11683,2026-06-16,Berlin,sale,129.53
11684,2026-06-16,Berlin,sale,113.21
11685,2026-06-16,Berlin,sale,145.95
11686,2026-06-16,Berlin,sale,10.79
11687,2026-06-16,Berlin,sale,47.95
11688,2026-06-16,Berlin,sale,150.28
11689,2026-06-16,Berlin,sale,34.7
11690,2026-06-16,Berlin,sale,22.22
11691,2026-06-16,Berlin,sale,169.13
11692,2026-06-16,Berlin,sale,83.99
11693,2026-06-16,Berlin,sale,58.07
11694,2026-06-16,Berlin,sale,26.12
11695,2026-06-16,Berlin,sale,48.82
11696,2026-06-16,Berlin,sale,28.08
11697,2026-06-16,Berlin,sale,43.42
11698,2026-06-16,Berlin,sale,121.73
11699,2026-06-16,Berlin,sale,20.17
11700,2026-06-16,Berlin,sale,52.76
11701,2026-06-16,Berlin,sale,101.34
11702,2026-06-16,Berlin,sale,94.88
11703,2026-06-16,Berlin,sale,84.87
11704,2026-06-16,Berlin,sale,129.3
11705,2026-06-16,Berlin,sale,10.75
11706,2026-06-16,Berlin,sale,137.53
11707,2026-06-16,Berlin,sale,90.49
11708,2026-06-16,Berlin,sale,116.84
11709,2026-06-16,Berlin,sale,159.37
11710,2026-06-16,Copenhagen,sale,113.38
11711,2026-06-16,Copenhagen,sale,82.16
11712,2026-06-16,Copenhagen,sale,108.34
11713,2026-06-16,Copenhagen,sale,6.97
11714,2026-06-16,Copenhagen,sale,165.07
11715,2026-06-16,Copenhagen,sale,92.82
11716,2026-06-16,Copenhagen,sale,16.88
11717,2026-06-16,Copenhagen,refund,-132.51
11718,2026-06-16,Copenhagen,sale,173.74
11719,2026-06-16,Copenhagen,sale,74.56
11720,2026-06-16,Copenhagen,sale,148.67
11721,2026-06-16,Dublin,sale,66.03
11722,2026-06-16,Dublin,sale,167.53
11723,2026-06-16,Dublin,sale,50.99
11724,2026-06-16,Dublin,sale,49.76
11725,2026-06-16,Dublin,sale,21.93
11726,2026-06-16,Dublin,sale,48.82
11727,2026-06-16,Dublin,sale,11.37
11728,2026-06-16,Dublin,sale,104.02
11729,2026-06-16,Dublin,sale,104.68
11730,2026-06-16,Dublin,sale,10.73
11731,2026-06-16,Dublin,sale,164.88
11732,2026-06-16,Dublin,sale,108.68
11733,2026-06-16,Dublin,sale,86.75
11734,2026-06-16,Dublin,sale,129.14
11735,2026-06-16,Dublin,refund,-41.3
11736,2026-06-16,Dublin,sale,172.23
11737,2026-06-16,Dublin,sale,177.77
11738,2026-06-16,Dublin,sale,30.73
11739,2026-06-16,Dublin,sale,70.91
11740,2026-06-16,Dublin,sale,87.92
11741,2026-06-16,Dublin,sale,94.05
11742,2026-06-16,Dublin,sale,84.21
11743,2026-06-16,Dublin,sale,149.0
11744,2026-06-16,Dublin,sale,95.66
11745,2026-06-16,Dublin,refund,-60.05
11746,2026-06-16,Edinburgh,sale,87.77
11747,2026-06-16,Edinburgh,sale,107.97
11748,2026-06-16,Edinburgh,sale,179.76
11749,2026-06-16,Edinburgh,sale,150.07
11750,2026-06-16,Edinburgh,sale,136.06
11751,2026-06-16,Edinburgh,sale,112.43
11752,2026-06-16,Edinburgh,sale,171.76
11753,2026-06-16,Edinburgh,sale,108.8
11754,2026-06-16,Edinburgh,sale,55.91
11755,2026-06-16,Edinburgh,sale,84.73
11756,2026-06-16,Edinburgh,sale,151.78
11757,2026-06-16,Edinburgh,sale,37.09
11758,2026-06-16,Edinburgh,sale,92.15
11759,2026-06-16,Edinburgh,sale,80.11
11760,2026-06-16,Edinburgh,sale,172.87
11761,2026-06-16,Edinburgh,sale,167.64
11762,2026-06-16,Edinburgh,sale,102.37
11763,2026-06-16,Edinburgh,sale,93.2
11764,2026-06-16,Edinburgh,sale,167.54
11765,2026-06-16,Edinburgh,sale,133.28
11766,2026-06-16,Edinburgh,sale,149.69
11767,2026-06-16,Edinburgh,sale,8.27
11768,2026-06-16,Florence,sale,9.16
11769,2026-06-16,Florence,sale,33.64
11770,2026-06-16,Florence,sale,27.79
11771,2026-06-16,Florence,sale,116.48
11772,2026-06-16,Florence,sale,19.06
11773,2026-06-16,Florence,sale,158.03
11774,2026-06-16,Florence,sale,165.08
11775,2026-06-16,Florence,sale,28.48
11776,2026-06-16,Florence,sale,176.94
11777,2026-06-16,Florence,sale,61.23
11778,2026-06-16,Florence,sale,23.85
11779,2026-06-16,Florence,sale,163.77
11780,2026-06-16,Florence,sale,49.62
11781,2026-06-16,Florence,refund,-37.06
11782,2026-06-16,Florence,sale,95.44
11783,2026-06-16,Florence,sale,8.69
11784,2026-06-16,Florence,sale,14.22
11785,2026-06-16,Florence,sale,30.97
11786,2026-06-16,Florence,sale,59.88
11787,2026-06-16,Florence,sale,50.59
11788,2026-06-16,Florence,sale,44.41
11789,2026-06-16,Florence,sale,71.45
11790,2026-06-16,Florence,sale,8.85
11791,2026-06-16,Florence,sale,163.55
11792,2026-06-16,Florence,sale,90.08
11793,2026-06-16,Florence,sale,81.51
11794,2026-06-16,Florence,sale,142.29
11795,2026-06-17,Amsterdam,sale,156.13
11796,2026-06-17,Amsterdam,sale,136.03
11797,2026-06-17,Amsterdam,sale,132.79
11798,2026-06-17,Amsterdam,sale,43.82
11799,2026-06-17,Amsterdam,sale,91.2
11800,2026-06-17,Amsterdam,sale,83.06
11801,2026-06-17,Amsterdam,sale,17.19
11802,2026-06-17,Amsterdam,refund,-95.75
11803,2026-06-17,Amsterdam,sale,34.84
11804,2026-06-17,Amsterdam,sale,95.18
11805,2026-06-17,Amsterdam,sale,163.45
11806,2026-06-17,Amsterdam,sale,66.07
11807,2026-06-17,Amsterdam,refund,-151.18
11808,2026-06-17,Amsterdam,sale,135.45
11809,2026-06-17,Amsterdam,sale,146.16
11810,2026-06-17,Amsterdam,sale,129.88
11811,2026-06-17,Amsterdam,sale,141.25
11812,2026-06-17,Amsterdam,sale,17.47
11813,2026-06-17,Amsterdam,sale,52.44
11814,2026-06-17,Amsterdam,sale,65.22
11815,2026-06-17,Amsterdam,sale,91.2
11816,2026-06-17,Amsterdam,sale,101.25
11817,2026-06-17,Amsterdam,sale,46.88
11818,2026-06-17,Amsterdam,sale,120.34
11819,2026-06-17,Amsterdam,sale,128.36
11820,2026-06-17,Amsterdam,sale,54.93
11821,2026-06-17,Amsterdam,sale,111.41
11822,2026-06-17,Amsterdam,sale,161.64
11823,2026-06-17,Berlin,sale,163.48
11824,2026-06-17,Berlin,sale,106.46
11825,2026-06-17,Berlin,sale,96.5
11826,2026-06-17,Berlin,sale,59.76
11827,2026-06-17,Berlin,sale,69.69
11828,2026-06-17,Berlin,sale,7.56
11829,2026-06-17,Berlin,sale,47.67
11830,2026-06-17,Berlin,sale,13.5
11831,2026-06-17,Berlin,sale,159.69
11832,2026-06-17,Berlin,sale,42.91
11833,2026-06-17,Berlin,sale,28.43
11834,2026-06-17,Berlin,sale,129.13
11835,2026-06-17,Berlin,sale,51.4
11836,2026-06-17,Berlin,sale,20.97
11837,2026-06-17,Berlin,sale,160.56
11838,2026-06-17,Berlin,refund,-159.9
11839,2026-06-17,Berlin,sale,64.46
11840,2026-06-17,Berlin,sale,120.76
11841,2026-06-17,Berlin,sale,150.06
11842,2026-06-17,Berlin,sale,61.48
11843,2026-06-17,Berlin,sale,168.63
11844,2026-06-17,Berlin,sale,47.83
11845,2026-06-17,Berlin,sale,151.46
11846,2026-06-17,Berlin,sale,117.16
11847,2026-06-17,Berlin,sale,49.27
11848,2026-06-17,Berlin,sale,57.66
11849,2026-06-17,Berlin,sale,126.1
11850,2026-06-17,Berlin,sale,171.7
11851,2026-06-17,Berlin,sale,124.7
11852,2026-06-17,Berlin,sale,115.68
11853,2026-06-17,Berlin,sale,107.64
11854,2026-06-17,Berlin,sale,72.54
11855,2026-06-17,Berlin,sale,106.82
11856,2026-06-17,Berlin,refund,-156.38
11857,2026-06-17,Berlin,sale,10.09
11858,2026-06-17,Berlin,sale,16.48
11859,2026-06-17,Berlin,sale,170.53
11860,2026-06-17,Berlin,sale,131.97
11861,2026-06-17,Berlin,sale,86.79
11862,2026-06-17,Berlin,sale,164.34
11863,2026-06-17,Copenhagen,sale,34.38
11864,2026-06-17,Copenhagen,sale,41.28
11865,2026-06-17,Copenhagen,sale,56.97
11866,2026-06-17,Copenhagen,sale,103.23
11867,2026-06-17,Copenhagen,sale,118.06
11868,2026-06-17,Copenhagen,sale,150.08
11869,2026-06-17,Copenhagen,sale,171.81
11870,2026-06-17,Copenhagen,sale,114.6
11871,2026-06-17,Copenhagen,sale,20.2
11872,2026-06-17,Copenhagen,sale,37.34
11873,2026-06-17,Copenhagen,sale,89.44
11874,2026-06-17,Copenhagen,sale,147.31
11875,2026-06-17,Dublin,sale,103.89
11876,2026-06-17,Dublin,sale,142.45
11877,2026-06-17,Dublin,sale,86.16
11878,2026-06-17,Dublin,sale,127.38
11879,2026-06-17,Dublin,sale,164.16
11880,2026-06-17,Dublin,sale,111.57
11881,2026-06-17,Dublin,sale,41.28
11882,2026-06-17,Dublin,sale,128.25
11883,2026-06-17,Dublin,sale,120.0
11884,2026-06-17,Dublin,sale,9.6
11885,2026-06-17,Dublin,sale,87.63
11886,2026-06-17,Dublin,sale,55.64
11887,2026-06-17,Dublin,sale,13.87
11888,2026-06-17,Dublin,sale,19.42
11889,2026-06-17,Dublin,sale,139.44
11890,2026-06-17,Dublin,sale,47.84
11891,2026-06-17,Dublin,sale,94.13
11892,2026-06-17,Dublin,sale,140.42
11893,2026-06-17,Dublin,refund,-110.13
11894,2026-06-17,Dublin,sale,21.56
11895,2026-06-17,Dublin,sale,158.02
11896,2026-06-17,Dublin,sale,85.6
11897,2026-06-17,Dublin,sale,45.76
11898,2026-06-17,Dublin,sale,119.72
11899,2026-06-17,Dublin,sale,31.05
11900,2026-06-17,Dublin,sale,178.78
11901,2026-06-17,Dublin,sale,16.89
11902,2026-06-17,Edinburgh,sale,149.45
11903,2026-06-17,Edinburgh,sale,75.71
11904,2026-06-17,Edinburgh,sale,121.7
11905,2026-06-17,Edinburgh,sale,148.91
11906,2026-06-17,Edinburgh,sale,174.42
11907,2026-06-17,Edinburgh,sale,90.87
11908,2026-06-17,Edinburgh,sale,135.79
11909,2026-06-17,Edinburgh,sale,44.74
11910,2026-06-17,Edinburgh,sale,104.57
11911,2026-06-17,Edinburgh,sale,52.4
11912,2026-06-17,Edinburgh,sale,136.94
11913,2026-06-17,Edinburgh,sale,98.88
11914,2026-06-17,Edinburgh,sale,21.88
11915,2026-06-17,Edinburgh,sale,84.92
11916,2026-06-17,Edinburgh,sale,47.04
11917,2026-06-17,Edinburgh,sale,25.32
11918,2026-06-17,Edinburgh,sale,139.74
11919,2026-06-17,Florence,sale,29.7
11920,2026-06-17,Florence,sale,76.21
11921,2026-06-17,Florence,sale,65.24
11922,2026-06-17,Florence,sale,160.23
11923,2026-06-17,Florence,sale,151.93
11924,2026-06-17,Florence,sale,102.7
11925,2026-06-17,Florence,sale,81.4
11926,2026-06-17,Florence,sale,156.02
11927,2026-06-17,Florence,sale,174.51
11928,2026-06-17,Florence,sale,117.71
11929,2026-06-17,Florence,sale,121.82
11930,2026-06-17,Florence,sale,148.63
11931,2026-06-17,Florence,sale,42.95
11932,2026-06-17,Florence,sale,140.13
11933,2026-06-17,Florence,sale,144.59
11934,2026-06-17,Florence,sale,144.81
11935,2026-06-17,Florence,sale,111.15
11936,2026-06-17,Florence,sale,87.16
11937,2026-06-17,Florence,sale,108.35
11938,2026-06-17,Florence,sale,108.15
11939,2026-06-17,Florence,sale,114.64
11940,2026-06-17,Florence,sale,69.87
11941,2026-06-17,Florence,sale,32.86
11942,2026-06-17,Florence,sale,54.98
11943,2026-06-17,Florence,sale,20.04
11944,2026-06-18,Amsterdam,sale,105.63
11945,2026-06-18,Amsterdam,refund,-99.92
11946,2026-06-18,Amsterdam,sale,26.06
11947,2026-06-18,Amsterdam,sale,55.64
11948,2026-06-18,Amsterdam,sale,118.74
11949,2026-06-18,Amsterdam,sale,123.46
11950,2026-06-18,Amsterdam,sale,164.84
11951,2026-06-18,Amsterdam,sale,100.77
11952,2026-06-18,Amsterdam,sale,43.35
11953,2026-06-18,Amsterdam,sale,151.37
11954,2026-06-18,Amsterdam,sale,163.73
11955,2026-06-18,Amsterdam,sale,9.05
11956,2026-06-18,Amsterdam,sale,26.97
11957,2026-06-18,Amsterdam,sale,165.71
11958,2026-06-18,Amsterdam,sale,86.96
11959,2026-06-18,Amsterdam,sale,123.56
11960,2026-06-18,Amsterdam,sale,7.97
11961,2026-06-18,Amsterdam,sale,104.76
11962,2026-06-18,Amsterdam,sale,79.62
11963,2026-06-18,Amsterdam,sale,143.16
11964,2026-06-18,Amsterdam,sale,66.73
11965,2026-06-18,Amsterdam,sale,95.43
11966,2026-06-18,Amsterdam,sale,28.44
11967,2026-06-18,Amsterdam,sale,71.18
11968,2026-06-18,Amsterdam,sale,15.47
11969,2026-06-18,Amsterdam,sale,146.44
11970,2026-06-18,Amsterdam,sale,142.54
11971,2026-06-18,Amsterdam,sale,134.27
11972,2026-06-18,Amsterdam,sale,78.69
11973,2026-06-18,Amsterdam,sale,89.61
11974,2026-06-18,Amsterdam,sale,73.15
11975,2026-06-18,Amsterdam,sale,133.08
11976,2026-06-18,Amsterdam,sale,179.58
11977,2026-06-18,Berlin,sale,47.7
11978,2026-06-18,Berlin,refund,-27.39
11979,2026-06-18,Berlin,sale,129.75
11980,2026-06-18,Berlin,sale,31.51
11981,2026-06-18,Berlin,sale,9.95
11982,2026-06-18,Berlin,refund,-40.96
11983,2026-06-18,Berlin,sale,76.9
11984,2026-06-18,Berlin,sale,170.7
11985,2026-06-18,Berlin,sale,94.6
11986,2026-06-18,Berlin,sale,108.19
11987,2026-06-18,Berlin,sale,42.25
11988,2026-06-18,Berlin,sale,157.88
11989,2026-06-18,Berlin,sale,5.11
11990,2026-06-18,Berlin,sale,171.05
11991,2026-06-18,Berlin,sale,34.83
11992,2026-06-18,Berlin,sale,65.19
11993,2026-06-18,Berlin,refund,-124.17
11994,2026-06-18,Berlin,sale,162.93
11995,2026-06-18,Berlin,sale,170.39
11996,2026-06-18,Berlin,sale,78.72
11997,2026-06-18,Berlin,sale,164.82
11998,2026-06-18,Berlin,sale,112.75
11999,2026-06-18,Berlin,sale,105.98
12000,2026-06-18,Berlin,sale,82.13
12001,2026-06-18,Berlin,sale,167.83
12002,2026-06-18,Berlin,sale,7.02
12003,2026-06-18,Berlin,sale,79.27
12004,2026-06-18,Berlin,sale,123.53
12005,2026-06-18,Berlin,sale,144.34
12006,2026-06-18,Berlin,sale,71.67
12007,2026-06-18,Berlin,sale,113.37
12008,2026-06-18,Berlin,sale,47.88
12009,2026-06-18,Berlin,sale,75.78
12010,2026-06-18,Berlin,sale,95.0
12011,2026-06-18,Berlin,sale,118.43
12012,2026-06-18,Berlin,sale,19.84
12013,2026-06-18,Berlin,sale,8.71
12014,2026-06-18,Berlin,sale,87.09
12015,2026-06-18,Berlin,sale,100.86
12016,2026-06-18,Berlin,sale,75.84
12017,2026-06-18,Berlin,sale,81.65
12018,2026-06-18,Berlin,sale,90.49
12019,2026-06-18,Berlin,sale,126.48
12020,2026-06-18,Berlin,sale,101.46
12021,2026-06-18,Copenhagen,sale,22.29
12022,2026-06-18,Copenhagen,sale,12.96
12023,2026-06-18,Copenhagen,sale,61.34
12024,2026-06-18,Copenhagen,sale,28.43
12025,2026-06-18,Copenhagen,sale,120.04
12026,2026-06-18,Copenhagen,sale,135.86
12027,2026-06-18,Copenhagen,sale,47.93
12028,2026-06-18,Copenhagen,sale,81.49
12029,2026-06-18,Copenhagen,sale,122.79
12030,2026-06-18,Copenhagen,sale,152.17
12031,2026-06-18,Copenhagen,sale,82.21
12032,2026-06-18,Copenhagen,sale,80.13
12033,2026-06-18,Copenhagen,sale,129.4
12034,2026-06-18,Copenhagen,sale,149.12
12035,2026-06-18,Copenhagen,sale,71.78
12036,2026-06-18,Dublin,sale,173.39
12037,2026-06-18,Dublin,sale,72.97
12038,2026-06-18,Dublin,sale,42.39
12039,2026-06-18,Dublin,sale,115.31
12040,2026-06-18,Dublin,sale,68.35
12041,2026-06-18,Dublin,sale,169.97
12042,2026-06-18,Dublin,sale,170.09
12043,2026-06-18,Dublin,sale,9.79
12044,2026-06-18,Dublin,sale,177.63
12045,2026-06-18,Dublin,sale,37.2
12046,2026-06-18,Dublin,sale,128.95
12047,2026-06-18,Dublin,sale,18.33
12048,2026-06-18,Dublin,sale,138.25
12049,2026-06-18,Dublin,refund,-137.53
12050,2026-06-18,Dublin,sale,132.65
12051,2026-06-18,Dublin,sale,29.48
12052,2026-06-18,Dublin,sale,176.81
12053,2026-06-18,Dublin,sale,178.28
12054,2026-06-18,Dublin,sale,75.14
12055,2026-06-18,Dublin,sale,90.33
12056,2026-06-18,Dublin,sale,148.23
12057,2026-06-18,Dublin,sale,174.81
12058,2026-06-18,Dublin,sale,117.99
12059,2026-06-18,Dublin,sale,69.8
12060,2026-06-18,Edinburgh,sale,124.37
12061,2026-06-18,Edinburgh,sale,17.36
12062,2026-06-18,Edinburgh,sale,153.81
12063,2026-06-18,Edinburgh,sale,140.22
12064,2026-06-18,Edinburgh,sale,136.75
12065,2026-06-18,Edinburgh,sale,129.48
12066,2026-06-18,Edinburgh,sale,62.77
12067,2026-06-18,Edinburgh,sale,22.97
12068,2026-06-18,Edinburgh,sale,11.38
12069,2026-06-18,Edinburgh,sale,90.51
12070,2026-06-18,Edinburgh,sale,165.73
12071,2026-06-18,Edinburgh,sale,107.66
12072,2026-06-18,Edinburgh,sale,126.02
12073,2026-06-18,Edinburgh,sale,105.91
12074,2026-06-18,Edinburgh,sale,164.47
12075,2026-06-18,Edinburgh,sale,113.16
12076,2026-06-18,Edinburgh,sale,15.67
12077,2026-06-18,Florence,sale,65.65
12078,2026-06-18,Florence,sale,74.45
12079,2026-06-18,Florence,sale,89.12
12080,2026-06-18,Florence,sale,11.88
12081,2026-06-18,Florence,sale,60.5
12082,2026-06-18,Florence,sale,171.67
12083,2026-06-18,Florence,sale,53.22
12084,2026-06-18,Florence,sale,9.74
12085,2026-06-18,Florence,sale,131.43
12086,2026-06-18,Florence,sale,102.09
12087,2026-06-18,Florence,sale,151.93
12088,2026-06-18,Florence,sale,44.52
12089,2026-06-18,Florence,sale,17.92
12090,2026-06-18,Florence,sale,95.9
12091,2026-06-18,Florence,sale,67.1
12092,2026-06-18,Florence,sale,91.21
12093,2026-06-18,Florence,sale,62.27
12094,2026-06-18,Florence,sale,29.15
12095,2026-06-18,Florence,sale,43.92
12096,2026-06-18,Florence,sale,90.94
12097,2026-06-18,Florence,sale,141.43
12098,2026-06-18,Florence,sale,7.08
12099,2026-06-18,Florence,sale,43.01
12100,2026-06-18,Florence,sale,108.06
12101,2026-06-18,Florence,sale,24.75
12102,2026-06-18,Florence,sale,126.07
12103,2026-06-18,Florence,sale,56.79
12104,2026-06-19,Amsterdam,sale,172.75
12105,2026-06-19,Amsterdam,sale,149.89
12106,2026-06-19,Amsterdam,sale,115.81
12107,2026-06-19,Amsterdam,sale,80.68
12108,2026-06-19,Amsterdam,sale,50.55
12109,2026-06-19,Amsterdam,sale,169.6
12110,2026-06-19,Amsterdam,sale,62.7
12111,2026-06-19,Amsterdam,sale,106.2
12112,2026-06-19,Amsterdam,sale,47.32
12113,2026-06-19,Amsterdam,sale,57.89
12114,2026-06-19,Amsterdam,sale,63.05
12115,2026-06-19,Amsterdam,sale,40.09
12116,2026-06-19,Amsterdam,sale,106.64
12117,2026-06-19,Amsterdam,sale,28.4
12118,2026-06-19,Amsterdam,sale,104.11
12119,2026-06-19,Amsterdam,sale,167.15
12120,2026-06-19,Amsterdam,sale,20.23
12121,2026-06-19,Amsterdam,sale,160.75
12122,2026-06-19,Amsterdam,sale,9.04
12123,2026-06-19,Amsterdam,sale,157.62
12124,2026-06-19,Amsterdam,sale,8.27
12125,2026-06-19,Amsterdam,sale,90.42
12126,2026-06-19,Amsterdam,sale,120.2
12127,2026-06-19,Amsterdam,sale,44.38
12128,2026-06-19,Amsterdam,sale,105.94
12129,2026-06-19,Amsterdam,sale,174.6
12130,2026-06-19,Amsterdam,refund,-109.38
12131,2026-06-19,Amsterdam,sale,44.34
12132,2026-06-19,Berlin,sale,101.62
12133,2026-06-19,Berlin,sale,72.07
12134,2026-06-19,Berlin,sale,19.77
12135,2026-06-19,Berlin,sale,177.3
12136,2026-06-19,Berlin,sale,115.59
12137,2026-06-19,Berlin,sale,139.22
12138,2026-06-19,Berlin,sale,89.98
12139,2026-06-19,Berlin,sale,30.47
12140,2026-06-19,Berlin,sale,67.55
12141,2026-06-19,Berlin,sale,47.11
12142,2026-06-19,Berlin,sale,147.64
12143,2026-06-19,Berlin,sale,83.33
12144,2026-06-19,Berlin,sale,44.81
12145,2026-06-19,Berlin,sale,25.69
12146,2026-06-19,Berlin,sale,122.54
12147,2026-06-19,Berlin,sale,68.58
12148,2026-06-19,Berlin,sale,15.3
12149,2026-06-19,Berlin,sale,72.1
12150,2026-06-19,Berlin,sale,38.18
12151,2026-06-19,Berlin,sale,102.44
12152,2026-06-19,Berlin,sale,100.86
12153,2026-06-19,Berlin,sale,9.12
12154,2026-06-19,Berlin,sale,69.56
12155,2026-06-19,Berlin,sale,68.0
12156,2026-06-19,Berlin,sale,156.46
12157,2026-06-19,Berlin,sale,159.56
12158,2026-06-19,Berlin,sale,36.31
12159,2026-06-19,Berlin,sale,86.16
12160,2026-06-19,Berlin,sale,158.24
12161,2026-06-19,Berlin,sale,57.38
12162,2026-06-19,Berlin,sale,179.77
12163,2026-06-19,Berlin,sale,68.28
12164,2026-06-19,Berlin,sale,9.9
12165,2026-06-19,Berlin,sale,109.11
12166,2026-06-19,Berlin,sale,121.45
12167,2026-06-19,Berlin,sale,157.48
12168,2026-06-19,Berlin,sale,90.87
12169,2026-06-19,Berlin,sale,67.52
12170,2026-06-19,Berlin,sale,59.52
12171,2026-06-19,Berlin,sale,62.11
12172,2026-06-19,Berlin,sale,130.61
12173,2026-06-19,Berlin,sale,10.52
12174,2026-06-19,Berlin,sale,93.71
12175,2026-06-19,Berlin,sale,34.96
12176,2026-06-19,Berlin,sale,125.77
12177,2026-06-19,Berlin,sale,13.11
12178,2026-06-19,Berlin,refund,-22.68
12179,2026-06-19,Berlin,sale,85.11
12180,2026-06-19,Berlin,sale,119.31
12181,2026-06-19,Berlin,refund,-90.82
12182,2026-06-19,Copenhagen,sale,16.46
12183,2026-06-19,Copenhagen,sale,168.59
12184,2026-06-19,Copenhagen,sale,36.36
12185,2026-06-19,Copenhagen,refund,-11.67
12186,2026-06-19,Copenhagen,sale,150.72
12187,2026-06-19,Copenhagen,sale,173.37
12188,2026-06-19,Copenhagen,sale,34.62
12189,2026-06-19,Dublin,sale,73.64
12190,2026-06-19,Dublin,sale,14.07
12191,2026-06-19,Dublin,sale,12.12
12192,2026-06-19,Dublin,sale,74.11
12193,2026-06-19,Dublin,sale,101.2
12194,2026-06-19,Dublin,sale,124.76
12195,2026-06-19,Dublin,sale,128.72
12196,2026-06-19,Dublin,refund,-21.61
12197,2026-06-19,Dublin,sale,171.43
12198,2026-06-19,Dublin,sale,90.83
12199,2026-06-19,Dublin,sale,71.48
12200,2026-06-19,Dublin,sale,5.95
12201,2026-06-19,Dublin,sale,176.11
12202,2026-06-19,Dublin,sale,136.99
12203,2026-06-19,Dublin,sale,84.87
12204,2026-06-19,Dublin,sale,41.11
12205,2026-06-19,Dublin,sale,111.33
12206,2026-06-19,Dublin,sale,27.39
12207,2026-06-19,Dublin,sale,60.27
12208,2026-06-19,Dublin,sale,84.12
12209,2026-06-19,Dublin,sale,144.87
12210,2026-06-19,Dublin,sale,169.42
12211,2026-06-19,Dublin,sale,139.26
12212,2026-06-19,Dublin,sale,11.89
12213,2026-06-19,Edinburgh,sale,58.84
12214,2026-06-19,Edinburgh,sale,19.03
12215,2026-06-19,Edinburgh,sale,123.55
12216,2026-06-19,Edinburgh,sale,174.33
12217,2026-06-19,Edinburgh,sale,93.49
12218,2026-06-19,Edinburgh,sale,137.32
12219,2026-06-19,Edinburgh,sale,65.75
12220,2026-06-19,Edinburgh,sale,66.52
12221,2026-06-19,Edinburgh,sale,55.21
12222,2026-06-19,Edinburgh,sale,157.31
12223,2026-06-19,Edinburgh,sale,100.73
12224,2026-06-19,Edinburgh,sale,69.45
12225,2026-06-19,Edinburgh,sale,104.06
12226,2026-06-19,Edinburgh,sale,44.28
12227,2026-06-19,Edinburgh,sale,47.29
12228,2026-06-19,Edinburgh,sale,157.12
12229,2026-06-19,Edinburgh,sale,43.89
12230,2026-06-19,Edinburgh,sale,72.92
12231,2026-06-19,Edinburgh,sale,49.26
12232,2026-06-19,Edinburgh,sale,110.99
12233,2026-06-19,Florence,sale,37.12
12234,2026-06-19,Florence,sale,163.85
12235,2026-06-19,Florence,sale,27.24
12236,2026-06-19,Florence,sale,82.5
12237,2026-06-19,Florence,sale,9.83
12238,2026-06-19,Florence,sale,10.36
12239,2026-06-19,Florence,sale,68.12
12240,2026-06-19,Florence,sale,106.16
12241,2026-06-19,Florence,sale,12.66
12242,2026-06-19,Florence,sale,31.07
12243,2026-06-19,Florence,sale,170.24
12244,2026-06-19,Florence,sale,138.27
12245,2026-06-19,Florence,sale,112.27
12246,2026-06-19,Florence,sale,67.4
12247,2026-06-19,Florence,sale,84.17
12248,2026-06-19,Florence,sale,38.58
12249,2026-06-19,Florence,sale,32.07
12250,2026-06-19,Florence,refund,-100.25
12251,2026-06-19,Florence,refund,-22.6
12252,2026-06-19,Florence,sale,92.65
12253,2026-06-19,Florence,sale,99.82
12254,2026-06-19,Florence,sale,20.62
12255,2026-06-19,Florence,sale,61.83
12256,2026-06-19,Florence,sale,49.93
12257,2026-06-19,Florence,sale,18.73
12258,2026-06-19,Florence,sale,101.9
12259,2026-06-19,Florence,sale,111.12
12260,2026-06-20,Amsterdam,sale,173.01
12261,2026-06-20,Amsterdam,sale,84.19
12262,2026-06-20,Amsterdam,sale,67.94
12263,2026-06-20,Amsterdam,sale,125.44
12264,2026-06-20,Amsterdam,sale,148.44
12265,2026-06-20,Amsterdam,sale,64.45
12266,2026-06-20,Amsterdam,sale,124.41
12267,2026-06-20,Amsterdam,sale,133.03
12268,2026-06-20,Amsterdam,sale,100.55
12269,2026-06-20,Amsterdam,sale,53.05
12270,2026-06-20,Amsterdam,sale,84.36
12271,2026-06-20,Amsterdam,sale,11.52
12272,2026-06-20,Amsterdam,sale,10.25
12273,2026-06-20,Amsterdam,sale,75.53
12274,2026-06-20,Amsterdam,sale,22.49
12275,2026-06-20,Amsterdam,sale,55.99
12276,2026-06-20,Amsterdam,sale,126.96
12277,2026-06-20,Amsterdam,sale,47.24
12278,2026-06-20,Amsterdam,sale,53.53
12279,2026-06-20,Amsterdam,sale,99.81
12280,2026-06-20,Amsterdam,refund,-125.23
12281,2026-06-20,Amsterdam,sale,6.53
12282,2026-06-20,Amsterdam,sale,109.16
12283,2026-06-20,Amsterdam,sale,40.59
12284,2026-06-20,Amsterdam,sale,29.71
12285,2026-06-20,Amsterdam,sale,125.46
12286,2026-06-20,Amsterdam,sale,127.28
12287,2026-06-20,Amsterdam,sale,41.98
12288,2026-06-20,Amsterdam,sale,52.35
12289,2026-06-20,Amsterdam,sale,98.66
12290,2026-06-20,Berlin,sale,174.19
12291,2026-06-20,Berlin,sale,95.47
12292,2026-06-20,Berlin,refund,-134.33
12293,2026-06-20,Berlin,sale,87.31
12294,2026-06-20,Berlin,sale,36.3
12295,2026-06-20,Berlin,sale,46.68
12296,2026-06-20,Berlin,sale,175.07
12297,2026-06-20,Berlin,sale,134.63
12298,2026-06-20,Berlin,sale,72.5
12299,2026-06-20,Berlin,sale,137.46
12300,2026-06-20,Berlin,sale,139.11
12301,2026-06-20,Berlin,sale,155.42
12302,2026-06-20,Berlin,sale,119.6
12303,2026-06-20,Berlin,sale,30.3
12304,2026-06-20,Berlin,sale,123.06
12305,2026-06-20,Berlin,sale,84.42
12306,2026-06-20,Berlin,sale,62.55
12307,2026-06-20,Berlin,sale,5.81
12308,2026-06-20,Berlin,sale,58.89
12309,2026-06-20,Berlin,sale,82.15
12310,2026-06-20,Berlin,sale,12.59
12311,2026-06-20,Berlin,sale,170.09
12312,2026-06-20,Berlin,sale,132.81
12313,2026-06-20,Berlin,sale,51.64
12314,2026-06-20,Berlin,sale,14.33
12315,2026-06-20,Berlin,sale,133.43
12316,2026-06-20,Berlin,sale,135.97
12317,2026-06-20,Berlin,sale,128.3
12318,2026-06-20,Berlin,sale,156.19
12319,2026-06-20,Berlin,sale,57.57
12320,2026-06-20,Berlin,sale,126.81
12321,2026-06-20,Berlin,sale,109.19
12322,2026-06-20,Berlin,sale,82.43
12323,2026-06-20,Berlin,sale,90.65
12324,2026-06-20,Berlin,sale,140.33
12325,2026-06-20,Berlin,sale,103.47
12326,2026-06-20,Berlin,sale,166.97
12327,2026-06-20,Berlin,sale,109.13
12328,2026-06-20,Berlin,sale,68.83
12329,2026-06-20,Berlin,sale,119.81
12330,2026-06-20,Copenhagen,sale,159.19
12331,2026-06-20,Copenhagen,sale,59.09
12332,2026-06-20,Copenhagen,sale,165.3
12333,2026-06-20,Copenhagen,refund,-150.5
12334,2026-06-20,Copenhagen,sale,22.06
12335,2026-06-20,Copenhagen,sale,89.73
12336,2026-06-20,Copenhagen,sale,23.57
12337,2026-06-20,Copenhagen,sale,28.39
12338,2026-06-20,Dublin,sale,122.18
12339,2026-06-20,Dublin,sale,31.23
12340,2026-06-20,Dublin,sale,179.14
12341,2026-06-20,Dublin,sale,162.62
12342,2026-06-20,Dublin,sale,17.23
12343,2026-06-20,Dublin,sale,132.09
12344,2026-06-20,Dublin,sale,68.97
12345,2026-06-20,Dublin,sale,57.44
12346,2026-06-20,Dublin,sale,136.81
12347,2026-06-20,Dublin,sale,46.64
12348,2026-06-20,Dublin,sale,175.75
12349,2026-06-20,Dublin,sale,153.76
12350,2026-06-20,Dublin,sale,62.2
12351,2026-06-20,Dublin,sale,113.35
12352,2026-06-20,Dublin,sale,46.74
12353,2026-06-20,Dublin,sale,59.3
12354,2026-06-20,Dublin,sale,79.83
12355,2026-06-20,Dublin,sale,89.58
12356,2026-06-20,Dublin,sale,139.92
12357,2026-06-20,Dublin,refund,-152.91
12358,2026-06-20,Dublin,sale,82.59
12359,2026-06-20,Dublin,sale,137.12
12360,2026-06-20,Edinburgh,sale,24.34
12361,2026-06-20,Edinburgh,sale,71.67
12362,2026-06-20,Edinburgh,sale,64.12
12363,2026-06-20,Edinburgh,sale,103.57
12364,2026-06-20,Edinburgh,sale,160.88
12365,2026-06-20,Edinburgh,sale,8.4
12366,2026-06-20,Edinburgh,sale,45.51
12367,2026-06-20,Edinburgh,sale,103.96
12368,2026-06-20,Edinburgh,sale,169.07
12369,2026-06-20,Edinburgh,sale,109.92
12370,2026-06-20,Edinburgh,sale,55.84
12371,2026-06-20,Edinburgh,sale,10.03
12372,2026-06-20,Edinburgh,sale,52.71
12373,2026-06-20,Edinburgh,sale,125.91
12374,2026-06-20,Edinburgh,sale,178.82
12375,2026-06-20,Edinburgh,sale,78.97
12376,2026-06-20,Edinburgh,sale,12.66
12377,2026-06-20,Edinburgh,refund,-9.66
12378,2026-06-20,Florence,sale,29.89
12379,2026-06-20,Florence,sale,91.66
12380,2026-06-20,Florence,sale,55.28
12381,2026-06-20,Florence,sale,150.98
12382,2026-06-20,Florence,sale,83.89
12383,2026-06-20,Florence,sale,16.43
12384,2026-06-20,Florence,sale,68.08
12385,2026-06-20,Florence,sale,147.1
12386,2026-06-20,Florence,sale,124.4
12387,2026-06-20,Florence,sale,139.14
12388,2026-06-20,Florence,sale,70.33
12389,2026-06-20,Florence,sale,85.83
12390,2026-06-20,Florence,sale,20.79
12391,2026-06-20,Florence,sale,144.7
12392,2026-06-20,Florence,sale,25.35
12393,2026-06-20,Florence,sale,150.65
12394,2026-06-20,Florence,sale,100.89
12395,2026-06-20,Florence,sale,140.24
12396,2026-06-20,Florence,sale,44.54
12397,2026-06-20,Florence,sale,122.92
12398,2026-06-20,Florence,sale,169.91
12399,2026-06-20,Florence,sale,104.13
12400,2026-06-20,Florence,sale,177.96
12401,2026-06-20,Florence,sale,145.15
12402,2026-06-20,Florence,sale,13.83
12403,2026-06-21,Amsterdam,sale,72.22
12404,2026-06-21,Amsterdam,sale,62.12
12405,2026-06-21,Amsterdam,sale,88.43
12406,2026-06-21,Amsterdam,sale,42.18
12407,2026-06-21,Amsterdam,sale,15.55
12408,2026-06-21,Amsterdam,sale,139.51
12409,2026-06-21,Amsterdam,sale,61.47
12410,2026-06-21,Amsterdam,sale,66.74
12411,2026-06-21,Amsterdam,sale,159.94
12412,2026-06-21,Amsterdam,sale,174.66
12413,2026-06-21,Amsterdam,sale,148.88
12414,2026-06-21,Amsterdam,sale,121.61
12415,2026-06-21,Amsterdam,sale,167.99
12416,2026-06-21,Amsterdam,sale,71.9
12417,2026-06-21,Amsterdam,sale,126.55
12418,2026-06-21,Amsterdam,sale,59.9
12419,2026-06-21,Amsterdam,sale,81.26
12420,2026-06-21,Amsterdam,sale,174.91
12421,2026-06-21,Amsterdam,sale,24.76
12422,2026-06-21,Amsterdam,sale,35.25
12423,2026-06-21,Amsterdam,sale,86.65
12424,2026-06-21,Amsterdam,sale,147.02
12425,2026-06-21,Amsterdam,sale,38.52
12426,2026-06-21,Amsterdam,sale,119.11
12427,2026-06-21,Amsterdam,sale,136.3
12428,2026-06-21,Amsterdam,sale,164.14
12429,2026-06-21,Amsterdam,sale,120.18
12430,2026-06-21,Amsterdam,sale,152.9
12431,2026-06-21,Amsterdam,sale,160.28
12432,2026-06-21,Amsterdam,sale,9.0
12433,2026-06-21,Amsterdam,sale,122.21
12434,2026-06-21,Amsterdam,sale,143.44
12435,2026-06-21,Amsterdam,sale,137.18
12436,2026-06-21,Amsterdam,sale,76.71
12437,2026-06-21,Amsterdam,sale,96.05
12438,2026-06-21,Berlin,sale,61.82
12439,2026-06-21,Berlin,sale,29.97
12440,2026-06-21,Berlin,sale,105.19
12441,2026-06-21,Berlin,sale,100.01
12442,2026-06-21,Berlin,sale,39.79
12443,2026-06-21,Berlin,sale,54.49
12444,2026-06-21,Berlin,sale,59.35
12445,2026-06-21,Berlin,sale,80.36
12446,2026-06-21,Berlin,sale,123.0
12447,2026-06-21,Berlin,sale,51.57
12448,2026-06-21,Berlin,sale,146.62
12449,2026-06-21,Berlin,sale,61.01
12450,2026-06-21,Berlin,sale,66.32
12451,2026-06-21,Berlin,sale,134.96
12452,2026-06-21,Berlin,sale,37.09
12453,2026-06-21,Berlin,sale,139.67
12454,2026-06-21,Berlin,sale,113.25
12455,2026-06-21,Berlin,sale,94.16
12456,2026-06-21,Berlin,sale,45.29
12457,2026-06-21,Berlin,sale,108.39
12458,2026-06-21,Berlin,sale,29.2
12459,2026-06-21,Berlin,sale,122.09
12460,2026-06-21,Berlin,sale,120.65
12461,2026-06-21,Berlin,sale,6.55
12462,2026-06-21,Berlin,sale,165.47
12463,2026-06-21,Berlin,sale,42.84
12464,2026-06-21,Berlin,sale,32.91
12465,2026-06-21,Berlin,refund,-173.93
12466,2026-06-21,Berlin,sale,16.76
12467,2026-06-21,Berlin,sale,132.99
12468,2026-06-21,Berlin,sale,45.25
12469,2026-06-21,Berlin,sale,15.79
12470,2026-06-21,Berlin,sale,42.49
12471,2026-06-21,Berlin,sale,120.23
12472,2026-06-21,Berlin,sale,50.27
12473,2026-06-21,Berlin,sale,64.14
12474,2026-06-21,Berlin,sale,155.73
12475,2026-06-21,Berlin,sale,112.83
12476,2026-06-21,Berlin,refund,-19.84
12477,2026-06-21,Berlin,sale,122.02
12478,2026-06-21,Berlin,sale,91.92
12479,2026-06-21,Berlin,sale,134.15
12480,2026-06-21,Berlin,sale,163.45
12481,2026-06-21,Berlin,sale,114.97
12482,2026-06-21,Berlin,sale,53.73
12483,2026-06-21,Berlin,sale,97.06
12484,2026-06-21,Berlin,sale,74.46
12485,2026-06-21,Berlin,sale,106.25
12486,2026-06-21,Berlin,sale,14.36
12487,2026-06-21,Copenhagen,sale,97.51
12488,2026-06-21,Copenhagen,sale,126.75
12489,2026-06-21,Copenhagen,sale,9.81
12490,2026-06-21,Copenhagen,sale,145.6
12491,2026-06-21,Copenhagen,sale,47.42
12492,2026-06-21,Copenhagen,sale,13.04
12493,2026-06-21,Copenhagen,refund,-157.8
12494,2026-06-21,Copenhagen,sale,9.73
12495,2026-06-21,Copenhagen,sale,115.64
12496,2026-06-21,Copenhagen,sale,10.58
12497,2026-06-21,Copenhagen,refund,-97.68
12498,2026-06-21,Copenhagen,sale,159.13
12499,2026-06-21,Copenhagen,sale,134.35
12500,2026-06-21,Copenhagen,refund,-145.74
12501,2026-06-21,Copenhagen,sale,70.38
12502,2026-06-21,Dublin,sale,160.99
12503,2026-06-21,Dublin,sale,7.87
12504,2026-06-21,Dublin,sale,55.08
12505,2026-06-21,Dublin,refund,-22.81
12506,2026-06-21,Dublin,sale,29.75
12507,2026-06-21,Dublin,sale,70.45
12508,2026-06-21,Dublin,sale,173.25
12509,2026-06-21,Dublin,sale,33.55
12510,2026-06-21,Dublin,sale,45.57
12511,2026-06-21,Dublin,sale,61.88
12512,2026-06-21,Dublin,sale,56.54
12513,2026-06-21,Dublin,sale,74.28
12514,2026-06-21,Dublin,sale,91.21
12515,2026-06-21,Dublin,sale,52.55
12516,2026-06-21,Dublin,sale,46.21
12517,2026-06-21,Dublin,sale,177.3
12518,2026-06-21,Dublin,sale,89.37
12519,2026-06-21,Dublin,sale,6.02
12520,2026-06-21,Dublin,sale,144.93
12521,2026-06-21,Dublin,sale,96.19
12522,2026-06-21,Dublin,sale,153.18
12523,2026-06-21,Dublin,sale,73.92
12524,2026-06-21,Dublin,sale,142.97
12525,2026-06-21,Edinburgh,sale,20.23
12526,2026-06-21,Edinburgh,sale,48.21
12527,2026-06-21,Edinburgh,sale,74.35
12528,2026-06-21,Edinburgh,sale,114.63
12529,2026-06-21,Edinburgh,sale,143.78
12530,2026-06-21,Edinburgh,sale,153.56
12531,2026-06-21,Edinburgh,sale,93.59
12532,2026-06-21,Edinburgh,sale,64.32
12533,2026-06-21,Edinburgh,sale,72.78
12534,2026-06-21,Edinburgh,sale,101.64
12535,2026-06-21,Edinburgh,refund,-138.18
12536,2026-06-21,Edinburgh,sale,99.87
12537,2026-06-21,Edinburgh,sale,76.23
12538,2026-06-21,Edinburgh,sale,157.86
12539,2026-06-21,Edinburgh,sale,38.96
12540,2026-06-21,Edinburgh,sale,69.69
12541,2026-06-21,Edinburgh,sale,161.35
12542,2026-06-21,Florence,sale,141.68
12543,2026-06-21,Florence,sale,139.27
12544,2026-06-21,Florence,sale,126.11
12545,2026-06-21,Florence,sale,82.07
12546,2026-06-21,Florence,sale,5.66
12547,2026-06-21,Florence,sale,167.96
12548,2026-06-21,Florence,sale,27.95
12549,2026-06-21,Florence,sale,107.35
12550,2026-06-21,Florence,sale,117.75
12551,2026-06-21,Florence,sale,27.81
12552,2026-06-21,Florence,sale,148.97
12553,2026-06-21,Florence,sale,65.3
12554,2026-06-21,Florence,sale,56.08
12555,2026-06-21,Florence,sale,80.83
12556,2026-06-21,Florence,sale,27.54
12557,2026-06-21,Florence,sale,69.72
12558,2026-06-21,Florence,refund,-72.28
12559,2026-06-21,Florence,sale,39.27
12560,2026-06-22,Amsterdam,sale,86.59
12561,2026-06-22,Amsterdam,sale,41.76
12562,2026-06-22,Amsterdam,sale,130.74
12563,2026-06-22,Amsterdam,sale,30.95
12564,2026-06-22,Amsterdam,sale,60.86
12565,2026-06-22,Amsterdam,sale,14.02
12566,2026-06-22,Amsterdam,sale,40.93
12567,2026-06-22,Amsterdam,sale,172.09
12568,2026-06-22,Amsterdam,sale,5.12
12569,2026-06-22,Amsterdam,sale,16.58
12570,2026-06-22,Amsterdam,sale,74.26
12571,2026-06-22,Amsterdam,sale,18.75
12572,2026-06-22,Amsterdam,sale,179.77
12573,2026-06-22,Amsterdam,sale,152.4
12574,2026-06-22,Amsterdam,sale,166.17
12575,2026-06-22,Amsterdam,sale,102.62
12576,2026-06-22,Amsterdam,sale,70.36
12577,2026-06-22,Amsterdam,sale,41.1
12578,2026-06-22,Amsterdam,sale,44.91
12579,2026-06-22,Amsterdam,sale,56.49
12580,2026-06-22,Amsterdam,sale,88.38
12581,2026-06-22,Amsterdam,sale,46.98
12582,2026-06-22,Amsterdam,sale,23.72
12583,2026-06-22,Amsterdam,sale,8.14
12584,2026-06-22,Amsterdam,sale,174.21
12585,2026-06-22,Amsterdam,sale,11.56
12586,2026-06-22,Amsterdam,sale,17.09
12587,2026-06-22,Amsterdam,sale,8.11
12588,2026-06-22,Berlin,sale,82.68
12589,2026-06-22,Berlin,sale,155.54
12590,2026-06-22,Berlin,sale,142.26
12591,2026-06-22,Berlin,sale,161.93
12592,2026-06-22,Berlin,sale,105.23
12593,2026-06-22,Berlin,sale,83.37
12594,2026-06-22,Berlin,sale,130.48
12595,2026-06-22,Berlin,sale,64.79
12596,2026-06-22,Berlin,sale,120.93
12597,2026-06-22,Berlin,sale,104.12
12598,2026-06-22,Berlin,sale,23.68
12599,2026-06-22,Berlin,sale,56.11
12600,2026-06-22,Berlin,sale,129.42
12601,2026-06-22,Berlin,sale,112.52
12602,2026-06-22,Berlin,sale,29.96
12603,2026-06-22,Berlin,sale,15.69
12604,2026-06-22,Berlin,sale,104.81
12605,2026-06-22,Berlin,sale,90.15
12606,2026-06-22,Berlin,sale,87.22
12607,2026-06-22,Berlin,sale,149.4
12608,2026-06-22,Berlin,sale,112.33
12609,2026-06-22,Berlin,sale,113.36
12610,2026-06-22,Berlin,sale,15.05
12611,2026-06-22,Berlin,sale,146.4
12612,2026-06-22,Berlin,sale,167.53
12613,2026-06-22,Berlin,sale,56.71
12614,2026-06-22,Berlin,sale,120.12
12615,2026-06-22,Berlin,sale,84.23
12616,2026-06-22,Berlin,sale,10.76
12617,2026-06-22,Berlin,sale,31.16
12618,2026-06-22,Berlin,sale,105.88
12619,2026-06-22,Berlin,sale,6.78
12620,2026-06-22,Berlin,sale,147.03
12621,2026-06-22,Berlin,sale,115.98
12622,2026-06-22,Berlin,sale,178.89
12623,2026-06-22,Berlin,sale,156.47
12624,2026-06-22,Berlin,sale,85.31
12625,2026-06-22,Berlin,sale,41.94
12626,2026-06-22,Berlin,sale,96.86
12627,2026-06-22,Berlin,sale,72.7
12628,2026-06-22,Copenhagen,sale,88.47
12629,2026-06-22,Copenhagen,refund,-82.48
12630,2026-06-22,Copenhagen,sale,43.19
12631,2026-06-22,Copenhagen,sale,37.95
12632,2026-06-22,Copenhagen,sale,64.14
12633,2026-06-22,Copenhagen,sale,37.02
12634,2026-06-22,Copenhagen,sale,118.08
12635,2026-06-22,Copenhagen,sale,88.87
12636,2026-06-22,Copenhagen,refund,-164.98
12637,2026-06-22,Copenhagen,sale,118.92
12638,2026-06-22,Copenhagen,sale,100.63
12639,2026-06-22,Copenhagen,sale,119.32
12640,2026-06-22,Copenhagen,sale,115.52
12641,2026-06-22,Copenhagen,sale,152.89
12642,2026-06-22,Copenhagen,sale,106.03
12643,2026-06-22,Copenhagen,sale,147.45
12644,2026-06-22,Copenhagen,sale,65.12
12645,2026-06-22,Dublin,sale,13.86
12646,2026-06-22,Dublin,sale,165.54
12647,2026-06-22,Dublin,sale,109.66
12648,2026-06-22,Dublin,sale,38.99
12649,2026-06-22,Dublin,sale,154.4
12650,2026-06-22,Dublin,sale,98.81
12651,2026-06-22,Dublin,sale,90.09
12652,2026-06-22,Dublin,sale,129.46
12653,2026-06-22,Dublin,refund,-166.75
12654,2026-06-22,Dublin,sale,102.91
12655,2026-06-22,Dublin,sale,66.39
12656,2026-06-22,Dublin,sale,10.9
12657,2026-06-22,Dublin,sale,109.94
12658,2026-06-22,Dublin,sale,41.81
12659,2026-06-22,Dublin,sale,91.04
12660,2026-06-22,Dublin,sale,123.9
12661,2026-06-22,Dublin,sale,150.85
12662,2026-06-22,Dublin,sale,163.2
12663,2026-06-22,Dublin,sale,139.77
12664,2026-06-22,Dublin,sale,157.3
12665,2026-06-22,Dublin,sale,68.04
12666,2026-06-22,Dublin,sale,94.5
12667,2026-06-22,Dublin,sale,29.69
12668,2026-06-22,Dublin,sale,27.13
12669,2026-06-22,Dublin,sale,12.19
12670,2026-06-22,Dublin,sale,111.38
12671,2026-06-22,Dublin,sale,176.21
12672,2026-06-22,Dublin,sale,24.47
12673,2026-06-22,Edinburgh,sale,109.66
12674,2026-06-22,Edinburgh,sale,23.58
12675,2026-06-22,Edinburgh,sale,32.0
12676,2026-06-22,Edinburgh,sale,139.4
12677,2026-06-22,Edinburgh,sale,153.02
12678,2026-06-22,Edinburgh,sale,118.58
12679,2026-06-22,Edinburgh,sale,103.66
12680,2026-06-22,Edinburgh,sale,50.7
12681,2026-06-22,Edinburgh,sale,122.16
12682,2026-06-22,Edinburgh,refund,-25.68
12683,2026-06-22,Edinburgh,sale,72.68
12684,2026-06-22,Edinburgh,sale,27.83
12685,2026-06-22,Edinburgh,sale,27.76
12686,2026-06-22,Edinburgh,refund,-145.29
12687,2026-06-22,Edinburgh,sale,146.53
12688,2026-06-22,Edinburgh,sale,117.56
12689,2026-06-22,Edinburgh,sale,100.9
12690,2026-06-22,Edinburgh,sale,29.93
12691,2026-06-22,Edinburgh,sale,101.1
12692,2026-06-22,Edinburgh,sale,42.03
12693,2026-06-22,Edinburgh,sale,16.48
12694,2026-06-22,Florence,sale,23.05
12695,2026-06-22,Florence,sale,161.21
12696,2026-06-22,Florence,sale,12.11
12697,2026-06-22,Florence,sale,156.64
12698,2026-06-22,Florence,sale,6.87
12699,2026-06-22,Florence,sale,55.42
12700,2026-06-22,Florence,sale,146.11
12701,2026-06-22,Florence,sale,44.01
12702,2026-06-22,Florence,sale,97.4
12703,2026-06-22,Florence,sale,95.34
12704,2026-06-22,Florence,sale,53.43
12705,2026-06-22,Florence,sale,58.21
12706,2026-06-22,Florence,sale,132.14
12707,2026-06-22,Florence,sale,88.62
12708,2026-06-22,Florence,sale,112.85
12709,2026-06-22,Florence,sale,64.35
12710,2026-06-22,Florence,sale,142.77
12711,2026-06-23,Amsterdam,sale,121.86
12712,2026-06-23,Amsterdam,sale,176.24
12713,2026-06-23,Amsterdam,sale,56.92
12714,2026-06-23,Amsterdam,sale,19.56
12715,2026-06-23,Amsterdam,sale,77.94
12716,2026-06-23,Amsterdam,sale,5.24
12717,2026-06-23,Amsterdam,sale,161.78
12718,2026-06-23,Amsterdam,sale,46.85
12719,2026-06-23,Amsterdam,sale,172.71
12720,2026-06-23,Amsterdam,sale,104.0
12721,2026-06-23,Amsterdam,sale,151.29
12722,2026-06-23,Amsterdam,sale,95.99
12723,2026-06-23,Amsterdam,sale,33.6
12724,2026-06-23,Amsterdam,sale,120.02
12725,2026-06-23,Amsterdam,sale,92.49
12726,2026-06-23,Amsterdam,sale,72.31
12727,2026-06-23,Amsterdam,sale,93.69
12728,2026-06-23,Amsterdam,sale,160.53
12729,2026-06-23,Amsterdam,sale,44.3
12730,2026-06-23,Amsterdam,sale,9.2
12731,2026-06-23,Amsterdam,sale,102.99
12732,2026-06-23,Amsterdam,sale,113.94
12733,2026-06-23,Amsterdam,sale,108.75
12734,2026-06-23,Amsterdam,sale,129.32
12735,2026-06-23,Amsterdam,sale,108.44
12736,2026-06-23,Amsterdam,sale,101.03
12737,2026-06-23,Amsterdam,sale,33.73
12738,2026-06-23,Amsterdam,sale,137.19
12739,2026-06-23,Amsterdam,sale,116.09
12740,2026-06-23,Amsterdam,sale,125.8
12741,2026-06-23,Amsterdam,sale,50.63
12742,2026-06-23,Amsterdam,sale,79.8
12743,2026-06-23,Amsterdam,sale,100.16
12744,2026-06-23,Berlin,sale,19.05
12745,2026-06-23,Berlin,sale,88.81
12746,2026-06-23,Berlin,sale,115.72
12747,2026-06-23,Berlin,sale,35.9
12748,2026-06-23,Berlin,sale,119.06
12749,2026-06-23,Berlin,sale,156.55
12750,2026-06-23,Berlin,sale,76.91
12751,2026-06-23,Berlin,sale,177.18
12752,2026-06-23,Berlin,sale,108.62
12753,2026-06-23,Berlin,sale,13.52
12754,2026-06-23,Berlin,sale,108.27
12755,2026-06-23,Berlin,sale,87.63
12756,2026-06-23,Berlin,sale,157.16
12757,2026-06-23,Berlin,sale,94.19
12758,2026-06-23,Berlin,sale,117.51
12759,2026-06-23,Berlin,sale,54.86
12760,2026-06-23,Berlin,sale,122.7
12761,2026-06-23,Berlin,sale,11.94
12762,2026-06-23,Berlin,sale,71.98
12763,2026-06-23,Berlin,sale,103.34
12764,2026-06-23,Berlin,sale,13.32
12765,2026-06-23,Berlin,sale,37.47
12766,2026-06-23,Berlin,refund,-151.99
12767,2026-06-23,Berlin,sale,52.35
12768,2026-06-23,Berlin,sale,99.9
12769,2026-06-23,Berlin,sale,93.96
12770,2026-06-23,Berlin,sale,106.56
12771,2026-06-23,Berlin,refund,-117.54
12772,2026-06-23,Berlin,sale,101.44
12773,2026-06-23,Berlin,sale,71.76
12774,2026-06-23,Berlin,sale,100.56
12775,2026-06-23,Berlin,sale,74.61
12776,2026-06-23,Berlin,sale,113.17
12777,2026-06-23,Berlin,sale,79.71
12778,2026-06-23,Berlin,sale,52.78
12779,2026-06-23,Berlin,sale,59.47
12780,2026-06-23,Berlin,sale,136.84
12781,2026-06-23,Berlin,sale,8.5
12782,2026-06-23,Berlin,sale,48.05
12783,2026-06-23,Berlin,sale,115.1
12784,2026-06-23,Berlin,sale,73.32
12785,2026-06-23,Berlin,sale,150.07
12786,2026-06-23,Berlin,sale,95.91
12787,2026-06-23,Copenhagen,sale,57.56
12788,2026-06-23,Copenhagen,sale,62.69
12789,2026-06-23,Copenhagen,sale,104.65
12790,2026-06-23,Copenhagen,refund,-23.61
12791,2026-06-23,Copenhagen,sale,167.04
12792,2026-06-23,Copenhagen,sale,82.78
12793,2026-06-23,Copenhagen,sale,156.4
12794,2026-06-23,Copenhagen,sale,47.35
12795,2026-06-23,Copenhagen,sale,109.52
12796,2026-06-23,Copenhagen,sale,81.9
12797,2026-06-23,Copenhagen,sale,102.28
12798,2026-06-23,Dublin,sale,168.13
12799,2026-06-23,Dublin,sale,121.21
12800,2026-06-23,Dublin,sale,65.97
12801,2026-06-23,Dublin,sale,108.42
12802,2026-06-23,Dublin,sale,151.97
12803,2026-06-23,Dublin,sale,50.17
12804,2026-06-23,Dublin,sale,72.23
12805,2026-06-23,Dublin,sale,64.38
12806,2026-06-23,Dublin,sale,17.74
12807,2026-06-23,Dublin,sale,44.48
12808,2026-06-23,Dublin,sale,107.58
12809,2026-06-23,Dublin,sale,176.58
12810,2026-06-23,Dublin,refund,-63.45
12811,2026-06-23,Dublin,sale,23.14
12812,2026-06-23,Dublin,sale,144.64
12813,2026-06-23,Dublin,sale,25.94
12814,2026-06-23,Dublin,sale,78.0
12815,2026-06-23,Dublin,sale,19.53
12816,2026-06-23,Dublin,sale,142.9
12817,2026-06-23,Dublin,sale,179.49
12818,2026-06-23,Dublin,sale,13.2
12819,2026-06-23,Dublin,sale,155.23
12820,2026-06-23,Dublin,sale,34.47
12821,2026-06-23,Dublin,sale,140.7
12822,2026-06-23,Dublin,sale,95.18
12823,2026-06-23,Edinburgh,sale,136.62
12824,2026-06-23,Edinburgh,sale,178.32
12825,2026-06-23,Edinburgh,sale,17.41
12826,2026-06-23,Edinburgh,sale,95.38
12827,2026-06-23,Edinburgh,sale,71.01
12828,2026-06-23,Edinburgh,sale,148.3
12829,2026-06-23,Edinburgh,sale,53.68
12830,2026-06-23,Edinburgh,sale,85.18
12831,2026-06-23,Edinburgh,sale,30.59
12832,2026-06-23,Edinburgh,sale,160.86
12833,2026-06-23,Edinburgh,sale,30.51
12834,2026-06-23,Edinburgh,sale,157.71
12835,2026-06-23,Edinburgh,sale,147.79
12836,2026-06-23,Edinburgh,sale,60.37
12837,2026-06-23,Edinburgh,sale,74.63
12838,2026-06-23,Florence,sale,144.61
12839,2026-06-23,Florence,sale,48.82
12840,2026-06-23,Florence,sale,174.79
12841,2026-06-23,Florence,sale,95.27
12842,2026-06-23,Florence,sale,140.74
12843,2026-06-23,Florence,sale,173.75
12844,2026-06-23,Florence,sale,145.12
12845,2026-06-23,Florence,sale,80.25
12846,2026-06-23,Florence,sale,99.73
12847,2026-06-23,Florence,sale,119.96
12848,2026-06-23,Florence,refund,-33.95
12849,2026-06-23,Florence,sale,152.5
12850,2026-06-23,Florence,sale,147.94
12851,2026-06-23,Florence,sale,135.33
12852,2026-06-23,Florence,sale,59.69
12853,2026-06-23,Florence,sale,37.14
12854,2026-06-23,Florence,sale,80.26
12855,2026-06-23,Florence,sale,158.83
12856,2026-06-23,Florence,sale,40.98
12857,2026-06-23,Florence,sale,71.55
12858,2026-06-23,Florence,sale,137.52
12859,2026-06-23,Florence,sale,77.05
12860,2026-06-23,Florence,sale,76.98
12861,2026-06-23,Florence,sale,74.22
12862,2026-06-23,Florence,sale,123.18
12863,2026-06-23,Florence,sale,135.7
12864,2026-06-23,Florence,sale,18.93
12865,2026-06-24,Amsterdam,sale,67.48
12866,2026-06-24,Amsterdam,sale,44.57
12867,2026-06-24,Amsterdam,sale,43.46
12868,2026-06-24,Amsterdam,sale,96.71
12869,2026-06-24,Amsterdam,sale,104.85
12870,2026-06-24,Amsterdam,sale,14.17
12871,2026-06-24,Amsterdam,sale,160.34
12872,2026-06-24,Amsterdam,sale,105.57
12873,2026-06-24,Amsterdam,sale,70.44
12874,2026-06-24,Amsterdam,sale,127.07
12875,2026-06-24,Amsterdam,sale,116.46
12876,2026-06-24,Amsterdam,sale,34.91
12877,2026-06-24,Amsterdam,sale,9.91
12878,2026-06-24,Amsterdam,sale,56.12
12879,2026-06-24,Amsterdam,sale,98.72
12880,2026-06-24,Amsterdam,sale,137.87
12881,2026-06-24,Amsterdam,sale,21.76
12882,2026-06-24,Amsterdam,sale,172.63
12883,2026-06-24,Amsterdam,sale,7.6
12884,2026-06-24,Amsterdam,sale,11.5
12885,2026-06-24,Amsterdam,sale,92.85
12886,2026-06-24,Amsterdam,sale,66.97
12887,2026-06-24,Amsterdam,sale,57.37
12888,2026-06-24,Amsterdam,sale,102.44
12889,2026-06-24,Amsterdam,sale,156.81
12890,2026-06-24,Amsterdam,sale,38.32
12891,2026-06-24,Berlin,sale,89.44
12892,2026-06-24,Berlin,sale,10.45
12893,2026-06-24,Berlin,sale,114.41
12894,2026-06-24,Berlin,sale,41.91
12895,2026-06-24,Berlin,sale,59.5
12896,2026-06-24,Berlin,sale,154.95
12897,2026-06-24,Berlin,sale,52.82
12898,2026-06-24,Berlin,sale,7.65
12899,2026-06-24,Berlin,sale,32.47
12900,2026-06-24,Berlin,sale,146.84
12901,2026-06-24,Berlin,sale,34.48
12902,2026-06-24,Berlin,sale,136.38
12903,2026-06-24,Berlin,sale,105.66
12904,2026-06-24,Berlin,sale,50.73
12905,2026-06-24,Berlin,sale,171.58
12906,2026-06-24,Berlin,sale,69.07
12907,2026-06-24,Berlin,sale,119.89
12908,2026-06-24,Berlin,sale,10.35
12909,2026-06-24,Berlin,sale,19.71
12910,2026-06-24,Berlin,sale,83.75
12911,2026-06-24,Berlin,sale,84.87
12912,2026-06-24,Berlin,sale,90.11
12913,2026-06-24,Berlin,sale,67.11
12914,2026-06-24,Berlin,sale,81.88
12915,2026-06-24,Berlin,sale,99.16
12916,2026-06-24,Berlin,sale,72.25
12917,2026-06-24,Berlin,sale,39.13
12918,2026-06-24,Berlin,sale,54.74
12919,2026-06-24,Berlin,sale,150.77
12920,2026-06-24,Berlin,sale,179.37
12921,2026-06-24,Berlin,sale,34.71
12922,2026-06-24,Berlin,sale,33.75
12923,2026-06-24,Berlin,sale,149.88
12924,2026-06-24,Berlin,sale,80.22
12925,2026-06-24,Berlin,sale,93.47
12926,2026-06-24,Berlin,sale,34.48
12927,2026-06-24,Berlin,sale,145.22
12928,2026-06-24,Berlin,sale,148.05
12929,2026-06-24,Berlin,sale,99.72
12930,2026-06-24,Berlin,sale,75.85
12931,2026-06-24,Berlin,sale,159.12
12932,2026-06-24,Berlin,sale,47.14
12933,2026-06-24,Copenhagen,refund,-81.71
12934,2026-06-24,Copenhagen,sale,146.14
12935,2026-06-24,Copenhagen,sale,5.83
12936,2026-06-24,Copenhagen,sale,90.77
12937,2026-06-24,Copenhagen,sale,18.32
12938,2026-06-24,Copenhagen,sale,34.52
12939,2026-06-24,Copenhagen,sale,144.38
12940,2026-06-24,Copenhagen,sale,114.28
12941,2026-06-24,Copenhagen,sale,84.11
12942,2026-06-24,Copenhagen,sale,168.17
12943,2026-06-24,Copenhagen,refund,-90.57
12944,2026-06-24,Copenhagen,sale,18.31
12945,2026-06-24,Copenhagen,sale,67.86
12946,2026-06-24,Dublin,sale,119.49
12947,2026-06-24,Dublin,sale,76.37
12948,2026-06-24,Dublin,sale,102.99
12949,2026-06-24,Dublin,sale,75.14
12950,2026-06-24,Dublin,sale,73.02
12951,2026-06-24,Dublin,sale,81.78
12952,2026-06-24,Dublin,sale,128.24
12953,2026-06-24,Dublin,sale,125.72
12954,2026-06-24,Dublin,sale,153.35
12955,2026-06-24,Dublin,sale,110.87
12956,2026-06-24,Dublin,sale,150.42
12957,2026-06-24,Dublin,sale,65.77
12958,2026-06-24,Dublin,sale,91.31
12959,2026-06-24,Dublin,sale,156.82
12960,2026-06-24,Dublin,sale,31.31
12961,2026-06-24,Dublin,sale,64.11
12962,2026-06-24,Dublin,sale,42.6
12963,2026-06-24,Dublin,sale,170.35
12964,2026-06-24,Dublin,sale,81.11
12965,2026-06-24,Dublin,sale,88.99
12966,2026-06-24,Dublin,sale,56.21
12967,2026-06-24,Dublin,sale,116.36
12968,2026-06-24,Dublin,sale,83.6
12969,2026-06-24,Edinburgh,sale,162.06
12970,2026-06-24,Edinburgh,sale,142.09
12971,2026-06-24,Edinburgh,sale,174.63
12972,2026-06-24,Edinburgh,sale,175.06
12973,2026-06-24,Edinburgh,sale,25.39
12974,2026-06-24,Edinburgh,sale,33.08
12975,2026-06-24,Edinburgh,sale,46.41
12976,2026-06-24,Edinburgh,sale,95.59
12977,2026-06-24,Edinburgh,sale,46.51
12978,2026-06-24,Edinburgh,sale,35.03
12979,2026-06-24,Edinburgh,sale,145.83
12980,2026-06-24,Edinburgh,refund,-15.4
12981,2026-06-24,Edinburgh,sale,46.86
12982,2026-06-24,Edinburgh,sale,122.58
12983,2026-06-24,Edinburgh,sale,87.63
12984,2026-06-24,Edinburgh,sale,168.44
12985,2026-06-24,Florence,sale,67.37
12986,2026-06-24,Florence,sale,154.33
12987,2026-06-24,Florence,sale,37.84
12988,2026-06-24,Florence,sale,35.17
12989,2026-06-24,Florence,sale,151.68
12990,2026-06-24,Florence,sale,73.38
12991,2026-06-24,Florence,sale,128.8
12992,2026-06-24,Florence,sale,135.08
12993,2026-06-24,Florence,sale,21.32
12994,2026-06-24,Florence,refund,-94.04
12995,2026-06-24,Florence,sale,18.03
12996,2026-06-24,Florence,sale,151.04
12997,2026-06-24,Florence,sale,14.61
12998,2026-06-24,Florence,sale,97.42
12999,2026-06-24,Florence,sale,143.89
13000,2026-06-24,Florence,sale,54.02
13001,2026-06-24,Florence,sale,72.26
13002,2026-06-24,Florence,sale,172.91
13003,2026-06-24,Florence,sale,108.29
13004,2026-06-24,Florence,sale,56.95
13005,2026-06-24,Florence,sale,40.57
13006,2026-06-24,Florence,sale,147.82
13007,2026-06-24,Florence,sale,22.1
13008,2026-06-24,Florence,sale,36.79
13009,2026-06-24,Florence,refund,-100.65
13010,2026-06-25,Amsterdam,sale,111.36
13011,2026-06-25,Amsterdam,sale,46.94
13012,2026-06-25,Amsterdam,sale,91.97
13013,2026-06-25,Amsterdam,sale,48.63
13014,2026-06-25,Amsterdam,sale,61.27
13015,2026-06-25,Amsterdam,sale,151.18
13016,2026-06-25,Amsterdam,refund,-156.35
13017,2026-06-25,Amsterdam,sale,149.57
13018,2026-06-25,Amsterdam,sale,145.51
13019,2026-06-25,Amsterdam,sale,179.51
13020,2026-06-25,Amsterdam,sale,14.72
13021,2026-06-25,Amsterdam,sale,79.61
13022,2026-06-25,Amsterdam,sale,46.97
13023,2026-06-25,Amsterdam,sale,15.25
13024,2026-06-25,Amsterdam,sale,57.02
13025,2026-06-25,Amsterdam,sale,101.6
13026,2026-06-25,Amsterdam,sale,112.17
13027,2026-06-25,Amsterdam,sale,73.97
13028,2026-06-25,Amsterdam,sale,74.93
13029,2026-06-25,Amsterdam,sale,172.14
13030,2026-06-25,Amsterdam,sale,33.44
13031,2026-06-25,Amsterdam,sale,104.49
13032,2026-06-25,Amsterdam,sale,115.69
13033,2026-06-25,Amsterdam,sale,118.29
13034,2026-06-25,Amsterdam,sale,92.19
13035,2026-06-25,Berlin,sale,164.41
13036,2026-06-25,Berlin,sale,118.62
13037,2026-06-25,Berlin,sale,179.12
13038,2026-06-25,Berlin,sale,174.26
13039,2026-06-25,Berlin,sale,171.97
13040,2026-06-25,Berlin,sale,152.16
13041,2026-06-25,Berlin,sale,68.12
13042,2026-06-25,Berlin,sale,159.27
13043,2026-06-25,Berlin,sale,5.46
13044,2026-06-25,Berlin,sale,43.72
13045,2026-06-25,Berlin,sale,15.7
13046,2026-06-25,Berlin,sale,125.06
13047,2026-06-25,Berlin,sale,5.67
13048,2026-06-25,Berlin,sale,144.01
13049,2026-06-25,Berlin,sale,60.95
13050,2026-06-25,Berlin,sale,168.4
13051,2026-06-25,Berlin,sale,121.26
13052,2026-06-25,Berlin,sale,92.23
13053,2026-06-25,Berlin,sale,65.08
13054,2026-06-25,Berlin,sale,16.83
13055,2026-06-25,Berlin,sale,94.17
13056,2026-06-25,Berlin,sale,40.24
13057,2026-06-25,Berlin,refund,-97.24
13058,2026-06-25,Berlin,sale,152.44
13059,2026-06-25,Berlin,sale,148.04
13060,2026-06-25,Berlin,sale,142.42
13061,2026-06-25,Berlin,sale,148.06
13062,2026-06-25,Berlin,sale,59.39
13063,2026-06-25,Berlin,sale,56.58
13064,2026-06-25,Berlin,sale,86.77
13065,2026-06-25,Berlin,sale,57.44
13066,2026-06-25,Berlin,sale,124.63
13067,2026-06-25,Berlin,sale,162.57
13068,2026-06-25,Berlin,sale,101.54
13069,2026-06-25,Berlin,sale,85.66
13070,2026-06-25,Berlin,sale,90.19
13071,2026-06-25,Berlin,sale,25.93
13072,2026-06-25,Berlin,sale,151.42
13073,2026-06-25,Berlin,sale,49.84
13074,2026-06-25,Berlin,sale,40.98
13075,2026-06-25,Berlin,sale,81.62
13076,2026-06-25,Berlin,sale,168.71
13077,2026-06-25,Berlin,sale,25.22
13078,2026-06-25,Berlin,sale,28.53
13079,2026-06-25,Berlin,sale,83.96
13080,2026-06-25,Berlin,sale,142.38
13081,2026-06-25,Berlin,sale,38.55
13082,2026-06-25,Berlin,sale,128.88
13083,2026-06-25,Copenhagen,sale,48.0
13084,2026-06-25,Copenhagen,refund,-6.87
13085,2026-06-25,Copenhagen,sale,159.69
13086,2026-06-25,Copenhagen,sale,148.33
13087,2026-06-25,Copenhagen,sale,129.77
13088,2026-06-25,Copenhagen,sale,137.55
13089,2026-06-25,Copenhagen,sale,160.55
13090,2026-06-25,Copenhagen,sale,84.38
13091,2026-06-25,Copenhagen,sale,160.19
13092,2026-06-25,Copenhagen,sale,103.72
13093,2026-06-25,Copenhagen,sale,65.51
13094,2026-06-25,Copenhagen,sale,33.04
13095,2026-06-25,Copenhagen,sale,64.73
13096,2026-06-25,Copenhagen,sale,91.22
13097,2026-06-25,Copenhagen,sale,146.62
13098,2026-06-25,Dublin,sale,62.79
13099,2026-06-25,Dublin,sale,145.08
13100,2026-06-25,Dublin,sale,57.88
13101,2026-06-25,Dublin,sale,107.67
13102,2026-06-25,Dublin,sale,65.77
13103,2026-06-25,Dublin,sale,9.79
13104,2026-06-25,Dublin,sale,159.81
13105,2026-06-25,Dublin,sale,169.74
13106,2026-06-25,Dublin,sale,101.41
13107,2026-06-25,Dublin,sale,157.69
13108,2026-06-25,Dublin,sale,81.28
13109,2026-06-25,Dublin,sale,153.95
13110,2026-06-25,Dublin,sale,126.95
13111,2026-06-25,Dublin,sale,162.94
13112,2026-06-25,Dublin,sale,75.47
13113,2026-06-25,Dublin,sale,44.31
13114,2026-06-25,Dublin,sale,21.22
13115,2026-06-25,Dublin,sale,20.2
13116,2026-06-25,Dublin,sale,51.19
13117,2026-06-25,Dublin,sale,160.69
13118,2026-06-25,Edinburgh,sale,157.1
13119,2026-06-25,Edinburgh,sale,128.24
13120,2026-06-25,Edinburgh,sale,74.98
13121,2026-06-25,Edinburgh,sale,92.88
13122,2026-06-25,Edinburgh,sale,114.32
13123,2026-06-25,Edinburgh,sale,70.42
13124,2026-06-25,Edinburgh,sale,94.68
13125,2026-06-25,Edinburgh,sale,131.33
13126,2026-06-25,Edinburgh,sale,95.8
13127,2026-06-25,Edinburgh,sale,48.07
13128,2026-06-25,Edinburgh,sale,52.47
13129,2026-06-25,Edinburgh,sale,60.56
13130,2026-06-25,Edinburgh,sale,109.99
13131,2026-06-25,Edinburgh,sale,14.71
13132,2026-06-25,Edinburgh,sale,79.23
13133,2026-06-25,Edinburgh,sale,171.81
13134,2026-06-25,Edinburgh,refund,-130.13
13135,2026-06-25,Edinburgh,sale,60.21
13136,2026-06-25,Edinburgh,sale,56.47
13137,2026-06-25,Florence,sale,92.56
13138,2026-06-25,Florence,refund,-85.25
13139,2026-06-25,Florence,sale,133.03
13140,2026-06-25,Florence,sale,12.73
13141,2026-06-25,Florence,sale,52.99
13142,2026-06-25,Florence,sale,176.32
13143,2026-06-25,Florence,sale,133.72
13144,2026-06-25,Florence,sale,86.89
13145,2026-06-25,Florence,refund,-125.24
13146,2026-06-25,Florence,sale,151.06
13147,2026-06-25,Florence,sale,13.37
13148,2026-06-25,Florence,sale,60.29
13149,2026-06-25,Florence,sale,106.04
13150,2026-06-25,Florence,sale,31.11
13151,2026-06-25,Florence,sale,156.62
13152,2026-06-25,Florence,sale,134.01
13153,2026-06-25,Florence,sale,97.29
13154,2026-06-25,Florence,sale,124.99
13155,2026-06-25,Florence,sale,175.8
13156,2026-06-25,Florence,sale,58.58
13157,2026-06-25,Florence,sale,83.76
13158,2026-06-25,Florence,sale,153.46
13159,2026-06-25,Florence,sale,144.08
13160,2026-06-25,Florence,sale,145.33
13161,2026-06-26,Amsterdam,sale,54.82
13162,2026-06-26,Amsterdam,sale,155.01
13163,2026-06-26,Amsterdam,sale,111.94
13164,2026-06-26,Amsterdam,sale,10.7
13165,2026-06-26,Amsterdam,sale,144.14
13166,2026-06-26,Amsterdam,sale,118.58
13167,2026-06-26,Amsterdam,sale,55.55
13168,2026-06-26,Amsterdam,sale,147.58
13169,2026-06-26,Amsterdam,sale,169.45
13170,2026-06-26,Amsterdam,sale,44.66
13171,2026-06-26,Amsterdam,sale,164.52
13172,2026-06-26,Amsterdam,sale,6.09
13173,2026-06-26,Amsterdam,sale,29.84
13174,2026-06-26,Amsterdam,sale,54.28
13175,2026-06-26,Amsterdam,sale,68.49
13176,2026-06-26,Amsterdam,sale,128.46
13177,2026-06-26,Amsterdam,sale,84.79
13178,2026-06-26,Amsterdam,sale,108.76
13179,2026-06-26,Amsterdam,sale,5.93
13180,2026-06-26,Amsterdam,sale,85.8
13181,2026-06-26,Amsterdam,sale,44.12
13182,2026-06-26,Amsterdam,sale,75.42
13183,2026-06-26,Amsterdam,sale,114.13
13184,2026-06-26,Amsterdam,sale,40.68
13185,2026-06-26,Amsterdam,sale,113.61
13186,2026-06-26,Amsterdam,sale,19.92
13187,2026-06-26,Amsterdam,sale,111.18
13188,2026-06-26,Amsterdam,sale,64.76
13189,2026-06-26,Amsterdam,sale,38.4
13190,2026-06-26,Amsterdam,sale,140.52
13191,2026-06-26,Amsterdam,sale,106.73
13192,2026-06-26,Berlin,refund,-168.06
13193,2026-06-26,Berlin,sale,12.69
13194,2026-06-26,Berlin,sale,156.08
13195,2026-06-26,Berlin,sale,8.76
13196,2026-06-26,Berlin,refund,-70.02
13197,2026-06-26,Berlin,sale,117.91
13198,2026-06-26,Berlin,sale,100.49
13199,2026-06-26,Berlin,sale,150.28
13200,2026-06-26,Berlin,sale,156.65
13201,2026-06-26,Berlin,sale,107.11
13202,2026-06-26,Berlin,refund,-71.25
13203,2026-06-26,Berlin,sale,23.8
13204,2026-06-26,Berlin,sale,107.62
13205,2026-06-26,Berlin,sale,18.97
13206,2026-06-26,Berlin,sale,25.62
13207,2026-06-26,Berlin,sale,137.76
13208,2026-06-26,Berlin,sale,177.19
13209,2026-06-26,Berlin,sale,30.38
13210,2026-06-26,Berlin,sale,159.51
13211,2026-06-26,Berlin,sale,174.8
13212,2026-06-26,Berlin,sale,25.09
13213,2026-06-26,Berlin,sale,55.69
13214,2026-06-26,Berlin,sale,166.43
13215,2026-06-26,Berlin,sale,11.01
13216,2026-06-26,Berlin,sale,45.97
13217,2026-06-26,Berlin,sale,39.79
13218,2026-06-26,Berlin,sale,52.36
13219,2026-06-26,Berlin,sale,125.19
13220,2026-06-26,Berlin,sale,77.64
13221,2026-06-26,Berlin,sale,59.52
13222,2026-06-26,Berlin,sale,65.01
13223,2026-06-26,Berlin,sale,156.59
13224,2026-06-26,Berlin,sale,144.05
13225,2026-06-26,Berlin,sale,16.76
13226,2026-06-26,Berlin,sale,123.77
13227,2026-06-26,Berlin,sale,90.49
13228,2026-06-26,Berlin,sale,7.5
13229,2026-06-26,Berlin,sale,141.04
13230,2026-06-26,Berlin,sale,161.57
13231,2026-06-26,Berlin,refund,-93.84
13232,2026-06-26,Berlin,sale,170.25
13233,2026-06-26,Berlin,sale,138.55
13234,2026-06-26,Copenhagen,refund,-104.39
13235,2026-06-26,Copenhagen,sale,164.28
13236,2026-06-26,Copenhagen,sale,10.53
13237,2026-06-26,Copenhagen,sale,131.98
13238,2026-06-26,Copenhagen,sale,147.8
13239,2026-06-26,Copenhagen,sale,148.08
13240,2026-06-26,Copenhagen,sale,121.16
13241,2026-06-26,Copenhagen,sale,90.66
13242,2026-06-26,Copenhagen,sale,41.55
13243,2026-06-26,Copenhagen,sale,91.16
13244,2026-06-26,Dublin,sale,127.65
13245,2026-06-26,Dublin,sale,164.03
13246,2026-06-26,Dublin,sale,56.7
13247,2026-06-26,Dublin,sale,10.05
13248,2026-06-26,Dublin,sale,77.8
13249,2026-06-26,Dublin,sale,56.43
13250,2026-06-26,Dublin,sale,5.32
13251,2026-06-26,Dublin,sale,105.53
13252,2026-06-26,Dublin,sale,109.01
13253,2026-06-26,Dublin,sale,172.17
13254,2026-06-26,Dublin,sale,97.21
13255,2026-06-26,Dublin,sale,10.06
13256,2026-06-26,Dublin,sale,101.61
13257,2026-06-26,Dublin,sale,158.76
13258,2026-06-26,Dublin,sale,80.19
13259,2026-06-26,Dublin,sale,119.44
13260,2026-06-26,Dublin,sale,41.77
13261,2026-06-26,Dublin,sale,21.55
13262,2026-06-26,Dublin,sale,155.55
13263,2026-06-26,Dublin,sale,135.25
13264,2026-06-26,Dublin,sale,157.89
13265,2026-06-26,Dublin,sale,51.24
13266,2026-06-26,Edinburgh,sale,109.45
13267,2026-06-26,Edinburgh,sale,14.6
13268,2026-06-26,Edinburgh,sale,162.93
13269,2026-06-26,Edinburgh,sale,176.39
13270,2026-06-26,Edinburgh,sale,112.31
13271,2026-06-26,Edinburgh,sale,75.87
13272,2026-06-26,Edinburgh,sale,148.64
13273,2026-06-26,Edinburgh,sale,100.34
13274,2026-06-26,Edinburgh,sale,105.78
13275,2026-06-26,Edinburgh,sale,110.08
13276,2026-06-26,Edinburgh,sale,142.1
13277,2026-06-26,Edinburgh,sale,169.97
13278,2026-06-26,Edinburgh,sale,89.35
13279,2026-06-26,Edinburgh,sale,52.52
13280,2026-06-26,Edinburgh,sale,50.81
13281,2026-06-26,Edinburgh,sale,159.63
13282,2026-06-26,Edinburgh,sale,89.23
13283,2026-06-26,Edinburgh,sale,101.08
13284,2026-06-26,Edinburgh,sale,58.41
13285,2026-06-26,Edinburgh,sale,117.4
13286,2026-06-26,Edinburgh,sale,166.58
13287,2026-06-26,Edinburgh,sale,96.13
13288,2026-06-26,Florence,sale,161.13
13289,2026-06-26,Florence,sale,91.99
13290,2026-06-26,Florence,sale,75.48
13291,2026-06-26,Florence,sale,19.92
13292,2026-06-26,Florence,sale,88.22
13293,2026-06-26,Florence,sale,94.94
13294,2026-06-26,Florence,sale,100.4
13295,2026-06-26,Florence,sale,94.15
13296,2026-06-26,Florence,sale,46.42
13297,2026-06-26,Florence,sale,64.79
13298,2026-06-26,Florence,sale,162.39
13299,2026-06-26,Florence,sale,161.37
13300,2026-06-26,Florence,sale,20.13
13301,2026-06-26,Florence,sale,63.95
13302,2026-06-26,Florence,sale,22.66
13303,2026-06-26,Florence,sale,113.76
13304,2026-06-26,Florence,sale,24.48
13305,2026-06-26,Florence,sale,120.59
13306,2026-06-26,Florence,sale,109.68
13307,2026-06-26,Florence,sale,34.28
13308,2026-06-26,Florence,sale,85.84
13309,2026-06-26,Florence,sale,7.26
13310,2026-06-26,Florence,sale,141.11
13311,2026-06-27,Amsterdam,sale,39.14
13312,2026-06-27,Amsterdam,sale,136.12
13313,2026-06-27,Amsterdam,sale,100.08
13314,2026-06-27,Amsterdam,sale,50.34
13315,2026-06-27,Amsterdam,sale,38.1
13316,2026-06-27,Amsterdam,sale,149.78
13317,2026-06-27,Amsterdam,sale,61.02
13318,2026-06-27,Amsterdam,sale,160.88
13319,2026-06-27,Amsterdam,sale,45.64
13320,2026-06-27,Amsterdam,sale,65.51
13321,2026-06-27,Amsterdam,sale,146.23
13322,2026-06-27,Amsterdam,sale,10.4
13323,2026-06-27,Amsterdam,sale,178.76
13324,2026-06-27,Amsterdam,sale,142.92
13325,2026-06-27,Amsterdam,refund,-132.13
13326,2026-06-27,Amsterdam,sale,111.89
13327,2026-06-27,Amsterdam,sale,89.66
13328,2026-06-27,Amsterdam,sale,97.27
13329,2026-06-27,Amsterdam,refund,-102.13
13330,2026-06-27,Amsterdam,sale,31.4
13331,2026-06-27,Amsterdam,sale,5.5
13332,2026-06-27,Amsterdam,sale,95.97
13333,2026-06-27,Amsterdam,sale,55.44
13334,2026-06-27,Amsterdam,sale,164.55
13335,2026-06-27,Amsterdam,sale,140.4
13336,2026-06-27,Amsterdam,sale,55.87
13337,2026-06-27,Berlin,sale,176.41
13338,2026-06-27,Berlin,sale,88.79
13339,2026-06-27,Berlin,sale,124.54
13340,2026-06-27,Berlin,sale,5.27
13341,2026-06-27,Berlin,sale,64.59
13342,2026-06-27,Berlin,sale,85.94
13343,2026-06-27,Berlin,sale,115.57
13344,2026-06-27,Berlin,sale,23.98
13345,2026-06-27,Berlin,sale,111.66
13346,2026-06-27,Berlin,sale,153.0
13347,2026-06-27,Berlin,sale,97.75
13348,2026-06-27,Berlin,sale,98.57
13349,2026-06-27,Berlin,sale,60.14
13350,2026-06-27,Berlin,sale,27.1
13351,2026-06-27,Berlin,sale,36.53
13352,2026-06-27,Berlin,sale,169.81
13353,2026-06-27,Berlin,sale,36.77
13354,2026-06-27,Berlin,sale,8.1
13355,2026-06-27,Berlin,sale,40.72
13356,2026-06-27,Berlin,sale,72.21
13357,2026-06-27,Berlin,sale,118.07
13358,2026-06-27,Berlin,sale,21.65
13359,2026-06-27,Berlin,sale,51.23
13360,2026-06-27,Berlin,sale,130.91
13361,2026-06-27,Berlin,sale,70.75
13362,2026-06-27,Berlin,sale,119.6
13363,2026-06-27,Berlin,sale,76.58
13364,2026-06-27,Berlin,sale,177.75
13365,2026-06-27,Berlin,sale,96.67
13366,2026-06-27,Berlin,sale,68.48
13367,2026-06-27,Berlin,sale,86.91
13368,2026-06-27,Berlin,sale,154.12
13369,2026-06-27,Berlin,sale,169.59
13370,2026-06-27,Berlin,sale,164.45
13371,2026-06-27,Berlin,sale,27.71
13372,2026-06-27,Berlin,sale,116.01
13373,2026-06-27,Berlin,sale,50.61
13374,2026-06-27,Berlin,sale,147.35
13375,2026-06-27,Berlin,sale,104.86
13376,2026-06-27,Berlin,sale,46.25
13377,2026-06-27,Berlin,sale,151.89
13378,2026-06-27,Berlin,sale,136.6
13379,2026-06-27,Copenhagen,sale,157.28
13380,2026-06-27,Copenhagen,sale,161.85
13381,2026-06-27,Copenhagen,sale,122.35
13382,2026-06-27,Copenhagen,sale,68.28
13383,2026-06-27,Copenhagen,sale,29.37
13384,2026-06-27,Copenhagen,sale,167.17
13385,2026-06-27,Copenhagen,sale,19.53
13386,2026-06-27,Copenhagen,sale,118.2
13387,2026-06-27,Copenhagen,sale,67.91
13388,2026-06-27,Copenhagen,sale,168.18
13389,2026-06-27,Dublin,sale,178.25
13390,2026-06-27,Dublin,sale,54.14
13391,2026-06-27,Dublin,sale,34.18
13392,2026-06-27,Dublin,sale,153.34
13393,2026-06-27,Dublin,sale,88.45
13394,2026-06-27,Dublin,sale,31.54
13395,2026-06-27,Dublin,sale,56.06
13396,2026-06-27,Dublin,sale,142.97
13397,2026-06-27,Dublin,sale,38.58
13398,2026-06-27,Dublin,sale,167.48
13399,2026-06-27,Dublin,sale,134.72
13400,2026-06-27,Dublin,refund,-159.94
13401,2026-06-27,Dublin,sale,108.61
13402,2026-06-27,Dublin,sale,100.0
13403,2026-06-27,Dublin,sale,128.26
13404,2026-06-27,Dublin,sale,176.09
13405,2026-06-27,Dublin,sale,147.13
13406,2026-06-27,Dublin,sale,9.01
13407,2026-06-27,Dublin,sale,85.21
13408,2026-06-27,Dublin,sale,14.98
13409,2026-06-27,Dublin,sale,114.43
13410,2026-06-27,Dublin,sale,54.84
13411,2026-06-27,Dublin,sale,24.69
13412,2026-06-27,Dublin,sale,46.3
13413,2026-06-27,Dublin,sale,39.57
13414,2026-06-27,Dublin,sale,9.5
13415,2026-06-27,Dublin,sale,132.15
13416,2026-06-27,Edinburgh,sale,47.03
13417,2026-06-27,Edinburgh,sale,7.82
13418,2026-06-27,Edinburgh,sale,27.77
13419,2026-06-27,Edinburgh,sale,6.17
13420,2026-06-27,Edinburgh,sale,165.88
13421,2026-06-27,Edinburgh,refund,-47.01
13422,2026-06-27,Edinburgh,sale,156.85
13423,2026-06-27,Edinburgh,sale,95.13
13424,2026-06-27,Edinburgh,sale,138.84
13425,2026-06-27,Edinburgh,sale,63.95
13426,2026-06-27,Edinburgh,sale,28.19
13427,2026-06-27,Edinburgh,sale,165.07
13428,2026-06-27,Edinburgh,sale,32.94
13429,2026-06-27,Edinburgh,sale,129.18
13430,2026-06-27,Edinburgh,sale,41.16
13431,2026-06-27,Edinburgh,sale,162.25
13432,2026-06-27,Florence,sale,69.58
13433,2026-06-27,Florence,sale,140.83
13434,2026-06-27,Florence,sale,58.75
13435,2026-06-27,Florence,sale,61.15
13436,2026-06-27,Florence,sale,73.3
13437,2026-06-27,Florence,sale,14.21
13438,2026-06-27,Florence,sale,151.24
13439,2026-06-27,Florence,sale,80.98
13440,2026-06-27,Florence,sale,58.64
13441,2026-06-27,Florence,sale,128.17
13442,2026-06-27,Florence,sale,51.16
13443,2026-06-27,Florence,sale,28.2
13444,2026-06-27,Florence,sale,173.0
13445,2026-06-27,Florence,sale,132.94
13446,2026-06-27,Florence,sale,56.62
13447,2026-06-27,Florence,sale,70.39
13448,2026-06-27,Florence,sale,47.94
13449,2026-06-27,Florence,sale,118.6
13450,2026-06-28,Amsterdam,sale,10.28
13451,2026-06-28,Amsterdam,sale,33.43
13452,2026-06-28,Amsterdam,sale,53.33
13453,2026-06-28,Amsterdam,sale,27.34
13454,2026-06-28,Amsterdam,sale,167.04
13455,2026-06-28,Amsterdam,sale,71.25
13456,2026-06-28,Amsterdam,sale,126.89
13457,2026-06-28,Amsterdam,refund,-18.17
13458,2026-06-28,Amsterdam,sale,165.59
13459,2026-06-28,Amsterdam,sale,26.84
13460,2026-06-28,Amsterdam,sale,40.79
13461,2026-06-28,Amsterdam,sale,103.91
13462,2026-06-28,Amsterdam,sale,15.4
13463,2026-06-28,Amsterdam,sale,87.22
13464,2026-06-28,Amsterdam,sale,26.88
13465,2026-06-28,Amsterdam,sale,47.81
13466,2026-06-28,Amsterdam,sale,152.3
13467,2026-06-28,Amsterdam,sale,5.7
13468,2026-06-28,Amsterdam,sale,58.13
13469,2026-06-28,Amsterdam,sale,116.14
13470,2026-06-28,Amsterdam,sale,136.15
13471,2026-06-28,Amsterdam,sale,34.8
13472,2026-06-28,Amsterdam,sale,99.05
13473,2026-06-28,Amsterdam,sale,91.7
13474,2026-06-28,Amsterdam,sale,128.39
13475,2026-06-28,Amsterdam,sale,34.6
13476,2026-06-28,Amsterdam,sale,177.35
13477,2026-06-28,Amsterdam,sale,59.09
13478,2026-06-28,Amsterdam,sale,89.35
13479,2026-06-28,Amsterdam,sale,140.83
13480,2026-06-28,Amsterdam,sale,31.66
13481,2026-06-28,Amsterdam,sale,17.25
13482,2026-06-28,Amsterdam,sale,68.41
13483,2026-06-28,Amsterdam,sale,93.81
13484,2026-06-28,Berlin,sale,151.0
13485,2026-06-28,Berlin,sale,79.47
13486,2026-06-28,Berlin,sale,23.33
13487,2026-06-28,Berlin,sale,58.57
13488,2026-06-28,Berlin,sale,83.69
13489,2026-06-28,Berlin,sale,166.07
13490,2026-06-28,Berlin,sale,61.59
13491,2026-06-28,Berlin,sale,21.19
13492,2026-06-28,Berlin,sale,7.92
13493,2026-06-28,Berlin,sale,111.09
13494,2026-06-28,Berlin,sale,140.44
13495,2026-06-28,Berlin,sale,40.32
13496,2026-06-28,Berlin,sale,6.97
13497,2026-06-28,Berlin,sale,121.84
13498,2026-06-28,Berlin,sale,17.53
13499,2026-06-28,Berlin,sale,136.7
13500,2026-06-28,Berlin,sale,152.44
13501,2026-06-28,Berlin,sale,106.26
13502,2026-06-28,Berlin,sale,167.35
13503,2026-06-28,Berlin,sale,170.32
13504,2026-06-28,Berlin,sale,78.4
13505,2026-06-28,Berlin,sale,154.75
13506,2026-06-28,Berlin,sale,143.36
13507,2026-06-28,Berlin,sale,145.18
13508,2026-06-28,Berlin,sale,142.95
13509,2026-06-28,Berlin,sale,89.87
13510,2026-06-28,Berlin,sale,161.07
13511,2026-06-28,Berlin,sale,105.38
13512,2026-06-28,Berlin,sale,47.57
13513,2026-06-28,Berlin,sale,47.87
13514,2026-06-28,Berlin,sale,34.88
13515,2026-06-28,Berlin,sale,61.33
13516,2026-06-28,Berlin,sale,124.21
13517,2026-06-28,Berlin,sale,24.39
13518,2026-06-28,Berlin,sale,31.21
13519,2026-06-28,Berlin,sale,127.93
13520,2026-06-28,Berlin,sale,155.16
13521,2026-06-28,Berlin,sale,85.98
13522,2026-06-28,Berlin,sale,77.21
13523,2026-06-28,Berlin,sale,82.56
13524,2026-06-28,Berlin,sale,38.16
13525,2026-06-28,Copenhagen,sale,9.45
13526,2026-06-28,Copenhagen,sale,174.68
13527,2026-06-28,Copenhagen,sale,15.22
13528,2026-06-28,Copenhagen,sale,119.48
13529,2026-06-28,Copenhagen,sale,141.95
13530,2026-06-28,Copenhagen,sale,115.45
13531,2026-06-28,Copenhagen,sale,17.34
13532,2026-06-28,Copenhagen,sale,22.33
13533,2026-06-28,Dublin,sale,177.13
13534,2026-06-28,Dublin,sale,176.42
13535,2026-06-28,Dublin,sale,139.2
13536,2026-06-28,Dublin,sale,73.69
13537,2026-06-28,Dublin,sale,18.52
13538,2026-06-28,Dublin,sale,108.12
13539,2026-06-28,Dublin,sale,119.92
13540,2026-06-28,Dublin,sale,108.32
13541,2026-06-28,Dublin,sale,64.84
13542,2026-06-28,Dublin,sale,149.04
13543,2026-06-28,Dublin,sale,13.86
13544,2026-06-28,Dublin,sale,126.55
13545,2026-06-28,Dublin,sale,42.72
13546,2026-06-28,Dublin,sale,102.06
13547,2026-06-28,Dublin,sale,102.6
13548,2026-06-28,Dublin,sale,42.2
13549,2026-06-28,Dublin,sale,109.53
13550,2026-06-28,Dublin,sale,140.21
13551,2026-06-28,Dublin,sale,89.61
13552,2026-06-28,Dublin,sale,162.65
13553,2026-06-28,Dublin,sale,11.17
13554,2026-06-28,Dublin,sale,27.18
13555,2026-06-28,Dublin,sale,30.18
13556,2026-06-28,Edinburgh,sale,161.11
13557,2026-06-28,Edinburgh,sale,131.48
13558,2026-06-28,Edinburgh,sale,13.48
13559,2026-06-28,Edinburgh,sale,115.39
13560,2026-06-28,Edinburgh,sale,52.31
13561,2026-06-28,Edinburgh,sale,164.97
13562,2026-06-28,Edinburgh,sale,22.61
13563,2026-06-28,Edinburgh,sale,6.07
13564,2026-06-28,Edinburgh,sale,96.92
13565,2026-06-28,Edinburgh,sale,35.71
13566,2026-06-28,Edinburgh,sale,156.08
13567,2026-06-28,Edinburgh,refund,-124.67
13568,2026-06-28,Edinburgh,sale,137.92
13569,2026-06-28,Edinburgh,sale,78.54
13570,2026-06-28,Edinburgh,sale,72.71
13571,2026-06-28,Edinburgh,sale,52.26
13572,2026-06-28,Edinburgh,sale,18.12
13573,2026-06-28,Edinburgh,sale,39.17
13574,2026-06-28,Edinburgh,sale,179.78
13575,2026-06-28,Edinburgh,sale,60.84
13576,2026-06-28,Edinburgh,sale,45.55
13577,2026-06-28,Edinburgh,sale,95.67
13578,2026-06-28,Edinburgh,sale,43.55
13579,2026-06-28,Florence,sale,15.03
13580,2026-06-28,Florence,sale,149.7
13581,2026-06-28,Florence,sale,10.47
13582,2026-06-28,Florence,sale,175.97
13583,2026-06-28,Florence,sale,84.41
13584,2026-06-28,Florence,sale,132.88
13585,2026-06-28,Florence,sale,24.94
13586,2026-06-28,Florence,sale,91.6
13587,2026-06-28,Florence,sale,91.42
13588,2026-06-28,Florence,sale,34.98
13589,2026-06-28,Florence,refund,-104.33
13590,2026-06-28,Florence,sale,45.72
13591,2026-06-28,Florence,sale,138.52
13592,2026-06-28,Florence,sale,136.3
13593,2026-06-28,Florence,sale,78.66
13594,2026-06-28,Florence,sale,164.5
13595,2026-06-28,Florence,sale,103.05
13596,2026-06-28,Florence,sale,42.7
13597,2026-06-28,Florence,sale,111.11
13598,2026-06-28,Florence,sale,101.73
13599,2026-06-28,Florence,sale,77.22
13600,2026-06-28,Florence,sale,160.24
13601,2026-06-29,Amsterdam,sale,163.03
13602,2026-06-29,Amsterdam,sale,119.8
13603,2026-06-29,Amsterdam,sale,134.48
13604,2026-06-29,Amsterdam,sale,177.65
13605,2026-06-29,Amsterdam,refund,-141.35
13606,2026-06-29,Amsterdam,sale,160.9
13607,2026-06-29,Amsterdam,sale,69.77
13608,2026-06-29,Amsterdam,sale,152.17
13609,2026-06-29,Amsterdam,sale,59.87
13610,2026-06-29,Amsterdam,sale,159.33
13611,2026-06-29,Amsterdam,sale,92.76
13612,2026-06-29,Amsterdam,sale,164.94
13613,2026-06-29,Amsterdam,sale,62.8
13614,2026-06-29,Amsterdam,sale,10.76
13615,2026-06-29,Amsterdam,sale,165.56
13616,2026-06-29,Amsterdam,sale,107.84
13617,2026-06-29,Amsterdam,sale,148.32
13618,2026-06-29,Amsterdam,sale,152.43
13619,2026-06-29,Amsterdam,sale,14.02
13620,2026-06-29,Amsterdam,sale,145.37
13621,2026-06-29,Amsterdam,sale,11.31
13622,2026-06-29,Amsterdam,sale,94.71
13623,2026-06-29,Amsterdam,sale,111.66
13624,2026-06-29,Amsterdam,sale,55.78
13625,2026-06-29,Amsterdam,sale,45.06
13626,2026-06-29,Amsterdam,sale,163.15
13627,2026-06-29,Amsterdam,sale,67.28
13628,2026-06-29,Amsterdam,sale,66.75
13629,2026-06-29,Amsterdam,refund,-70.0
13630,2026-06-29,Amsterdam,sale,37.85
13631,2026-06-29,Amsterdam,sale,37.41
13632,2026-06-29,Amsterdam,sale,71.44
13633,2026-06-29,Amsterdam,sale,87.54
13634,2026-06-29,Berlin,sale,46.53
13635,2026-06-29,Berlin,sale,74.15
13636,2026-06-29,Berlin,sale,115.67
13637,2026-06-29,Berlin,sale,106.54
13638,2026-06-29,Berlin,sale,59.89
13639,2026-06-29,Berlin,sale,154.62
13640,2026-06-29,Berlin,sale,75.98
13641,2026-06-29,Berlin,sale,149.29
13642,2026-06-29,Berlin,sale,8.58
13643,2026-06-29,Berlin,sale,31.05
13644,2026-06-29,Berlin,sale,166.67
13645,2026-06-29,Berlin,sale,107.46
13646,2026-06-29,Berlin,sale,94.55
13647,2026-06-29,Berlin,sale,164.35
13648,2026-06-29,Berlin,sale,74.02
13649,2026-06-29,Berlin,sale,45.4
13650,2026-06-29,Berlin,sale,34.8
13651,2026-06-29,Berlin,sale,37.05
13652,2026-06-29,Berlin,sale,139.41
13653,2026-06-29,Berlin,sale,112.99
13654,2026-06-29,Berlin,sale,143.21
13655,2026-06-29,Berlin,sale,43.51
13656,2026-06-29,Berlin,sale,44.65
13657,2026-06-29,Berlin,sale,56.7
13658,2026-06-29,Berlin,sale,141.69
13659,2026-06-29,Berlin,sale,118.15
13660,2026-06-29,Berlin,sale,62.56
13661,2026-06-29,Berlin,refund,-176.2
13662,2026-06-29,Berlin,sale,20.47
13663,2026-06-29,Berlin,sale,155.36
13664,2026-06-29,Berlin,sale,92.95
13665,2026-06-29,Berlin,sale,76.41
13666,2026-06-29,Berlin,sale,130.82
13667,2026-06-29,Berlin,sale,8.99
13668,2026-06-29,Berlin,sale,133.29
13669,2026-06-29,Berlin,sale,114.45
13670,2026-06-29,Berlin,sale,91.52
13671,2026-06-29,Berlin,refund,-42.55
13672,2026-06-29,Berlin,sale,125.27
13673,2026-06-29,Berlin,sale,107.17
13674,2026-06-29,Berlin,sale,36.91
13675,2026-06-29,Berlin,sale,34.65
13676,2026-06-29,Berlin,sale,40.52
13677,2026-06-29,Berlin,sale,173.16
13678,2026-06-29,Berlin,sale,26.78
13679,2026-06-29,Berlin,sale,107.09
13680,2026-06-29,Copenhagen,sale,155.78
13681,2026-06-29,Copenhagen,refund,-156.74
13682,2026-06-29,Copenhagen,sale,90.27
13683,2026-06-29,Copenhagen,sale,20.82
13684,2026-06-29,Copenhagen,sale,176.28
13685,2026-06-29,Copenhagen,sale,72.31
13686,2026-06-29,Copenhagen,sale,58.31
13687,2026-06-29,Copenhagen,sale,52.43
13688,2026-06-29,Copenhagen,sale,54.63
13689,2026-06-29,Dublin,sale,74.99
13690,2026-06-29,Dublin,sale,88.72
13691,2026-06-29,Dublin,sale,19.12
13692,2026-06-29,Dublin,sale,14.72
13693,2026-06-29,Dublin,sale,32.75
13694,2026-06-29,Dublin,sale,155.04
13695,2026-06-29,Dublin,sale,29.75
13696,2026-06-29,Dublin,sale,60.13
13697,2026-06-29,Dublin,sale,13.15
13698,2026-06-29,Dublin,sale,153.37
13699,2026-06-29,Dublin,sale,159.78
13700,2026-06-29,Dublin,sale,176.34
13701,2026-06-29,Dublin,sale,171.22
13702,2026-06-29,Dublin,sale,29.51
13703,2026-06-29,Dublin,sale,19.12
13704,2026-06-29,Dublin,sale,127.84
13705,2026-06-29,Dublin,sale,50.61
13706,2026-06-29,Dublin,sale,127.03
13707,2026-06-29,Dublin,sale,44.33
13708,2026-06-29,Dublin,sale,159.78
13709,2026-06-29,Edinburgh,sale,164.56
13710,2026-06-29,Edinburgh,sale,79.32
13711,2026-06-29,Edinburgh,sale,116.41
13712,2026-06-29,Edinburgh,sale,15.93
13713,2026-06-29,Edinburgh,sale,82.88
13714,2026-06-29,Edinburgh,sale,147.12
13715,2026-06-29,Edinburgh,sale,102.79
13716,2026-06-29,Edinburgh,sale,108.62
13717,2026-06-29,Edinburgh,sale,26.29
13718,2026-06-29,Edinburgh,sale,132.42
13719,2026-06-29,Edinburgh,sale,102.44
13720,2026-06-29,Edinburgh,sale,54.59
13721,2026-06-29,Edinburgh,sale,179.95
13722,2026-06-29,Edinburgh,sale,135.65
13723,2026-06-29,Edinburgh,sale,153.0
13724,2026-06-29,Edinburgh,sale,168.43
13725,2026-06-29,Edinburgh,sale,32.12
13726,2026-06-29,Edinburgh,sale,14.33
13727,2026-06-29,Edinburgh,sale,147.79
13728,2026-06-29,Edinburgh,sale,41.78
13729,2026-06-29,Florence,sale,16.67
13730,2026-06-29,Florence,sale,179.24
13731,2026-06-29,Florence,sale,96.87
13732,2026-06-29,Florence,sale,50.53
13733,2026-06-29,Florence,sale,56.79
13734,2026-06-29,Florence,sale,166.48
13735,2026-06-29,Florence,sale,21.39
13736,2026-06-29,Florence,sale,7.7
13737,2026-06-29,Florence,sale,12.47
13738,2026-06-29,Florence,sale,43.45
13739,2026-06-29,Florence,sale,112.64
13740,2026-06-29,Florence,sale,105.39
13741,2026-06-29,Florence,sale,9.99
13742,2026-06-29,Florence,sale,140.97
13743,2026-06-29,Florence,sale,135.45
13744,2026-06-29,Florence,sale,97.09
13745,2026-06-29,Florence,sale,76.43
13746,2026-06-29,Florence,sale,60.84
13747,2026-06-29,Florence,sale,15.42
13748,2026-06-29,Florence,sale,38.95
13749,2026-06-29,Florence,sale,22.42
13750,2026-06-30,Amsterdam,sale,70.32
13751,2026-06-30,Amsterdam,sale,45.54
13752,2026-06-30,Amsterdam,sale,27.46
13753,2026-06-30,Amsterdam,sale,103.88
13754,2026-06-30,Amsterdam,sale,32.98
13755,2026-06-30,Amsterdam,sale,97.84
13756,2026-06-30,Amsterdam,sale,133.82
13757,2026-06-30,Amsterdam,sale,83.02
13758,2026-06-30,Amsterdam,sale,75.27
13759,2026-06-30,Amsterdam,sale,156.28
13760,2026-06-30,Amsterdam,sale,66.17
13761,2026-06-30,Amsterdam,sale,170.76
13762,2026-06-30,Amsterdam,sale,140.64
13763,2026-06-30,Amsterdam,sale,85.7
13764,2026-06-30,Amsterdam,sale,59.43
13765,2026-06-30,Amsterdam,sale,148.51
13766,2026-06-30,Amsterdam,sale,155.89
13767,2026-06-30,Amsterdam,sale,33.78
13768,2026-06-30,Amsterdam,sale,58.03
13769,2026-06-30,Amsterdam,sale,62.15
13770,2026-06-30,Amsterdam,sale,40.61
13771,2026-06-30,Amsterdam,sale,50.91
13772,2026-06-30,Amsterdam,sale,85.7
13773,2026-06-30,Amsterdam,sale,66.38
13774,2026-06-30,Amsterdam,sale,85.4
13775,2026-06-30,Amsterdam,sale,177.6
13776,2026-06-30,Amsterdam,sale,44.42
13777,2026-06-30,Amsterdam,sale,87.81
13778,2026-06-30,Amsterdam,sale,13.19
13779,2026-06-30,Berlin,sale,82.78
13780,2026-06-30,Berlin,sale,8.48
13781,2026-06-30,Berlin,sale,97.24
13782,2026-06-30,Berlin,sale,123.18
13783,2026-06-30,Berlin,sale,169.22
13784,2026-06-30,Berlin,sale,81.87
13785,2026-06-30,Berlin,sale,157.0
13786,2026-06-30,Berlin,sale,121.95
13787,2026-06-30,Berlin,sale,17.92
13788,2026-06-30,Berlin,sale,30.82
13789,2026-06-30,Berlin,sale,34.99
13790,2026-06-30,Berlin,sale,76.03
13791,2026-06-30,Berlin,sale,30.73
13792,2026-06-30,Berlin,sale,14.35
13793,2026-06-30,Berlin,sale,46.53
13794,2026-06-30,Berlin,sale,114.11
13795,2026-06-30,Berlin,sale,16.64
13796,2026-06-30,Berlin,sale,62.89
13797,2026-06-30,Berlin,sale,55.2
13798,2026-06-30,Berlin,sale,120.31
13799,2026-06-30,Berlin,sale,107.58
13800,2026-06-30,Berlin,sale,88.67
13801,2026-06-30,Berlin,sale,8.11
13802,2026-06-30,Berlin,sale,71.79
13803,2026-06-30,Berlin,sale,160.63
13804,2026-06-30,Berlin,sale,56.79
13805,2026-06-30,Berlin,sale,93.08
13806,2026-06-30,Berlin,sale,137.81
13807,2026-06-30,Berlin,sale,78.36
13808,2026-06-30,Berlin,sale,73.39
13809,2026-06-30,Berlin,sale,85.76
13810,2026-06-30,Berlin,sale,77.23
13811,2026-06-30,Berlin,sale,26.46
13812,2026-06-30,Berlin,sale,22.26
13813,2026-06-30,Berlin,sale,18.47
13814,2026-06-30,Berlin,refund,-133.44
13815,2026-06-30,Berlin,sale,70.91
13816,2026-06-30,Berlin,sale,80.69
13817,2026-06-30,Berlin,sale,5.69
13818,2026-06-30,Berlin,sale,40.64
13819,2026-06-30,Copenhagen,sale,8.52
13820,2026-06-30,Copenhagen,sale,16.95
13821,2026-06-30,Copenhagen,sale,95.84
13822,2026-06-30,Copenhagen,refund,-40.59
13823,2026-06-30,Copenhagen,refund,-118.26
13824,2026-06-30,Copenhagen,sale,170.03
13825,2026-06-30,Copenhagen,sale,139.98
13826,2026-06-30,Copenhagen,refund,-159.25
13827,2026-06-30,Dublin,sale,42.44
13828,2026-06-30,Dublin,sale,58.34
13829,2026-06-30,Dublin,sale,27.92
13830,2026-06-30,Dublin,sale,124.74
13831,2026-06-30,Dublin,sale,118.76
13832,2026-06-30,Dublin,sale,65.02
13833,2026-06-30,Dublin,sale,117.14
13834,2026-06-30,Dublin,sale,16.09
13835,2026-06-30,Dublin,sale,155.03
13836,2026-06-30,Dublin,sale,82.4
13837,2026-06-30,Dublin,sale,38.86
13838,2026-06-30,Dublin,sale,92.3
13839,2026-06-30,Dublin,sale,7.99
13840,2026-06-30,Dublin,sale,119.21
13841,2026-06-30,Dublin,sale,133.72
13842,2026-06-30,Dublin,sale,6.7
13843,2026-06-30,Dublin,sale,20.81
13844,2026-06-30,Dublin,sale,135.82
13845,2026-06-30,Dublin,sale,148.3
13846,2026-06-30,Dublin,sale,24.19
13847,2026-06-30,Dublin,sale,25.63
13848,2026-06-30,Dublin,sale,119.56
13849,2026-06-30,Dublin,sale,31.61
13850,2026-06-30,Edinburgh,sale,87.74
13851,2026-06-30,Edinburgh,sale,28.83
13852,2026-06-30,Edinburgh,sale,118.3
13853,2026-06-30,Edinburgh,sale,104.55
13854,2026-06-30,Edinburgh,sale,40.27
13855,2026-06-30,Edinburgh,sale,33.58
13856,2026-06-30,Edinburgh,sale,85.17
13857,2026-06-30,Edinburgh,sale,108.83
13858,2026-06-30,Edinburgh,sale,95.19
13859,2026-06-30,Edinburgh,sale,51.47
13860,2026-06-30,Edinburgh,sale,103.26
13861,2026-06-30,Edinburgh,sale,95.47
13862,2026-06-30,Edinburgh,sale,177.27
13863,2026-06-30,Edinburgh,sale,74.51
13864,2026-06-30,Edinburgh,sale,179.11
13865,2026-06-30,Edinburgh,sale,152.66
13866,2026-06-30,Florence,refund,-15.53
13867,2026-06-30,Florence,sale,139.49
13868,2026-06-30,Florence,sale,121.11
13869,2026-06-30,Florence,sale,46.47
13870,2026-06-30,Florence,sale,128.51
13871,2026-06-30,Florence,sale,34.12
13872,2026-06-30,Florence,sale,96.97
13873,2026-06-30,Florence,sale,125.04
13874,2026-06-30,Florence,sale,141.7
13875,2026-06-30,Florence,sale,133.2
13876,2026-06-30,Florence,sale,91.53
13877,2026-06-30,Florence,sale,173.27
13878,2026-06-30,Florence,sale,7.0
13879,2026-06-30,Florence,sale,46.87
13880,2026-06-30,Florence,sale,92.45
13881,2026-06-30,Florence,sale,98.49
13882,2026-06-30,Florence,sale,107.67
13883,2026-06-30,Florence,sale,58.72
13884,2026-06-30,Florence,sale,33.18
13885,2026-06-30,Florence,sale,141.58
13886,2026-06-30,Florence,sale,86.0
